experiment,season,seed,method,status,objective,runtime_seconds,mip_gap,best_bound,gap_to_best_bound,adp_aware_objective,optimal_gap,optimal_gap_pct,draft_position,delta,points_scenario,position_scenario,roster_scale,roster_size,num_players,num_positions,approx_variable_count,approx_constraint_count,num_teams,player_demand_ratio,sigma_adp,source_file,source_run,source_root,adp_aware_status,adp_aware_objective_ref,adp_aware_mip_gap_ref,adp_aware_best_bound_ref
N4_scale_s1_ratio1,9999,0,ADP-aware ILP,OPTIMAL,7672.06,0.0324599742889404,0.0,7672.06,0.0,7672.06,,,6,0.0,normal,roster_ratio,1,16,192,9,4992,5209,12,1,30.0,experiments/synthetic/N4_scaling/s1_ratio1/summary/benchmark_results.csv,s1_ratio1,experiments/synthetic/N4_scaling,OPTIMAL,7672.06,0.0,7672.06
N4_scale_s1_ratio1,9999,0,Direct Greedy,OPTIMAL,7228.52,0.0103212920002988,,,,7672.06,443.54,0.0578123737301324,6,0.0,normal,roster_ratio,1,16,192,9,4992,5209,12,1,30.0,experiments/synthetic/N4_scaling/s1_ratio1/summary/benchmark_results.csv,s1_ratio1,experiments/synthetic/N4_scaling,OPTIMAL,7672.06,0.0,7672.06
N4_scale_s1_ratio1,9999,0,Opportunity Cost Greedy,OPTIMAL,7387.13,0.0110067079995133,,,,7672.06,284.9299999999994,0.0371386563713004,6,0.0,normal,roster_ratio,1,16,192,9,4992,5209,12,1,30.0,experiments/synthetic/N4_scaling/s1_ratio1/summary/benchmark_results.csv,s1_ratio1,experiments/synthetic/N4_scaling,OPTIMAL,7672.06,0.0,7672.06
N4_scale_s1_ratio1,9999,1,ADP-aware ILP,OPTIMAL,7582.809999999999,0.0196309089660644,0.0,7582.809999999999,0.0,7582.809999999999,,,6,0.0,normal,roster_ratio,1,16,192,9,4992,5209,12,1,30.0,experiments/synthetic/N4_scaling/s1_ratio1/summary/benchmark_results.csv,s1_ratio1,experiments/synthetic/N4_scaling,OPTIMAL,7582.809999999999,0.0,7582.809999999999
N4_scale_s1_ratio1,9999,1,Direct Greedy,OPTIMAL,6798.08,0.0095907499999157,,,,7582.809999999999,784.7299999999987,0.1034880209315542,6,0.0,normal,roster_ratio,1,16,192,9,4992,5209,12,1,30.0,experiments/synthetic/N4_scaling/s1_ratio1/summary/benchmark_results.csv,s1_ratio1,experiments/synthetic/N4_scaling,OPTIMAL,7582.809999999999,0.0,7582.809999999999
N4_scale_s1_ratio1,9999,1,Opportunity Cost Greedy,OPTIMAL,7305.59,0.0111229170006481,,,,7582.809999999999,277.21999999999844,0.0365590064896784,6,0.0,normal,roster_ratio,1,16,192,9,4992,5209,12,1,30.0,experiments/synthetic/N4_scaling/s1_ratio1/summary/benchmark_results.csv,s1_ratio1,experiments/synthetic/N4_scaling,OPTIMAL,7582.809999999999,0.0,7582.809999999999
N4_scale_s1_ratio1,9999,2,ADP-aware ILP,OPTIMAL,7578.560000000002,0.0178890228271484,0.0,7578.560000000002,0.0,7578.560000000002,,,6,0.0,normal,roster_ratio,1,16,192,9,4992,5209,12,1,30.0,experiments/synthetic/N4_scaling/s1_ratio1/summary/benchmark_results.csv,s1_ratio1,experiments/synthetic/N4_scaling,OPTIMAL,7578.560000000002,0.0,7578.560000000002
N4_scale_s1_ratio1,9999,2,Direct Greedy,OPTIMAL,6941.11,0.0099902080000902,,,,7578.560000000002,637.4500000000025,0.0841122851834652,6,0.0,normal,roster_ratio,1,16,192,9,4992,5209,12,1,30.0,experiments/synthetic/N4_scaling/s1_ratio1/summary/benchmark_results.csv,s1_ratio1,experiments/synthetic/N4_scaling,OPTIMAL,7578.560000000002,0.0,7578.560000000002
N4_scale_s1_ratio1,9999,2,Opportunity Cost Greedy,OPTIMAL,7347.84,0.0111957500002972,,,,7578.560000000002,230.72000000000207,0.0304437782375546,6,0.0,normal,roster_ratio,1,16,192,9,4992,5209,12,1,30.0,experiments/synthetic/N4_scaling/s1_ratio1/summary/benchmark_results.csv,s1_ratio1,experiments/synthetic/N4_scaling,OPTIMAL,7578.560000000002,0.0,7578.560000000002
N4_scale_s1_ratio1,9999,3,ADP-aware ILP,OPTIMAL,7842.23,0.0180869102478027,0.0,7842.23,0.0,7842.23,,,6,0.0,normal,roster_ratio,1,16,192,9,4992,5209,12,1,30.0,experiments/synthetic/N4_scaling/s1_ratio1/summary/benchmark_results.csv,s1_ratio1,experiments/synthetic/N4_scaling,OPTIMAL,7842.23,0.0,7842.23
N4_scale_s1_ratio1,9999,3,Direct Greedy,OPTIMAL,7238.11,0.0097129589994438,,,,7842.23,604.1200000000008,0.0770342109323497,6,0.0,normal,roster_ratio,1,16,192,9,4992,5209,12,1,30.0,experiments/synthetic/N4_scaling/s1_ratio1/summary/benchmark_results.csv,s1_ratio1,experiments/synthetic/N4_scaling,OPTIMAL,7842.23,0.0,7842.23
N4_scale_s1_ratio1,9999,3,Opportunity Cost Greedy,OPTIMAL,7733.040000000001,0.0113350840001658,,,,7842.23,109.1899999999996,0.0139233355818433,6,0.0,normal,roster_ratio,1,16,192,9,4992,5209,12,1,30.0,experiments/synthetic/N4_scaling/s1_ratio1/summary/benchmark_results.csv,s1_ratio1,experiments/synthetic/N4_scaling,OPTIMAL,7842.23,0.0,7842.23
N4_scale_s1_ratio1,9999,4,ADP-aware ILP,OPTIMAL,7724.710000000001,0.0191190242767334,0.0,7724.710000000001,0.0,7724.710000000001,,,6,0.0,normal,roster_ratio,1,16,192,9,4992,5209,12,1,30.0,experiments/synthetic/N4_scaling/s1_ratio1/summary/benchmark_results.csv,s1_ratio1,experiments/synthetic/N4_scaling,OPTIMAL,7724.710000000001,0.0,7724.710000000001
N4_scale_s1_ratio1,9999,4,Direct Greedy,OPTIMAL,7074.41,0.0101261250001698,,,,7724.710000000001,650.3000000000011,0.0841843900936088,6,0.0,normal,roster_ratio,1,16,192,9,4992,5209,12,1,30.0,experiments/synthetic/N4_scaling/s1_ratio1/summary/benchmark_results.csv,s1_ratio1,experiments/synthetic/N4_scaling,OPTIMAL,7724.710000000001,0.0,7724.710000000001
N4_scale_s1_ratio1,9999,4,Opportunity Cost Greedy,OPTIMAL,7472.209999999999,0.0106837080002151,,,,7724.710000000001,252.50000000000185,0.0326873112388687,6,0.0,normal,roster_ratio,1,16,192,9,4992,5209,12,1,30.0,experiments/synthetic/N4_scaling/s1_ratio1/summary/benchmark_results.csv,s1_ratio1,experiments/synthetic/N4_scaling,OPTIMAL,7724.710000000001,0.0,7724.710000000001
N4_scale_s1_ratio10,9999,0,ADP-aware ILP,OPTIMAL,10141.96,0.3095488548278808,0.0,10141.96,0.0,10141.96,,,6,0.0,normal,roster_ratio,1,16,1920,9,49920,51865,12,10,30.0,experiments/synthetic/N4_scaling/s1_ratio10/summary/benchmark_results.csv,s1_ratio10,experiments/synthetic/N4_scaling,OPTIMAL,10141.96,0.0,10141.96
N4_scale_s1_ratio10,9999,0,Direct Greedy,OPTIMAL,9811.48,0.1133616670003903,,,,10141.96,330.4800000000014,0.0325854174143855,6,0.0,normal,roster_ratio,1,16,1920,9,49920,51865,12,10,30.0,experiments/synthetic/N4_scaling/s1_ratio10/summary/benchmark_results.csv,s1_ratio10,experiments/synthetic/N4_scaling,OPTIMAL,10141.96,0.0,10141.96
N4_scale_s1_ratio10,9999,0,Opportunity Cost Greedy,OPTIMAL,10023.73,0.0939279170006557,,,,10141.96,118.23000000000138,0.0116575099882075,6,0.0,normal,roster_ratio,1,16,1920,9,49920,51865,12,10,30.0,experiments/synthetic/N4_scaling/s1_ratio10/summary/benchmark_results.csv,s1_ratio10,experiments/synthetic/N4_scaling,OPTIMAL,10141.96,0.0,10141.96
N4_scale_s1_ratio10,9999,1,ADP-aware ILP,OPTIMAL,10301.160000000002,0.4238619804382324,0.0,10301.160000000002,0.0,10301.160000000002,,,6,0.0,normal,roster_ratio,1,16,1920,9,49920,51865,12,10,30.0,experiments/synthetic/N4_scaling/s1_ratio10/summary/benchmark_results.csv,s1_ratio10,experiments/synthetic/N4_scaling,OPTIMAL,10301.160000000002,0.0,10301.160000000002
N4_scale_s1_ratio10,9999,1,Direct Greedy,OPTIMAL,9965.34,0.0870164590005515,,,,10301.160000000002,335.8200000000015,0.0326002120149576,6,0.0,normal,roster_ratio,1,16,1920,9,49920,51865,12,10,30.0,experiments/synthetic/N4_scaling/s1_ratio10/summary/benchmark_results.csv,s1_ratio10,experiments/synthetic/N4_scaling,OPTIMAL,10301.160000000002,0.0,10301.160000000002
N4_scale_s1_ratio10,9999,1,Opportunity Cost Greedy,OPTIMAL,10169.86,0.0944335840003987,,,,10301.160000000002,131.3000000000011,0.0127461373282233,6,0.0,normal,roster_ratio,1,16,1920,9,49920,51865,12,10,30.0,experiments/synthetic/N4_scaling/s1_ratio10/summary/benchmark_results.csv,s1_ratio10,experiments/synthetic/N4_scaling,OPTIMAL,10301.160000000002,0.0,10301.160000000002
N4_scale_s1_ratio10,9999,2,ADP-aware ILP,OPTIMAL,10420.679999999998,0.284585952758789,0.0,10420.68,1.7455572990878295e-16,10420.679999999998,,,6,0.0,normal,roster_ratio,1,16,1920,9,49920,51865,12,10,30.0,experiments/synthetic/N4_scaling/s1_ratio10/summary/benchmark_results.csv,s1_ratio10,experiments/synthetic/N4_scaling,OPTIMAL,10420.679999999998,0.0,10420.68
N4_scale_s1_ratio10,9999,2,Direct Greedy,OPTIMAL,9902.62,0.0871989160004886,,,,10420.679999999998,518.0599999999995,0.0497146059566169,6,0.0,normal,roster_ratio,1,16,1920,9,49920,51865,12,10,30.0,experiments/synthetic/N4_scaling/s1_ratio10/summary/benchmark_results.csv,s1_ratio10,experiments/synthetic/N4_scaling,OPTIMAL,10420.679999999998,0.0,10420.68
N4_scale_s1_ratio10,9999,2,Opportunity Cost Greedy,OPTIMAL,10229.95,0.0941275000004679,,,,10420.679999999998,190.72999999999777,0.0183030282092913,6,0.0,normal,roster_ratio,1,16,1920,9,49920,51865,12,10,30.0,experiments/synthetic/N4_scaling/s1_ratio10/summary/benchmark_results.csv,s1_ratio10,experiments/synthetic/N4_scaling,OPTIMAL,10420.679999999998,0.0,10420.68
N4_scale_s1_ratio10,9999,3,ADP-aware ILP,OPTIMAL,10151.160000000002,0.3111050128936767,0.0,10151.160000000002,0.0,10151.160000000002,,,6,0.0,normal,roster_ratio,1,16,1920,9,49920,51865,12,10,30.0,experiments/synthetic/N4_scaling/s1_ratio10/summary/benchmark_results.csv,s1_ratio10,experiments/synthetic/N4_scaling,OPTIMAL,10151.160000000002,0.0,10151.160000000002
N4_scale_s1_ratio10,9999,3,Direct Greedy,OPTIMAL,9913.15,0.0861605000000054,,,,10151.160000000002,238.01000000000204,0.0234465814744326,6,0.0,normal,roster_ratio,1,16,1920,9,49920,51865,12,10,30.0,experiments/synthetic/N4_scaling/s1_ratio10/summary/benchmark_results.csv,s1_ratio10,experiments/synthetic/N4_scaling,OPTIMAL,10151.160000000002,0.0,10151.160000000002
N4_scale_s1_ratio10,9999,3,Opportunity Cost Greedy,OPTIMAL,10039.79,0.0921280000002298,,,,10151.160000000002,111.3700000000008,0.0109711599462525,6,0.0,normal,roster_ratio,1,16,1920,9,49920,51865,12,10,30.0,experiments/synthetic/N4_scaling/s1_ratio10/summary/benchmark_results.csv,s1_ratio10,experiments/synthetic/N4_scaling,OPTIMAL,10151.160000000002,0.0,10151.160000000002
N4_scale_s1_ratio10,9999,4,ADP-aware ILP,OPTIMAL,10309.66,0.4499330520629883,0.0,10309.66,0.0,10309.66,,,6,0.0,normal,roster_ratio,1,16,1920,9,49920,51865,12,10,30.0,experiments/synthetic/N4_scaling/s1_ratio10/summary/benchmark_results.csv,s1_ratio10,experiments/synthetic/N4_scaling,OPTIMAL,10309.66,0.0,10309.66
N4_scale_s1_ratio10,9999,4,Direct Greedy,OPTIMAL,9988.08,0.0863348749999204,,,,10309.66,321.5799999999999,0.0311921052682629,6,0.0,normal,roster_ratio,1,16,1920,9,49920,51865,12,10,30.0,experiments/synthetic/N4_scaling/s1_ratio10/summary/benchmark_results.csv,s1_ratio10,experiments/synthetic/N4_scaling,OPTIMAL,10309.66,0.0,10309.66
N4_scale_s1_ratio10,9999,4,Opportunity Cost Greedy,OPTIMAL,10228.83,0.0934136249998118,,,,10309.66,80.82999999999993,0.0078402197550646,6,0.0,normal,roster_ratio,1,16,1920,9,49920,51865,12,10,30.0,experiments/synthetic/N4_scaling/s1_ratio10/summary/benchmark_results.csv,s1_ratio10,experiments/synthetic/N4_scaling,OPTIMAL,10309.66,0.0,10309.66
N4_scale_s1_ratio3,9999,0,ADP-aware ILP,OPTIMAL,9284.73,0.0660960674285888,0.0,9284.73,0.0,9284.73,,,6,0.0,normal,roster_ratio,1,16,576,9,14976,15577,12,3,30.0,experiments/synthetic/N4_scaling/s1_ratio3/summary/benchmark_results.csv,s1_ratio3,experiments/synthetic/N4_scaling,OPTIMAL,9284.73,0.0,9284.73
N4_scale_s1_ratio3,9999,0,Direct Greedy,OPTIMAL,8665.29,0.026830417000383,,,,9284.73,619.4400000000005,0.0667159949723902,6,0.0,normal,roster_ratio,1,16,576,9,14976,15577,12,3,30.0,experiments/synthetic/N4_scaling/s1_ratio3/summary/benchmark_results.csv,s1_ratio3,experiments/synthetic/N4_scaling,OPTIMAL,9284.73,0.0,9284.73
N4_scale_s1_ratio3,9999,0,Opportunity Cost Greedy,OPTIMAL,9018.77,0.0293006669999158,,,,9284.73,265.96000000000095,0.0286448825113924,6,0.0,normal,roster_ratio,1,16,576,9,14976,15577,12,3,30.0,experiments/synthetic/N4_scaling/s1_ratio3/summary/benchmark_results.csv,s1_ratio3,experiments/synthetic/N4_scaling,OPTIMAL,9284.73,0.0,9284.73
N4_scale_s1_ratio3,9999,1,ADP-aware ILP,OPTIMAL,9007.140000000003,0.0632870197296142,0.0,9007.140000000003,0.0,9007.140000000003,,,6,0.0,normal,roster_ratio,1,16,576,9,14976,15577,12,3,30.0,experiments/synthetic/N4_scaling/s1_ratio3/summary/benchmark_results.csv,s1_ratio3,experiments/synthetic/N4_scaling,OPTIMAL,9007.140000000003,0.0,9007.140000000003
N4_scale_s1_ratio3,9999,1,Direct Greedy,OPTIMAL,8479.189999999999,0.0268483749996448,,,,9007.140000000003,527.9500000000044,0.0586146101870298,6,0.0,normal,roster_ratio,1,16,576,9,14976,15577,12,3,30.0,experiments/synthetic/N4_scaling/s1_ratio3/summary/benchmark_results.csv,s1_ratio3,experiments/synthetic/N4_scaling,OPTIMAL,9007.140000000003,0.0,9007.140000000003
N4_scale_s1_ratio3,9999,1,Opportunity Cost Greedy,OPTIMAL,8878.15,0.0297078749999855,,,,9007.140000000003,128.99000000000342,0.0143208610058246,6,0.0,normal,roster_ratio,1,16,576,9,14976,15577,12,3,30.0,experiments/synthetic/N4_scaling/s1_ratio3/summary/benchmark_results.csv,s1_ratio3,experiments/synthetic/N4_scaling,OPTIMAL,9007.140000000003,0.0,9007.140000000003
N4_scale_s1_ratio3,9999,2,ADP-aware ILP,OPTIMAL,9347.04,0.0729949474334716,0.0,9347.04,0.0,9347.04,,,6,0.0,normal,roster_ratio,1,16,576,9,14976,15577,12,3,30.0,experiments/synthetic/N4_scaling/s1_ratio3/summary/benchmark_results.csv,s1_ratio3,experiments/synthetic/N4_scaling,OPTIMAL,9347.04,0.0,9347.04
N4_scale_s1_ratio3,9999,2,Direct Greedy,OPTIMAL,8767.36,0.0278730419995554,,,,9347.04,579.6800000000003,0.0620174943083586,6,0.0,normal,roster_ratio,1,16,576,9,14976,15577,12,3,30.0,experiments/synthetic/N4_scaling/s1_ratio3/summary/benchmark_results.csv,s1_ratio3,experiments/synthetic/N4_scaling,OPTIMAL,9347.04,0.0,9347.04
N4_scale_s1_ratio3,9999,2,Opportunity Cost Greedy,OPTIMAL,9227.43,0.0302956670002458,,,,9347.04,119.61000000000058,0.0127965644738869,6,0.0,normal,roster_ratio,1,16,576,9,14976,15577,12,3,30.0,experiments/synthetic/N4_scaling/s1_ratio3/summary/benchmark_results.csv,s1_ratio3,experiments/synthetic/N4_scaling,OPTIMAL,9347.04,0.0,9347.04
N4_scale_s1_ratio3,9999,3,ADP-aware ILP,OPTIMAL,9275.71,0.0718138217926025,0.0,9275.71,1.9610244429222734e-16,9275.71,,,6,0.0,normal,roster_ratio,1,16,576,9,14976,15577,12,3,30.0,experiments/synthetic/N4_scaling/s1_ratio3/summary/benchmark_results.csv,s1_ratio3,experiments/synthetic/N4_scaling,OPTIMAL,9275.71,0.0,9275.71
N4_scale_s1_ratio3,9999,3,Direct Greedy,OPTIMAL,8908.869999999999,0.0274541250000766,,,,9275.71,366.84000000000015,0.0395484550508802,6,0.0,normal,roster_ratio,1,16,576,9,14976,15577,12,3,30.0,experiments/synthetic/N4_scaling/s1_ratio3/summary/benchmark_results.csv,s1_ratio3,experiments/synthetic/N4_scaling,OPTIMAL,9275.71,0.0,9275.71
N4_scale_s1_ratio3,9999,3,Opportunity Cost Greedy,OPTIMAL,9122.01,0.0313539170001604,,,,9275.71,153.6999999999989,0.0165701601279038,6,0.0,normal,roster_ratio,1,16,576,9,14976,15577,12,3,30.0,experiments/synthetic/N4_scaling/s1_ratio3/summary/benchmark_results.csv,s1_ratio3,experiments/synthetic/N4_scaling,OPTIMAL,9275.71,0.0,9275.71
N4_scale_s1_ratio3,9999,4,ADP-aware ILP,OPTIMAL,9270.51,0.0702190399169921,0.0,9270.51,0.0,9270.51,,,6,0.0,normal,roster_ratio,1,16,576,9,14976,15577,12,3,30.0,experiments/synthetic/N4_scaling/s1_ratio3/summary/benchmark_results.csv,s1_ratio3,experiments/synthetic/N4_scaling,OPTIMAL,9270.51,0.0,9270.51
N4_scale_s1_ratio3,9999,4,Direct Greedy,OPTIMAL,8805.25,0.026901333000751,,,,9270.51,465.2600000000002,0.05018709866016,6,0.0,normal,roster_ratio,1,16,576,9,14976,15577,12,3,30.0,experiments/synthetic/N4_scaling/s1_ratio3/summary/benchmark_results.csv,s1_ratio3,experiments/synthetic/N4_scaling,OPTIMAL,9270.51,0.0,9270.51
N4_scale_s1_ratio3,9999,4,Opportunity Cost Greedy,OPTIMAL,9026.21,0.0294236660001843,,,,9270.51,244.3000000000011,0.0263523797504129,6,0.0,normal,roster_ratio,1,16,576,9,14976,15577,12,3,30.0,experiments/synthetic/N4_scaling/s1_ratio3/summary/benchmark_results.csv,s1_ratio3,experiments/synthetic/N4_scaling,OPTIMAL,9270.51,0.0,9270.51
N4_scale_s2_ratio1,9999,0,ADP-aware ILP,OPTIMAL,14021.200000000006,0.0605931282043457,0.0,14021.200000000006,0.0,14021.200000000006,,,6,0.0,normal,roster_ratio,2,32,384,9,16128,16553,12,1,30.0,experiments/synthetic/N4_scaling/s2_ratio1/summary/benchmark_results.csv,s2_ratio1,experiments/synthetic/N4_scaling,OPTIMAL,14021.200000000006,0.0,14021.200000000006
N4_scale_s2_ratio1,9999,0,Direct Greedy,OPTIMAL,13129.53,0.0194860000001426,,,,14021.200000000006,891.6700000000073,0.0635944141728245,6,0.0,normal,roster_ratio,2,32,384,9,16128,16553,12,1,30.0,experiments/synthetic/N4_scaling/s2_ratio1/summary/benchmark_results.csv,s2_ratio1,experiments/synthetic/N4_scaling,OPTIMAL,14021.200000000006,0.0,14021.200000000006
N4_scale_s2_ratio1,9999,0,Opportunity Cost Greedy,OPTIMAL,13603.03,0.0225030410001636,,,,14021.200000000006,418.17000000000553,0.0298241234701741,6,0.0,normal,roster_ratio,2,32,384,9,16128,16553,12,1,30.0,experiments/synthetic/N4_scaling/s2_ratio1/summary/benchmark_results.csv,s2_ratio1,experiments/synthetic/N4_scaling,OPTIMAL,14021.200000000006,0.0,14021.200000000006
N4_scale_s2_ratio1,9999,1,ADP-aware ILP,OPTIMAL,14109.759999999998,0.0595631599426269,0.0,14109.759999999998,0.0,14109.759999999998,,,6,0.0,normal,roster_ratio,2,32,384,9,16128,16553,12,1,30.0,experiments/synthetic/N4_scaling/s2_ratio1/summary/benchmark_results.csv,s2_ratio1,experiments/synthetic/N4_scaling,OPTIMAL,14109.759999999998,0.0,14109.759999999998
N4_scale_s2_ratio1,9999,1,Direct Greedy,OPTIMAL,13227.27,0.0182893339997463,,,,14109.759999999998,882.489999999998,0.0625446499444354,6,0.0,normal,roster_ratio,2,32,384,9,16128,16553,12,1,30.0,experiments/synthetic/N4_scaling/s2_ratio1/summary/benchmark_results.csv,s2_ratio1,experiments/synthetic/N4_scaling,OPTIMAL,14109.759999999998,0.0,14109.759999999998
N4_scale_s2_ratio1,9999,1,Opportunity Cost Greedy,OPTIMAL,13766.91,0.022156332999657,,,,14109.759999999998,342.84999999999854,0.0242987832535775,6,0.0,normal,roster_ratio,2,32,384,9,16128,16553,12,1,30.0,experiments/synthetic/N4_scaling/s2_ratio1/summary/benchmark_results.csv,s2_ratio1,experiments/synthetic/N4_scaling,OPTIMAL,14109.759999999998,0.0,14109.759999999998
N4_scale_s2_ratio1,9999,2,ADP-aware ILP,OPTIMAL,14121.9,0.0566818714141845,0.0,14121.9,0.0,14121.9,,,6,0.0,normal,roster_ratio,2,32,384,9,16128,16553,12,1,30.0,experiments/synthetic/N4_scaling/s2_ratio1/summary/benchmark_results.csv,s2_ratio1,experiments/synthetic/N4_scaling,OPTIMAL,14121.9,0.0,14121.9
N4_scale_s2_ratio1,9999,2,Direct Greedy,OPTIMAL,13152.57,0.0185851659998661,,,,14121.9,969.33,0.0686401971406113,6,0.0,normal,roster_ratio,2,32,384,9,16128,16553,12,1,30.0,experiments/synthetic/N4_scaling/s2_ratio1/summary/benchmark_results.csv,s2_ratio1,experiments/synthetic/N4_scaling,OPTIMAL,14121.9,0.0,14121.9
N4_scale_s2_ratio1,9999,2,Opportunity Cost Greedy,OPTIMAL,13899.09,0.0225586670003394,,,,14121.9,222.8099999999995,0.015777621991375,6,0.0,normal,roster_ratio,2,32,384,9,16128,16553,12,1,30.0,experiments/synthetic/N4_scaling/s2_ratio1/summary/benchmark_results.csv,s2_ratio1,experiments/synthetic/N4_scaling,OPTIMAL,14121.9,0.0,14121.9
N4_scale_s2_ratio1,9999,3,ADP-aware ILP,OPTIMAL,14578.77,0.0605459213256835,0.0,14578.77,0.0,14578.77,,,6,0.0,normal,roster_ratio,2,32,384,9,16128,16553,12,1,30.0,experiments/synthetic/N4_scaling/s2_ratio1/summary/benchmark_results.csv,s2_ratio1,experiments/synthetic/N4_scaling,OPTIMAL,14578.77,0.0,14578.77
N4_scale_s2_ratio1,9999,3,Direct Greedy,OPTIMAL,13525.82,0.0184881249997488,,,,14578.77,1052.9500000000007,0.0722248859128719,6,0.0,normal,roster_ratio,2,32,384,9,16128,16553,12,1,30.0,experiments/synthetic/N4_scaling/s2_ratio1/summary/benchmark_results.csv,s2_ratio1,experiments/synthetic/N4_scaling,OPTIMAL,14578.77,0.0,14578.77
N4_scale_s2_ratio1,9999,3,Opportunity Cost Greedy,OPTIMAL,14262.72,0.0213182500001494,,,,14578.77,316.0500000000011,0.0216787836010857,6,0.0,normal,roster_ratio,2,32,384,9,16128,16553,12,1,30.0,experiments/synthetic/N4_scaling/s2_ratio1/summary/benchmark_results.csv,s2_ratio1,experiments/synthetic/N4_scaling,OPTIMAL,14578.77,0.0,14578.77
N4_scale_s2_ratio1,9999,4,ADP-aware ILP,OPTIMAL,14578.670000000004,0.0570011138916015,0.0,14578.670000000004,0.0,14578.670000000004,,,6,0.0,normal,roster_ratio,2,32,384,9,16128,16553,12,1,30.0,experiments/synthetic/N4_scaling/s2_ratio1/summary/benchmark_results.csv,s2_ratio1,experiments/synthetic/N4_scaling,OPTIMAL,14578.670000000004,0.0,14578.670000000004
N4_scale_s2_ratio1,9999,4,Direct Greedy,OPTIMAL,13626.95,0.0184365420000176,,,,14578.670000000004,951.720000000003,0.065281675214543,6,0.0,normal,roster_ratio,2,32,384,9,16128,16553,12,1,30.0,experiments/synthetic/N4_scaling/s2_ratio1/summary/benchmark_results.csv,s2_ratio1,experiments/synthetic/N4_scaling,OPTIMAL,14578.670000000004,0.0,14578.670000000004
N4_scale_s2_ratio1,9999,4,Opportunity Cost Greedy,OPTIMAL,14121.15,0.0215487080004095,,,,14578.670000000004,457.5200000000041,0.0313828353340876,6,0.0,normal,roster_ratio,2,32,384,9,16128,16553,12,1,30.0,experiments/synthetic/N4_scaling/s2_ratio1/summary/benchmark_results.csv,s2_ratio1,experiments/synthetic/N4_scaling,OPTIMAL,14578.670000000004,0.0,14578.670000000004
N4_scale_s2_ratio10,9999,0,ADP-aware ILP,OPTIMAL,20039.53,0.9514009952545166,0.0,20039.53,0.0,20039.53,,,6,0.0,normal,roster_ratio,2,32,3840,9,161280,165161,12,10,30.0,experiments/synthetic/N4_scaling/s2_ratio10/summary/benchmark_results.csv,s2_ratio10,experiments/synthetic/N4_scaling,OPTIMAL,20039.53,0.0,20039.53
N4_scale_s2_ratio10,9999,0,Direct Greedy,OPTIMAL,19646.59,0.178455207999832,,,,20039.53,392.9399999999987,0.0196082443051308,6,0.0,normal,roster_ratio,2,32,3840,9,161280,165161,12,10,30.0,experiments/synthetic/N4_scaling/s2_ratio10/summary/benchmark_results.csv,s2_ratio10,experiments/synthetic/N4_scaling,OPTIMAL,20039.53,0.0,20039.53
N4_scale_s2_ratio10,9999,0,Opportunity Cost Greedy,OPTIMAL,20001.7,0.223088667000411,,,,20039.53,37.82999999999811,0.0018877688249174,6,0.0,normal,roster_ratio,2,32,3840,9,161280,165161,12,10,30.0,experiments/synthetic/N4_scaling/s2_ratio10/summary/benchmark_results.csv,s2_ratio10,experiments/synthetic/N4_scaling,OPTIMAL,20039.53,0.0,20039.53
N4_scale_s2_ratio10,9999,1,ADP-aware ILP,OPTIMAL,20363.19,0.9433729648590088,0.0,20363.19,0.0,20363.19,,,6,0.0,normal,roster_ratio,2,32,3840,9,161280,165161,12,10,30.0,experiments/synthetic/N4_scaling/s2_ratio10/summary/benchmark_results.csv,s2_ratio10,experiments/synthetic/N4_scaling,OPTIMAL,20363.19,0.0,20363.19
N4_scale_s2_ratio10,9999,1,Direct Greedy,OPTIMAL,19885.98,0.3586499579996598,,,,20363.19,477.2100000000027,0.0234349333282262,6,0.0,normal,roster_ratio,2,32,3840,9,161280,165161,12,10,30.0,experiments/synthetic/N4_scaling/s2_ratio10/summary/benchmark_results.csv,s2_ratio10,experiments/synthetic/N4_scaling,OPTIMAL,20363.19,0.0,20363.19
N4_scale_s2_ratio10,9999,1,Opportunity Cost Greedy,OPTIMAL,20187.97,0.1996090829998138,,,,20363.19,175.22000000000116,0.0086047421843041,6,0.0,normal,roster_ratio,2,32,3840,9,161280,165161,12,10,30.0,experiments/synthetic/N4_scaling/s2_ratio10/summary/benchmark_results.csv,s2_ratio10,experiments/synthetic/N4_scaling,OPTIMAL,20363.19,0.0,20363.19
N4_scale_s2_ratio10,9999,2,ADP-aware ILP,OPTIMAL,20174.11,0.8327150344848633,0.0,20174.11,0.0,20174.11,,,6,0.0,normal,roster_ratio,2,32,3840,9,161280,165161,12,10,30.0,experiments/synthetic/N4_scaling/s2_ratio10/summary/benchmark_results.csv,s2_ratio10,experiments/synthetic/N4_scaling,OPTIMAL,20174.11,0.0,20174.11
N4_scale_s2_ratio10,9999,2,Direct Greedy,OPTIMAL,19620.6,0.1654494579997845,,,,20174.11,553.510000000002,0.0274366502413242,6,0.0,normal,roster_ratio,2,32,3840,9,161280,165161,12,10,30.0,experiments/synthetic/N4_scaling/s2_ratio10/summary/benchmark_results.csv,s2_ratio10,experiments/synthetic/N4_scaling,OPTIMAL,20174.11,0.0,20174.11
N4_scale_s2_ratio10,9999,2,Opportunity Cost Greedy,OPTIMAL,20024.81,0.1781496249996053,,,,20174.11,149.3000000000029,0.0074005743004277,6,0.0,normal,roster_ratio,2,32,3840,9,161280,165161,12,10,30.0,experiments/synthetic/N4_scaling/s2_ratio10/summary/benchmark_results.csv,s2_ratio10,experiments/synthetic/N4_scaling,OPTIMAL,20174.11,0.0,20174.11
N4_scale_s2_ratio10,9999,3,ADP-aware ILP,OPTIMAL,20173.85,0.8799560070037842,0.0,20173.85,0.0,20173.85,,,6,0.0,normal,roster_ratio,2,32,3840,9,161280,165161,12,10,30.0,experiments/synthetic/N4_scaling/s2_ratio10/summary/benchmark_results.csv,s2_ratio10,experiments/synthetic/N4_scaling,OPTIMAL,20173.85,0.0,20173.85
N4_scale_s2_ratio10,9999,3,Direct Greedy,OPTIMAL,19577.61,0.1701570000004721,,,,20173.85,596.2400000000016,0.0295550923596637,6,0.0,normal,roster_ratio,2,32,3840,9,161280,165161,12,10,30.0,experiments/synthetic/N4_scaling/s2_ratio10/summary/benchmark_results.csv,s2_ratio10,experiments/synthetic/N4_scaling,OPTIMAL,20173.85,0.0,20173.85
N4_scale_s2_ratio10,9999,3,Opportunity Cost Greedy,OPTIMAL,19919.33,0.2584228340001573,,,,20173.85,254.52000000000407,0.0126163325294876,6,0.0,normal,roster_ratio,2,32,3840,9,161280,165161,12,10,30.0,experiments/synthetic/N4_scaling/s2_ratio10/summary/benchmark_results.csv,s2_ratio10,experiments/synthetic/N4_scaling,OPTIMAL,20173.85,0.0,20173.85
N4_scale_s2_ratio10,9999,4,ADP-aware ILP,OPTIMAL,20151.36,0.9666471481323242,0.0,20151.36,0.0,20151.36,,,6,0.0,normal,roster_ratio,2,32,3840,9,161280,165161,12,10,30.0,experiments/synthetic/N4_scaling/s2_ratio10/summary/benchmark_results.csv,s2_ratio10,experiments/synthetic/N4_scaling,OPTIMAL,20151.36,0.0,20151.36
N4_scale_s2_ratio10,9999,4,Direct Greedy,OPTIMAL,19812.26,0.1712377920002836,,,,20151.36,339.1000000000022,0.0168276483572325,6,0.0,normal,roster_ratio,2,32,3840,9,161280,165161,12,10,30.0,experiments/synthetic/N4_scaling/s2_ratio10/summary/benchmark_results.csv,s2_ratio10,experiments/synthetic/N4_scaling,OPTIMAL,20151.36,0.0,20151.36
N4_scale_s2_ratio10,9999,4,Opportunity Cost Greedy,OPTIMAL,19954.23,0.18210579100014,,,,20151.36,197.13000000000105,0.0097824662950788,6,0.0,normal,roster_ratio,2,32,3840,9,161280,165161,12,10,30.0,experiments/synthetic/N4_scaling/s2_ratio10/summary/benchmark_results.csv,s2_ratio10,experiments/synthetic/N4_scaling,OPTIMAL,20151.36,0.0,20151.36
N4_scale_s2_ratio3,9999,0,ADP-aware ILP,OPTIMAL,17810.35,0.2795650959014892,0.0,17810.35,0.0,17810.35,,,6,0.0,normal,roster_ratio,2,32,1152,9,48384,49577,12,3,30.0,experiments/synthetic/N4_scaling/s2_ratio3/summary/benchmark_results.csv,s2_ratio3,experiments/synthetic/N4_scaling,OPTIMAL,17810.35,0.0,17810.35
N4_scale_s2_ratio3,9999,0,Direct Greedy,OPTIMAL,17369.11,0.0576971249993221,,,,17810.35,441.2399999999979,0.0247743587296149,6,0.0,normal,roster_ratio,2,32,1152,9,48384,49577,12,3,30.0,experiments/synthetic/N4_scaling/s2_ratio3/summary/benchmark_results.csv,s2_ratio3,experiments/synthetic/N4_scaling,OPTIMAL,17810.35,0.0,17810.35
N4_scale_s2_ratio3,9999,0,Opportunity Cost Greedy,OPTIMAL,17546.5,0.0698880829995687,,,,17810.35,263.84999999999854,0.0148144197053959,6,0.0,normal,roster_ratio,2,32,1152,9,48384,49577,12,3,30.0,experiments/synthetic/N4_scaling/s2_ratio3/summary/benchmark_results.csv,s2_ratio3,experiments/synthetic/N4_scaling,OPTIMAL,17810.35,0.0,17810.35
N4_scale_s2_ratio3,9999,1,ADP-aware ILP,OPTIMAL,17705.499999999996,0.2822158336639404,0.0,17705.499999999996,0.0,17705.499999999996,,,6,0.0,normal,roster_ratio,2,32,1152,9,48384,49577,12,3,30.0,experiments/synthetic/N4_scaling/s2_ratio3/summary/benchmark_results.csv,s2_ratio3,experiments/synthetic/N4_scaling,OPTIMAL,17705.499999999996,0.0,17705.499999999996
N4_scale_s2_ratio3,9999,1,Direct Greedy,OPTIMAL,17041.43,0.0538483330001327,,,,17705.499999999996,664.0699999999961,0.0375064245573407,6,0.0,normal,roster_ratio,2,32,1152,9,48384,49577,12,3,30.0,experiments/synthetic/N4_scaling/s2_ratio3/summary/benchmark_results.csv,s2_ratio3,experiments/synthetic/N4_scaling,OPTIMAL,17705.499999999996,0.0,17705.499999999996
N4_scale_s2_ratio3,9999,1,Opportunity Cost Greedy,OPTIMAL,17583.23,0.0582759999997506,,,,17705.499999999996,122.2699999999968,0.0069057637457285,6,0.0,normal,roster_ratio,2,32,1152,9,48384,49577,12,3,30.0,experiments/synthetic/N4_scaling/s2_ratio3/summary/benchmark_results.csv,s2_ratio3,experiments/synthetic/N4_scaling,OPTIMAL,17705.499999999996,0.0,17705.499999999996
N4_scale_s2_ratio3,9999,2,ADP-aware ILP,OPTIMAL,17740.719999999998,0.2747328281402588,0.0,17740.719999999998,0.0,17740.719999999998,,,6,0.0,normal,roster_ratio,2,32,1152,9,48384,49577,12,3,30.0,experiments/synthetic/N4_scaling/s2_ratio3/summary/benchmark_results.csv,s2_ratio3,experiments/synthetic/N4_scaling,OPTIMAL,17740.719999999998,0.0,17740.719999999998
N4_scale_s2_ratio3,9999,2,Direct Greedy,OPTIMAL,17338.57,0.053641334000531,,,,17740.719999999998,402.1499999999978,0.0226681893406805,6,0.0,normal,roster_ratio,2,32,1152,9,48384,49577,12,3,30.0,experiments/synthetic/N4_scaling/s2_ratio3/summary/benchmark_results.csv,s2_ratio3,experiments/synthetic/N4_scaling,OPTIMAL,17740.719999999998,0.0,17740.719999999998
N4_scale_s2_ratio3,9999,2,Opportunity Cost Greedy,OPTIMAL,17457.969999999998,0.0583382920003714,,,,17740.719999999998,282.75,0.0159379100735483,6,0.0,normal,roster_ratio,2,32,1152,9,48384,49577,12,3,30.0,experiments/synthetic/N4_scaling/s2_ratio3/summary/benchmark_results.csv,s2_ratio3,experiments/synthetic/N4_scaling,OPTIMAL,17740.719999999998,0.0,17740.719999999998
N4_scale_s2_ratio3,9999,3,ADP-aware ILP,OPTIMAL,17856.739999999998,0.3092689514160156,0.0,17856.739999999998,0.0,17856.739999999998,,,6,0.0,normal,roster_ratio,2,32,1152,9,48384,49577,12,3,30.0,experiments/synthetic/N4_scaling/s2_ratio3/summary/benchmark_results.csv,s2_ratio3,experiments/synthetic/N4_scaling,OPTIMAL,17856.739999999998,0.0,17856.739999999998
N4_scale_s2_ratio3,9999,3,Direct Greedy,OPTIMAL,17481.96,0.053241959000843,,,,17856.739999999998,374.7799999999989,0.0209881534927427,6,0.0,normal,roster_ratio,2,32,1152,9,48384,49577,12,3,30.0,experiments/synthetic/N4_scaling/s2_ratio3/summary/benchmark_results.csv,s2_ratio3,experiments/synthetic/N4_scaling,OPTIMAL,17856.739999999998,0.0,17856.739999999998
N4_scale_s2_ratio3,9999,3,Opportunity Cost Greedy,OPTIMAL,17741.67,0.0609571659997527,,,,17856.739999999998,115.06999999999972,0.0064440653781149,6,0.0,normal,roster_ratio,2,32,1152,9,48384,49577,12,3,30.0,experiments/synthetic/N4_scaling/s2_ratio3/summary/benchmark_results.csv,s2_ratio3,experiments/synthetic/N4_scaling,OPTIMAL,17856.739999999998,0.0,17856.739999999998
N4_scale_s2_ratio3,9999,4,ADP-aware ILP,OPTIMAL,17826.42,0.2747340202331543,0.0,17826.42,0.0,17826.42,,,6,0.0,normal,roster_ratio,2,32,1152,9,48384,49577,12,3,30.0,experiments/synthetic/N4_scaling/s2_ratio3/summary/benchmark_results.csv,s2_ratio3,experiments/synthetic/N4_scaling,OPTIMAL,17826.42,0.0,17826.42
N4_scale_s2_ratio3,9999,4,Direct Greedy,OPTIMAL,17443.94,0.0532857500002137,,,,17826.42,382.4799999999995,0.0214557942649168,6,0.0,normal,roster_ratio,2,32,1152,9,48384,49577,12,3,30.0,experiments/synthetic/N4_scaling/s2_ratio3/summary/benchmark_results.csv,s2_ratio3,experiments/synthetic/N4_scaling,OPTIMAL,17826.42,0.0,17826.42
N4_scale_s2_ratio3,9999,4,Opportunity Cost Greedy,OPTIMAL,17662.620000000003,0.05939833299999,,,,17826.42,163.79999999999563,0.0091886088176984,6,0.0,normal,roster_ratio,2,32,1152,9,48384,49577,12,3,30.0,experiments/synthetic/N4_scaling/s2_ratio3/summary/benchmark_results.csv,s2_ratio3,experiments/synthetic/N4_scaling,OPTIMAL,17826.42,0.0,17826.42
N4_scale_s3_ratio1,9999,0,ADP-aware ILP,OPTIMAL,21043.159999999996,0.1070060729980468,0.0,21043.159999999996,0.0,21043.159999999996,,,6,0.0,normal,roster_ratio,3,48,576,9,33408,34041,12,1,30.0,experiments/synthetic/N4_scaling/s3_ratio1/summary/benchmark_results.csv,s3_ratio1,experiments/synthetic/N4_scaling,OPTIMAL,21043.159999999996,0.0,21043.159999999996
N4_scale_s3_ratio1,9999,0,Direct Greedy,OPTIMAL,19965.74,0.026867666999351,,,,21043.159999999996,1077.4199999999985,0.0512004850982456,6,0.0,normal,roster_ratio,3,48,576,9,33408,34041,12,1,30.0,experiments/synthetic/N4_scaling/s3_ratio1/summary/benchmark_results.csv,s3_ratio1,experiments/synthetic/N4_scaling,OPTIMAL,21043.159999999996,0.0,21043.159999999996
N4_scale_s3_ratio1,9999,0,Opportunity Cost Greedy,OPTIMAL,20454.47,0.031696957999884,,,,21043.159999999996,588.689999999995,0.0279753611149653,6,0.0,normal,roster_ratio,3,48,576,9,33408,34041,12,1,30.0,experiments/synthetic/N4_scaling/s3_ratio1/summary/benchmark_results.csv,s3_ratio1,experiments/synthetic/N4_scaling,OPTIMAL,21043.159999999996,0.0,21043.159999999996
N4_scale_s3_ratio1,9999,1,ADP-aware ILP,OPTIMAL,20837.820000000003,0.105748176574707,0.0,20837.820000000003,0.0,20837.820000000003,,,6,0.0,normal,roster_ratio,3,48,576,9,33408,34041,12,1,30.0,experiments/synthetic/N4_scaling/s3_ratio1/summary/benchmark_results.csv,s3_ratio1,experiments/synthetic/N4_scaling,OPTIMAL,20837.820000000003,0.0,20837.820000000003
N4_scale_s3_ratio1,9999,1,Direct Greedy,OPTIMAL,19806.69,0.026681209000344,,,,20837.820000000003,1031.1300000000049,0.0494835832155189,6,0.0,normal,roster_ratio,3,48,576,9,33408,34041,12,1,30.0,experiments/synthetic/N4_scaling/s3_ratio1/summary/benchmark_results.csv,s3_ratio1,experiments/synthetic/N4_scaling,OPTIMAL,20837.820000000003,0.0,20837.820000000003
N4_scale_s3_ratio1,9999,1,Opportunity Cost Greedy,OPTIMAL,20385.99,0.0313486659997579,,,,20837.820000000003,451.8300000000054,0.0216831703124417,6,0.0,normal,roster_ratio,3,48,576,9,33408,34041,12,1,30.0,experiments/synthetic/N4_scaling/s3_ratio1/summary/benchmark_results.csv,s3_ratio1,experiments/synthetic/N4_scaling,OPTIMAL,20837.820000000003,0.0,20837.820000000003
N4_scale_s3_ratio1,9999,2,ADP-aware ILP,OPTIMAL,20840.53000000001,0.1087350845336914,0.0,20840.53000000001,0.0,20840.53000000001,,,6,0.0,normal,roster_ratio,3,48,576,9,33408,34041,12,1,30.0,experiments/synthetic/N4_scaling/s3_ratio1/summary/benchmark_results.csv,s3_ratio1,experiments/synthetic/N4_scaling,OPTIMAL,20840.53000000001,0.0,20840.53000000001
N4_scale_s3_ratio1,9999,2,Direct Greedy,OPTIMAL,19771.08,0.0266519160004463,,,,20840.53000000001,1069.4500000000044,0.0513158734446774,6,0.0,normal,roster_ratio,3,48,576,9,33408,34041,12,1,30.0,experiments/synthetic/N4_scaling/s3_ratio1/summary/benchmark_results.csv,s3_ratio1,experiments/synthetic/N4_scaling,OPTIMAL,20840.53000000001,0.0,20840.53000000001
N4_scale_s3_ratio1,9999,2,Opportunity Cost Greedy,OPTIMAL,20097.97,0.0312536660003388,,,,20840.53000000001,742.560000000005,0.0356305717752861,6,0.0,normal,roster_ratio,3,48,576,9,33408,34041,12,1,30.0,experiments/synthetic/N4_scaling/s3_ratio1/summary/benchmark_results.csv,s3_ratio1,experiments/synthetic/N4_scaling,OPTIMAL,20840.53000000001,0.0,20840.53000000001
N4_scale_s3_ratio1,9999,3,ADP-aware ILP,OPTIMAL,21318.509999999995,0.11275315284729,0.0,21318.509999999995,0.0,21318.509999999995,,,6,0.0,normal,roster_ratio,3,48,576,9,33408,34041,12,1,30.0,experiments/synthetic/N4_scaling/s3_ratio1/summary/benchmark_results.csv,s3_ratio1,experiments/synthetic/N4_scaling,OPTIMAL,21318.509999999995,0.0,21318.509999999995
N4_scale_s3_ratio1,9999,3,Direct Greedy,OPTIMAL,20432.21,0.0266026660001443,,,,21318.509999999995,886.2999999999956,0.0415742000730818,6,0.0,normal,roster_ratio,3,48,576,9,33408,34041,12,1,30.0,experiments/synthetic/N4_scaling/s3_ratio1/summary/benchmark_results.csv,s3_ratio1,experiments/synthetic/N4_scaling,OPTIMAL,21318.509999999995,0.0,21318.509999999995
N4_scale_s3_ratio1,9999,3,Opportunity Cost Greedy,OPTIMAL,20754.45,0.0315326250001817,,,,21318.509999999995,564.059999999994,0.0264586971603547,6,0.0,normal,roster_ratio,3,48,576,9,33408,34041,12,1,30.0,experiments/synthetic/N4_scaling/s3_ratio1/summary/benchmark_results.csv,s3_ratio1,experiments/synthetic/N4_scaling,OPTIMAL,21318.509999999995,0.0,21318.509999999995
N4_scale_s3_ratio1,9999,4,ADP-aware ILP,OPTIMAL,21095.249999999996,0.107692003250122,0.0,21095.25,1.7245487998917824e-16,21095.249999999996,,,6,0.0,normal,roster_ratio,3,48,576,9,33408,34041,12,1,30.0,experiments/synthetic/N4_scaling/s3_ratio1/summary/benchmark_results.csv,s3_ratio1,experiments/synthetic/N4_scaling,OPTIMAL,21095.249999999996,0.0,21095.25
N4_scale_s3_ratio1,9999,4,Direct Greedy,OPTIMAL,20090.120000000003,0.0271326250003767,,,,21095.249999999996,1005.1299999999936,0.0476472191607112,6,0.0,normal,roster_ratio,3,48,576,9,33408,34041,12,1,30.0,experiments/synthetic/N4_scaling/s3_ratio1/summary/benchmark_results.csv,s3_ratio1,experiments/synthetic/N4_scaling,OPTIMAL,21095.249999999996,0.0,21095.25
N4_scale_s3_ratio1,9999,4,Opportunity Cost Greedy,OPTIMAL,20614.45,0.0316332920001514,,,,21095.249999999996,480.7999999999956,0.0227918607269406,6,0.0,normal,roster_ratio,3,48,576,9,33408,34041,12,1,30.0,experiments/synthetic/N4_scaling/s3_ratio1/summary/benchmark_results.csv,s3_ratio1,experiments/synthetic/N4_scaling,OPTIMAL,21095.249999999996,0.0,21095.25
N4_scale_s3_ratio10,9999,0,ADP-aware ILP,OPTIMAL,29911.13,2.3212759494781494,0.0,29911.13,0.0,29911.13,,,6,0.0,normal,roster_ratio,3,48,5760,9,334080,339897,12,10,30.0,experiments/synthetic/N4_scaling/s3_ratio10/summary/benchmark_results.csv,s3_ratio10,experiments/synthetic/N4_scaling,OPTIMAL,29911.13,0.0,29911.13
N4_scale_s3_ratio10,9999,0,Direct Greedy,OPTIMAL,29359.06,0.2456800420004583,,,,29911.13,552.0699999999997,0.0184570091467624,6,0.0,normal,roster_ratio,3,48,5760,9,334080,339897,12,10,30.0,experiments/synthetic/N4_scaling/s3_ratio10/summary/benchmark_results.csv,s3_ratio10,experiments/synthetic/N4_scaling,OPTIMAL,29911.13,0.0,29911.13
N4_scale_s3_ratio10,9999,0,Opportunity Cost Greedy,OPTIMAL,29798.16,0.2635980000004565,,,,29911.13,112.97000000000116,0.0037768549700396,6,0.0,normal,roster_ratio,3,48,5760,9,334080,339897,12,10,30.0,experiments/synthetic/N4_scaling/s3_ratio10/summary/benchmark_results.csv,s3_ratio10,experiments/synthetic/N4_scaling,OPTIMAL,29911.13,0.0,29911.13
N4_scale_s3_ratio10,9999,1,ADP-aware ILP,OPTIMAL,30075.98999999999,4.91500186920166,0.0,30075.98999999999,0.0,30075.98999999999,,,6,0.0,normal,roster_ratio,3,48,5760,9,334080,339897,12,10,30.0,experiments/synthetic/N4_scaling/s3_ratio10/summary/benchmark_results.csv,s3_ratio10,experiments/synthetic/N4_scaling,OPTIMAL,30075.98999999999,0.0,30075.98999999999
N4_scale_s3_ratio10,9999,1,Direct Greedy,OPTIMAL,29453.090000000004,0.3205794999994396,,,,30075.98999999999,622.8999999999905,0.0207108726928021,6,0.0,normal,roster_ratio,3,48,5760,9,334080,339897,12,10,30.0,experiments/synthetic/N4_scaling/s3_ratio10/summary/benchmark_results.csv,s3_ratio10,experiments/synthetic/N4_scaling,OPTIMAL,30075.98999999999,0.0,30075.98999999999
N4_scale_s3_ratio10,9999,1,Opportunity Cost Greedy,OPTIMAL,29877.6,0.3695173750002141,,,,30075.98999999999,198.38999999999575,0.0065962915933937,6,0.0,normal,roster_ratio,3,48,5760,9,334080,339897,12,10,30.0,experiments/synthetic/N4_scaling/s3_ratio10/summary/benchmark_results.csv,s3_ratio10,experiments/synthetic/N4_scaling,OPTIMAL,30075.98999999999,0.0,30075.98999999999
N4_scale_s3_ratio10,9999,2,ADP-aware ILP,OPTIMAL,29997.02,3.2274348735809326,0.0,29997.02,0.0,29997.02,,,6,0.0,normal,roster_ratio,3,48,5760,9,334080,339897,12,10,30.0,experiments/synthetic/N4_scaling/s3_ratio10/summary/benchmark_results.csv,s3_ratio10,experiments/synthetic/N4_scaling,OPTIMAL,29997.02,0.0,29997.02
N4_scale_s3_ratio10,9999,2,Direct Greedy,OPTIMAL,29451.74,0.2573532090000299,,,,29997.02,545.2800000000025,0.0181778056620291,6,0.0,normal,roster_ratio,3,48,5760,9,334080,339897,12,10,30.0,experiments/synthetic/N4_scaling/s3_ratio10/summary/benchmark_results.csv,s3_ratio10,experiments/synthetic/N4_scaling,OPTIMAL,29997.02,0.0,29997.02
N4_scale_s3_ratio10,9999,2,Opportunity Cost Greedy,OPTIMAL,29828.19,0.3013257499997053,,,,29997.02,168.8299999999981,0.0056282257370898,6,0.0,normal,roster_ratio,3,48,5760,9,334080,339897,12,10,30.0,experiments/synthetic/N4_scaling/s3_ratio10/summary/benchmark_results.csv,s3_ratio10,experiments/synthetic/N4_scaling,OPTIMAL,29997.02,0.0,29997.02
N4_scale_s3_ratio10,9999,3,ADP-aware ILP,OPTIMAL,30045.08,3.0944831371307373,0.0,30045.08,0.0,30045.08,,,6,0.0,normal,roster_ratio,3,48,5760,9,334080,339897,12,10,30.0,experiments/synthetic/N4_scaling/s3_ratio10/summary/benchmark_results.csv,s3_ratio10,experiments/synthetic/N4_scaling,OPTIMAL,30045.08,0.0,30045.08
N4_scale_s3_ratio10,9999,3,Direct Greedy,OPTIMAL,29579.16,0.2590239170003769,,,,30045.08,465.91999999999825,0.0155073642672942,6,0.0,normal,roster_ratio,3,48,5760,9,334080,339897,12,10,30.0,experiments/synthetic/N4_scaling/s3_ratio10/summary/benchmark_results.csv,s3_ratio10,experiments/synthetic/N4_scaling,OPTIMAL,30045.08,0.0,30045.08
N4_scale_s3_ratio10,9999,3,Opportunity Cost Greedy,OPTIMAL,29974.53,0.2792017499996291,,,,30045.08,70.54999999999927,0.0023481381976682,6,0.0,normal,roster_ratio,3,48,5760,9,334080,339897,12,10,30.0,experiments/synthetic/N4_scaling/s3_ratio10/summary/benchmark_results.csv,s3_ratio10,experiments/synthetic/N4_scaling,OPTIMAL,30045.08,0.0,30045.08
N4_scale_s3_ratio10,9999,4,ADP-aware ILP,OPTIMAL,29972.049999999996,4.106564998626709,0.0,29972.049999999996,0.0,29972.049999999996,,,6,0.0,normal,roster_ratio,3,48,5760,9,334080,339897,12,10,30.0,experiments/synthetic/N4_scaling/s3_ratio10/summary/benchmark_results.csv,s3_ratio10,experiments/synthetic/N4_scaling,OPTIMAL,29972.049999999996,0.0,29972.049999999996
N4_scale_s3_ratio10,9999,4,Direct Greedy,OPTIMAL,29341.36,0.2537877499999013,,,,29972.049999999996,630.689999999995,0.0210426046933724,6,0.0,normal,roster_ratio,3,48,5760,9,334080,339897,12,10,30.0,experiments/synthetic/N4_scaling/s3_ratio10/summary/benchmark_results.csv,s3_ratio10,experiments/synthetic/N4_scaling,OPTIMAL,29972.049999999996,0.0,29972.049999999996
N4_scale_s3_ratio10,9999,4,Opportunity Cost Greedy,OPTIMAL,29806.72,0.2783057079996069,,,,29972.049999999996,165.32999999999447,0.0055161392030239,6,0.0,normal,roster_ratio,3,48,5760,9,334080,339897,12,10,30.0,experiments/synthetic/N4_scaling/s3_ratio10/summary/benchmark_results.csv,s3_ratio10,experiments/synthetic/N4_scaling,OPTIMAL,29972.049999999996,0.0,29972.049999999996
N4_scale_s3_ratio3,9999,0,ADP-aware ILP,OPTIMAL,26132.979999999992,0.4325530529022217,0.0,26132.979999999992,0.0,26132.979999999992,,,6,0.0,normal,roster_ratio,3,48,1728,9,100224,102009,12,3,30.0,experiments/synthetic/N4_scaling/s3_ratio3/summary/benchmark_results.csv,s3_ratio3,experiments/synthetic/N4_scaling,OPTIMAL,26132.979999999992,0.0,26132.979999999992
N4_scale_s3_ratio3,9999,0,Direct Greedy,OPTIMAL,25653.1,0.0786056249999092,,,,26132.979999999992,479.87999999999374,0.0183630033773413,6,0.0,normal,roster_ratio,3,48,1728,9,100224,102009,12,3,30.0,experiments/synthetic/N4_scaling/s3_ratio3/summary/benchmark_results.csv,s3_ratio3,experiments/synthetic/N4_scaling,OPTIMAL,26132.979999999992,0.0,26132.979999999992
N4_scale_s3_ratio3,9999,0,Opportunity Cost Greedy,OPTIMAL,26011.26,0.0861007080002309,,,,26132.979999999992,121.71999999999024,0.004657716035446,6,0.0,normal,roster_ratio,3,48,1728,9,100224,102009,12,3,30.0,experiments/synthetic/N4_scaling/s3_ratio3/summary/benchmark_results.csv,s3_ratio3,experiments/synthetic/N4_scaling,OPTIMAL,26132.979999999992,0.0,26132.979999999992
N4_scale_s3_ratio3,9999,1,ADP-aware ILP,OPTIMAL,26403.71,0.4665319919586181,0.0,26403.71,0.0,26403.71,,,6,0.0,normal,roster_ratio,3,48,1728,9,100224,102009,12,3,30.0,experiments/synthetic/N4_scaling/s3_ratio3/summary/benchmark_results.csv,s3_ratio3,experiments/synthetic/N4_scaling,OPTIMAL,26403.71,0.0,26403.71
N4_scale_s3_ratio3,9999,1,Direct Greedy,OPTIMAL,25676.14,0.1027207500001168,,,,26403.71,727.5699999999997,0.0275555973005308,6,0.0,normal,roster_ratio,3,48,1728,9,100224,102009,12,3,30.0,experiments/synthetic/N4_scaling/s3_ratio3/summary/benchmark_results.csv,s3_ratio3,experiments/synthetic/N4_scaling,OPTIMAL,26403.71,0.0,26403.71
N4_scale_s3_ratio3,9999,1,Opportunity Cost Greedy,OPTIMAL,26063.39,0.0845142080006553,,,,26403.71,340.3199999999997,0.0128890977820919,6,0.0,normal,roster_ratio,3,48,1728,9,100224,102009,12,3,30.0,experiments/synthetic/N4_scaling/s3_ratio3/summary/benchmark_results.csv,s3_ratio3,experiments/synthetic/N4_scaling,OPTIMAL,26403.71,0.0,26403.71
N4_scale_s3_ratio3,9999,2,ADP-aware ILP,OPTIMAL,26234.4,0.4601588249206543,0.0,26234.4,0.0,26234.4,,,6,0.0,normal,roster_ratio,3,48,1728,9,100224,102009,12,3,30.0,experiments/synthetic/N4_scaling/s3_ratio3/summary/benchmark_results.csv,s3_ratio3,experiments/synthetic/N4_scaling,OPTIMAL,26234.4,0.0,26234.4
N4_scale_s3_ratio3,9999,2,Direct Greedy,OPTIMAL,25546.26,0.0791993749999164,,,,26234.4,688.1399999999994,0.0262304455219101,6,0.0,normal,roster_ratio,3,48,1728,9,100224,102009,12,3,30.0,experiments/synthetic/N4_scaling/s3_ratio3/summary/benchmark_results.csv,s3_ratio3,experiments/synthetic/N4_scaling,OPTIMAL,26234.4,0.0,26234.4
N4_scale_s3_ratio3,9999,2,Opportunity Cost Greedy,OPTIMAL,25992.460000000003,0.0857468340000195,,,,26234.4,241.9399999999987,0.009222242551764,6,0.0,normal,roster_ratio,3,48,1728,9,100224,102009,12,3,30.0,experiments/synthetic/N4_scaling/s3_ratio3/summary/benchmark_results.csv,s3_ratio3,experiments/synthetic/N4_scaling,OPTIMAL,26234.4,0.0,26234.4
N4_scale_s3_ratio3,9999,3,ADP-aware ILP,OPTIMAL,26411.80999999999,0.4623029232025146,0.0,26411.80999999999,0.0,26411.80999999999,,,6,0.0,normal,roster_ratio,3,48,1728,9,100224,102009,12,3,30.0,experiments/synthetic/N4_scaling/s3_ratio3/summary/benchmark_results.csv,s3_ratio3,experiments/synthetic/N4_scaling,OPTIMAL,26411.80999999999,0.0,26411.80999999999
N4_scale_s3_ratio3,9999,3,Direct Greedy,OPTIMAL,25979.769999999997,0.0757720000001427,,,,26411.80999999999,432.0399999999973,0.0163578338629574,6,0.0,normal,roster_ratio,3,48,1728,9,100224,102009,12,3,30.0,experiments/synthetic/N4_scaling/s3_ratio3/summary/benchmark_results.csv,s3_ratio3,experiments/synthetic/N4_scaling,OPTIMAL,26411.80999999999,0.0,26411.80999999999
N4_scale_s3_ratio3,9999,3,Opportunity Cost Greedy,OPTIMAL,26189.98,0.0838267919998543,,,,26411.80999999999,221.82999999999447,0.0083988942825196,6,0.0,normal,roster_ratio,3,48,1728,9,100224,102009,12,3,30.0,experiments/synthetic/N4_scaling/s3_ratio3/summary/benchmark_results.csv,s3_ratio3,experiments/synthetic/N4_scaling,OPTIMAL,26411.80999999999,0.0,26411.80999999999
N4_scale_s3_ratio3,9999,4,ADP-aware ILP,OPTIMAL,26469.95,0.4507520198822021,0.0,26469.95,0.0,26469.95,,,6,0.0,normal,roster_ratio,3,48,1728,9,100224,102009,12,3,30.0,experiments/synthetic/N4_scaling/s3_ratio3/summary/benchmark_results.csv,s3_ratio3,experiments/synthetic/N4_scaling,OPTIMAL,26469.95,0.0,26469.95
N4_scale_s3_ratio3,9999,4,Direct Greedy,OPTIMAL,25773.83,0.0778403750000507,,,,26469.95,696.1200000000026,0.0262985007527404,6,0.0,normal,roster_ratio,3,48,1728,9,100224,102009,12,3,30.0,experiments/synthetic/N4_scaling/s3_ratio3/summary/benchmark_results.csv,s3_ratio3,experiments/synthetic/N4_scaling,OPTIMAL,26469.95,0.0,26469.95
N4_scale_s3_ratio3,9999,4,Opportunity Cost Greedy,OPTIMAL,26227.43,0.0839680420003787,,,,26469.95,242.52000000000044,0.0091620875747782,6,0.0,normal,roster_ratio,3,48,1728,9,100224,102009,12,3,30.0,experiments/synthetic/N4_scaling/s3_ratio3/summary/benchmark_results.csv,s3_ratio3,experiments/synthetic/N4_scaling,OPTIMAL,26469.95,0.0,26469.95
N6_stress_large_heuristic,9999,0,Direct Greedy,OPTIMAL,67599.38,0.9111583329995484,,,,,,,8,0.0,high_low,single_position,6,96,21600,9,2289600,2311305,15,15,60.0,experiments/synthetic/N6_large_scale_stress/stress_large_heuristic/summary/benchmark_results.csv,stress_large_heuristic,experiments/synthetic/N6_large_scale_stress,,,,
N6_stress_large_heuristic,9999,0,Opportunity Cost Greedy,OPTIMAL,67963.43,0.9924940000000788,,,,,,,8,0.0,high_low,single_position,6,96,21600,9,2289600,2311305,15,15,60.0,experiments/synthetic/N6_large_scale_stress/stress_large_heuristic/summary/benchmark_results.csv,stress_large_heuristic,experiments/synthetic/N6_large_scale_stress,,,,
N6_stress_large_heuristic,9999,1,Direct Greedy,OPTIMAL,67981.48,0.939770207998663,,,,,,,8,0.0,high_low,single_position,6,96,21600,9,2289600,2311305,15,15,60.0,experiments/synthetic/N6_large_scale_stress/stress_large_heuristic/summary/benchmark_results.csv,stress_large_heuristic,experiments/synthetic/N6_large_scale_stress,,,,
N6_stress_large_heuristic,9999,1,Opportunity Cost Greedy,OPTIMAL,68203.75,1.0264415410001675,,,,,,,8,0.0,high_low,single_position,6,96,21600,9,2289600,2311305,15,15,60.0,experiments/synthetic/N6_large_scale_stress/stress_large_heuristic/summary/benchmark_results.csv,stress_large_heuristic,experiments/synthetic/N6_large_scale_stress,,,,
N6_stress_large_heuristic,9999,2,Direct Greedy,OPTIMAL,68181.88,0.9264668750001874,,,,,,,8,0.0,high_low,single_position,6,96,21600,9,2289600,2311305,15,15,60.0,experiments/synthetic/N6_large_scale_stress/stress_large_heuristic/summary/benchmark_results.csv,stress_large_heuristic,experiments/synthetic/N6_large_scale_stress,,,,
N6_stress_large_heuristic,9999,2,Opportunity Cost Greedy,OPTIMAL,68521.04000000001,1.0061542500006908,,,,,,,8,0.0,high_low,single_position,6,96,21600,9,2289600,2311305,15,15,60.0,experiments/synthetic/N6_large_scale_stress/stress_large_heuristic/summary/benchmark_results.csv,stress_large_heuristic,experiments/synthetic/N6_large_scale_stress,,,,
N6_stress_large_ip,9999,0,ADP-aware ILP,OPTIMAL,68240.99000000002,41.131316900253296,0.0,68240.99000000002,0.0,68240.99000000002,,,8,0.0,high_low,single_position,6,96,21600,9,2289600,2311305,15,15,60.0,experiments/synthetic/N6_large_scale_stress/stress_large_ip/summary/benchmark_results.csv,stress_large_ip,experiments/synthetic/N6_large_scale_stress,OPTIMAL,68240.99000000002,0.0,68240.99000000002
N6_stress_medium,9999,0,ADP-aware ILP,OPTIMAL,43803.09,6.926975965499878,0.0,43803.09,0.0,43803.09,,,8,0.0,high_low,single_position,4,64,9600,9,710400,720073,15,10,60.0,experiments/synthetic/N6_large_scale_stress/stress_medium/summary/benchmark_results.csv,stress_medium,experiments/synthetic/N6_large_scale_stress,OPTIMAL,43803.09,0.0,43803.09
N6_stress_medium,9999,0,Direct Greedy,OPTIMAL,43027.17,0.4146842919999471,,,,43803.09,775.9199999999983,0.0177138188196311,8,0.0,high_low,single_position,4,64,9600,9,710400,720073,15,10,60.0,experiments/synthetic/N6_large_scale_stress/stress_medium/summary/benchmark_results.csv,stress_medium,experiments/synthetic/N6_large_scale_stress,OPTIMAL,43803.09,0.0,43803.09
N6_stress_medium,9999,0,Opportunity Cost Greedy,OPTIMAL,43520.23,0.4487042920009116,,,,43803.09,282.8600000000006,0.0064575353017332,8,0.0,high_low,single_position,4,64,9600,9,710400,720073,15,10,60.0,experiments/synthetic/N6_large_scale_stress/stress_medium/summary/benchmark_results.csv,stress_medium,experiments/synthetic/N6_large_scale_stress,OPTIMAL,43803.09,0.0,43803.09
N6_stress_medium,9999,1,ADP-aware ILP,OPTIMAL,43425.35,6.550538063049316,0.0,43425.35,0.0,43425.35,,,8,0.0,high_low,single_position,4,64,9600,9,710400,720073,15,10,60.0,experiments/synthetic/N6_large_scale_stress/stress_medium/summary/benchmark_results.csv,stress_medium,experiments/synthetic/N6_large_scale_stress,OPTIMAL,43425.35,0.0,43425.35
N6_stress_medium,9999,1,Direct Greedy,OPTIMAL,42658.130000000005,0.4155332909995195,,,,43425.35,767.2199999999939,0.0176675605377963,8,0.0,high_low,single_position,4,64,9600,9,710400,720073,15,10,60.0,experiments/synthetic/N6_large_scale_stress/stress_medium/summary/benchmark_results.csv,stress_medium,experiments/synthetic/N6_large_scale_stress,OPTIMAL,43425.35,0.0,43425.35
N6_stress_medium,9999,1,Opportunity Cost Greedy,OPTIMAL,43051.53999999999,0.4450328330003685,,,,43425.35,373.81000000000495,0.0086081056341515,8,0.0,high_low,single_position,4,64,9600,9,710400,720073,15,10,60.0,experiments/synthetic/N6_large_scale_stress/stress_medium/summary/benchmark_results.csv,stress_medium,experiments/synthetic/N6_large_scale_stress,OPTIMAL,43425.35,0.0,43425.35
N6_stress_medium,9999,2,ADP-aware ILP,OPTIMAL,43641.19000000001,6.016794919967651,0.0,43641.19000000001,0.0,43641.19000000001,,,8,0.0,high_low,single_position,4,64,9600,9,710400,720073,15,10,60.0,experiments/synthetic/N6_large_scale_stress/stress_medium/summary/benchmark_results.csv,stress_medium,experiments/synthetic/N6_large_scale_stress,OPTIMAL,43641.19000000001,0.0,43641.19000000001
N6_stress_medium,9999,2,Direct Greedy,OPTIMAL,43086.62,0.4237280420002207,,,,43641.19000000001,554.570000000007,0.0127074903319549,8,0.0,high_low,single_position,4,64,9600,9,710400,720073,15,10,60.0,experiments/synthetic/N6_large_scale_stress/stress_medium/summary/benchmark_results.csv,stress_medium,experiments/synthetic/N6_large_scale_stress,OPTIMAL,43641.19000000001,0.0,43641.19000000001
N6_stress_medium,9999,2,Opportunity Cost Greedy,OPTIMAL,43304.53,0.4546404590000747,,,,43641.19000000001,336.66000000001077,0.0077142717693997,8,0.0,high_low,single_position,4,64,9600,9,710400,720073,15,10,60.0,experiments/synthetic/N6_large_scale_stress/stress_medium/summary/benchmark_results.csv,stress_medium,experiments/synthetic/N6_large_scale_stress,OPTIMAL,43641.19000000001,0.0,43641.19000000001
N6_stress_small,9999,0,ADP-aware ILP,OPTIMAL,33173.85999999999,4.3202760219573975,0.0,33173.86,2.1932803762309922e-16,33173.85999999999,,,6,0.0,high_low,single_position,3,48,5760,9,334080,339897,12,10,60.0,experiments/synthetic/N6_large_scale_stress/stress_small/summary/benchmark_results.csv,stress_small,experiments/synthetic/N6_large_scale_stress,OPTIMAL,33173.85999999999,0.0,33173.86
N6_stress_small,9999,0,Direct Greedy,OPTIMAL,32367.74,0.4868949169995176,,,,33173.85999999999,806.1199999999953,0.0242998553680517,6,0.0,high_low,single_position,3,48,5760,9,334080,339897,12,10,60.0,experiments/synthetic/N6_large_scale_stress/stress_small/summary/benchmark_results.csv,stress_small,experiments/synthetic/N6_large_scale_stress,OPTIMAL,33173.85999999999,0.0,33173.86
N6_stress_small,9999,0,Opportunity Cost Greedy,OPTIMAL,32809.59,0.3265129999999772,,,,33173.85999999999,364.2699999999968,0.0109806335470155,6,0.0,high_low,single_position,3,48,5760,9,334080,339897,12,10,60.0,experiments/synthetic/N6_large_scale_stress/stress_small/summary/benchmark_results.csv,stress_small,experiments/synthetic/N6_large_scale_stress,OPTIMAL,33173.85999999999,0.0,33173.86
N6_stress_small,9999,1,ADP-aware ILP,OPTIMAL,33506.13999999999,5.998340845108032,0.0,33506.13999999999,0.0,33506.13999999999,,,6,0.0,high_low,single_position,3,48,5760,9,334080,339897,12,10,60.0,experiments/synthetic/N6_large_scale_stress/stress_small/summary/benchmark_results.csv,stress_small,experiments/synthetic/N6_large_scale_stress,OPTIMAL,33506.13999999999,0.0,33506.13999999999
N6_stress_small,9999,1,Direct Greedy,OPTIMAL,32663.49,0.2533024580006895,,,,33506.13999999999,842.6499999999942,0.0251491219221311,6,0.0,high_low,single_position,3,48,5760,9,334080,339897,12,10,60.0,experiments/synthetic/N6_large_scale_stress/stress_small/summary/benchmark_results.csv,stress_small,experiments/synthetic/N6_large_scale_stress,OPTIMAL,33506.13999999999,0.0,33506.13999999999
N6_stress_small,9999,1,Opportunity Cost Greedy,OPTIMAL,33176.57000000001,0.2654741249989456,,,,33506.13999999999,329.56999999998516,0.0098361076507167,6,0.0,high_low,single_position,3,48,5760,9,334080,339897,12,10,60.0,experiments/synthetic/N6_large_scale_stress/stress_small/summary/benchmark_results.csv,stress_small,experiments/synthetic/N6_large_scale_stress,OPTIMAL,33506.13999999999,0.0,33506.13999999999
N6_stress_small,9999,2,ADP-aware ILP,OPTIMAL,33036.60999999999,2.7182319164276123,0.0,33036.60999999999,0.0,33036.60999999999,,,6,0.0,high_low,single_position,3,48,5760,9,334080,339897,12,10,60.0,experiments/synthetic/N6_large_scale_stress/stress_small/summary/benchmark_results.csv,stress_small,experiments/synthetic/N6_large_scale_stress,OPTIMAL,33036.60999999999,0.0,33036.60999999999
N6_stress_small,9999,2,Direct Greedy,OPTIMAL,32142.15,0.2498664169997937,,,,33036.60999999999,894.4599999999919,0.0270748118526686,6,0.0,high_low,single_position,3,48,5760,9,334080,339897,12,10,60.0,experiments/synthetic/N6_large_scale_stress/stress_small/summary/benchmark_results.csv,stress_small,experiments/synthetic/N6_large_scale_stress,OPTIMAL,33036.60999999999,0.0,33036.60999999999
N6_stress_small,9999,2,Opportunity Cost Greedy,OPTIMAL,32408.060000000005,0.2672381659995153,,,,33036.60999999999,628.5499999999884,0.0190258625203974,6,0.0,high_low,single_position,3,48,5760,9,334080,339897,12,10,60.0,experiments/synthetic/N6_large_scale_stress/stress_small/summary/benchmark_results.csv,stress_small,experiments/synthetic/N6_large_scale_stress,OPTIMAL,33036.60999999999,0.0,33036.60999999999
N6_stress_timeout_target_heuristic,9999,0,Direct Greedy,OPTIMAL,192129.17,9.88282641600017,,,,,,,12,0.0,high_low,single_position,16,256,184320,9,49029120,49213705,24,30,60.0,experiments/synthetic/N6_large_scale_stress/stress_timeout_target_heuristic/summary/benchmark_results.csv,stress_timeout_target_heuristic,experiments/synthetic/N6_large_scale_stress,,,,
N6_stress_timeout_target_heuristic,9999,0,Opportunity Cost Greedy,OPTIMAL,192223.62,9.178466749999645,,,,,,,12,0.0,high_low,single_position,16,256,184320,9,49029120,49213705,24,30,60.0,experiments/synthetic/N6_large_scale_stress/stress_timeout_target_heuristic/summary/benchmark_results.csv,stress_timeout_target_heuristic,experiments/synthetic/N6_large_scale_stress,,,,
N6_stress_timeout_target_heuristic,9999,1,Direct Greedy,OPTIMAL,191922.75,8.042227583000567,,,,,,,12,0.0,high_low,single_position,16,256,184320,9,49029120,49213705,24,30,60.0,experiments/synthetic/N6_large_scale_stress/stress_timeout_target_heuristic/summary/benchmark_results.csv,stress_timeout_target_heuristic,experiments/synthetic/N6_large_scale_stress,,,,
N6_stress_timeout_target_heuristic,9999,1,Opportunity Cost Greedy,OPTIMAL,192019.5,9.890061750000314,,,,,,,12,0.0,high_low,single_position,16,256,184320,9,49029120,49213705,24,30,60.0,experiments/synthetic/N6_large_scale_stress/stress_timeout_target_heuristic/summary/benchmark_results.csv,stress_timeout_target_heuristic,experiments/synthetic/N6_large_scale_stress,,,,
N6_stress_timeout_target_heuristic,9999,2,Direct Greedy,OPTIMAL,192310.81,8.30741024999952,,,,,,,12,0.0,high_low,single_position,16,256,184320,9,49029120,49213705,24,30,60.0,experiments/synthetic/N6_large_scale_stress/stress_timeout_target_heuristic/summary/benchmark_results.csv,stress_timeout_target_heuristic,experiments/synthetic/N6_large_scale_stress,,,,
N6_stress_timeout_target_heuristic,9999,2,Opportunity Cost Greedy,OPTIMAL,192426.72000000003,9.075720040998933,,,,,,,12,0.0,high_low,single_position,16,256,184320,9,49029120,49213705,24,30,60.0,experiments/synthetic/N6_large_scale_stress/stress_timeout_target_heuristic/summary/benchmark_results.csv,stress_timeout_target_heuristic,experiments/synthetic/N6_large_scale_stress,,,,
N6_stress_xlarge_heuristic,9999,0,Direct Greedy,OPTIMAL,116399.23,2.7141651670008287,,,,,,,10,0.0,high_low,single_position,10,160,64000,9,10880000,10944169,20,20,60.0,experiments/synthetic/N6_large_scale_stress/stress_xlarge_heuristic/summary/benchmark_results.csv,stress_xlarge_heuristic,experiments/synthetic/N6_large_scale_stress,,,,
N6_stress_xlarge_heuristic,9999,0,Opportunity Cost Greedy,OPTIMAL,116554.1,2.933644917000493,,,,,,,10,0.0,high_low,single_position,10,160,64000,9,10880000,10944169,20,20,60.0,experiments/synthetic/N6_large_scale_stress/stress_xlarge_heuristic/summary/benchmark_results.csv,stress_xlarge_heuristic,experiments/synthetic/N6_large_scale_stress,,,,
N6_stress_xlarge_heuristic,9999,1,Direct Greedy,OPTIMAL,116548.64,2.7235019999989163,,,,,,,10,0.0,high_low,single_position,10,160,64000,9,10880000,10944169,20,20,60.0,experiments/synthetic/N6_large_scale_stress/stress_xlarge_heuristic/summary/benchmark_results.csv,stress_xlarge_heuristic,experiments/synthetic/N6_large_scale_stress,,,,
N6_stress_xlarge_heuristic,9999,1,Opportunity Cost Greedy,OPTIMAL,116710.03,3.019450249999863,,,,,,,10,0.0,high_low,single_position,10,160,64000,9,10880000,10944169,20,20,60.0,experiments/synthetic/N6_large_scale_stress/stress_xlarge_heuristic/summary/benchmark_results.csv,stress_xlarge_heuristic,experiments/synthetic/N6_large_scale_stress,,,,
N6_stress_xlarge_heuristic,9999,2,Direct Greedy,OPTIMAL,116663.79,2.6784678749991144,,,,,,,10,0.0,high_low,single_position,10,160,64000,9,10880000,10944169,20,20,60.0,experiments/synthetic/N6_large_scale_stress/stress_xlarge_heuristic/summary/benchmark_results.csv,stress_xlarge_heuristic,experiments/synthetic/N6_large_scale_stress,,,,
N6_stress_xlarge_heuristic,9999,2,Opportunity Cost Greedy,OPTIMAL,116826.37,2.941162249999252,,,,,,,10,0.0,high_low,single_position,10,160,64000,9,10880000,10944169,20,20,60.0,experiments/synthetic/N6_large_scale_stress/stress_xlarge_heuristic/summary/benchmark_results.csv,stress_xlarge_heuristic,experiments/synthetic/N6_large_scale_stress,,,,
N6_stress_xlarge_ip_tl1800,9999,0,ADP-aware ILP,OPTIMAL,116714.32000000004,299.4303169250488,0.0,116714.32000000004,0.0,116714.32000000004,,,10,0.0,high_low,single_position,10,160,64000,9,10880000,10944169,20,20,60.0,experiments/synthetic/N6_large_scale_stress/stress_xlarge_ip_tl1800/summary/benchmark_results.csv,stress_xlarge_ip_tl1800,experiments/synthetic/N6_large_scale_stress,OPTIMAL,116714.32000000004,0.0,116714.32000000004
