player_id,player_name,eligible_positions,adp,points
Shohei_Ohtani_P,Shohei Ohtani_P,SP,1.0,633.38
Aaron_Judge_H,Aaron Judge_H,OF;Util,1.8,1197.8
Shohei_Ohtani_H,Shohei Ohtani_H,Util,2.0,1208.3
Bobby_Witt_Jr_H,Bobby Witt Jr._H,SS,3.6,1011.2
Juan_Soto_H,Juan Soto_H,OF;Util,3.6,1123.7
Jose_Ramirez_H,Jose Ramirez_H,3B;Util,5.4,935.1
Ronald_Acuna_Jr_H,Ronald Acuna Jr._H,OF,6.6,988.6
Tarik_Skubal_P,Tarik Skubal_P,SP,6.8,1157.32
Elly_De_La_Cruz_H,Elly De La Cruz_H,SS,7.8,888.4
Paul_Skenes_P,Paul Skenes_P,SP,9.0,1110.66
Julio_Rodriguez_H,Julio Rodriguez_H,OF,10.0,891.5
Kyle_Tucker_H,Kyle Tucker_H,OF;Util,10.8,931.3
Garrett_Crochet_P,Garrett Crochet_P,SP,12.0,1082.3
Fernando_Tatis_Jr_H,Fernando Tatis Jr._H,2B;OF,13.0,912.6
Corbin_Carroll_H,Corbin Carroll_H,OF,13.8,885.1
Cal_Raleigh_H,Cal Raleigh_H,C;Util,14.6,844.0
Gunnar_Henderson_H,Gunnar Henderson_H,SS,15.2,923.4
Junior_Caminero_H,Junior Caminero_H,3B,16.6,863.8
Vladimir_Guerrero_Jr_H,Vladimir Guerrero Jr._H,1B;Util,18.4,990.6
Nick_Kurtz_H,Nick Kurtz_H,1B,19.2,894.8
Kyle_Schwarber_H,Kyle Schwarber_H,OF;Util,21.0,930.3
Jackson_Chourio_H,Jackson Chourio_H,OF,21.2,813.4
Jazz_Chisholm_Jr_H,Jazz Chisholm Jr._H,2B;3B,21.4,738.6
Pete_Alonso_H,Pete Alonso_H,1B;Util,24.6,858.8
Yoshinobu_Yamamoto_P,Yoshinobu Yamamoto_P,SP,24.6,851.72
Francisco_Lindor_H,Francisco Lindor_H,SS,25.0,808.6
Ketel_Marte_H,Ketel Marte_H,2B;Util,26.6,849.9
Cristopher_Sanchez_P,Cristopher Sanchez_P,SP,26.8,1014.16
Trea_Turner_H,Trea Turner_H,SS,27.0,789.8
Yordan_Alvarez_H,Yordan Alvarez_H,OF;Util,30.2,879.5
Manny_Machado_H,Manny Machado_H,3B,30.4,774.9
Pete_Crow_Armstrong_H,Pete Crow-Armstrong_H,OF,30.4,726.5
James_Wood_H,James Wood_H,OF;Util,32.6,849.9
Zach_Neto_H,Zach Neto_H,SS,34.0,762.9
Bryan_Woo_P,Bryan Woo_P,SP,35.2,939.14
Matt_Olson_H,Matt Olson_H,1B,36.0,861.7
Hunter_Brown_P,Hunter Brown_P,SP,36.2,910.76
Bryce_Harper_H,Bryce Harper_H,1B,37.6,876.3
Chris_Sale_P,Chris Sale_P,SP,39.0,887.14
Logan_Gilbert_P,Logan Gilbert_P,SP,39.0,866.32
Brent_Rooker_H,Brent Rooker_H,OF;Util,41.4,877.5
Rafael_Devers_H,Rafael Devers_H,1B;Util,42.4,858.4
Mason_Miller_P,Mason Miller_P,RP,42.6,598.54
Wyatt_Langford_H,Wyatt Langford_H,OF,44.4,802.6
Max_Fried_P,Max Fried_P,SP,44.6,914.2
Brice_Turang_H,Brice Turang_H,2B,44.8,722.5
Logan_Webb_P,Logan Webb_P,SP,46.8,1025.94
Mookie_Betts_H,Mookie Betts_H,SS,46.8,810.8
Roman_Anthony_H,Roman Anthony_H,OF;Util,47.2,792.2
Edwin_Diaz_P,Edwin Diaz_P,RP,47.4,570.92
Cole_Ragans_P,Cole Ragans_P,SP,50.0,848.22
Freddie_Freeman_H,Freddie Freeman_H,1B,50.4,859.9
Jacob_deGrom_P,Jacob deGrom_P,SP,50.6,829.46
Cody_Bellinger_H,Cody Bellinger_H,OF,55.2,723.3
Austin_Riley_H,Austin Riley_H,3B,55.8,771.5
William_Contreras_H,William Contreras_H,C;Util,56.0,749.5
Freddy_Peralta_P,Freddy Peralta_P,SP,56.4,782.12
Josh_Naylor_H,Josh Naylor_H,1B;Util,57.6,733.7
Geraldo_Perdomo_H,Geraldo Perdomo_H,SS,60.8,761.8
Jarren_Duran_H,Jarren Duran_H,OF;Util,61.4,749.9
Cade_Smith_P,Cade Smith_P,RP,62.8,571.96
Jhoan_Duran_P,Jhoan Duran_P,RP,62.8,544.68
Riley_Greene_H,Riley Greene_H,OF;Util,62.8,792.4
Maikel_Garcia_H,Maikel Garcia_H,2B;3B;SS;OF,64.4,748.4
George_Kirby_P,George Kirby_P,SP,64.8,841.46
Ben_Rice_H,Ben Rice_H,C;1B;Util,65.4,664.5
Jackson_Merrill_H,Jackson Merrill_H,OF,65.6,737.8
Andres_Munoz_P,Andres Munoz_P,RP,66.0,533.44
Shea_Langeliers_H,Shea Langeliers_H,C;Util,67.8,667.9
CJ_Abrams_H,CJ Abrams_H,SS,68.6,692.5
Dylan_Cease_P,Dylan Cease_P,SP,71.2,852.28
Byron_Buxton_H,Byron Buxton_H,OF;Util,72.0,704.2
Jesus_Luzardo_P,Jesus Luzardo_P,SP,72.6,872.02
Joe_Ryan_P,Joe Ryan_P,SP,72.6,809.06
Hunter_Goodman_H,Hunter Goodman_H,C;Util,72.8,687.3
Framber_Valdez_P,Framber Valdez_P,SP,73.6,934.16
Vinnie_Pasquantino_H,Vinnie Pasquantino_H,1B;Util,74.4,771.1
George_Springer_H,George Springer_H,OF;Util,75.4,741.7
Kyle_Bradish_P,Kyle Bradish_P,SP,78.4,707.42
Tyler_Soderstrom_H,Tyler Soderstrom_H,1B;OF,81.8,701.3
David_Bednar_P,David Bednar_P,RP,82.8,510.92
Randy_Arozarena_H,Randy Arozarena_H,OF,83.0,712.0
Corey_Seager_H,Corey Seager_H,SS,83.8,759.6
Aroldis_Chapman_P,Aroldis Chapman_P,RP,84.2,514.82
Bo_Bichette_H,Bo Bichette_H,3B;SS,84.4,744.7
Eugenio_Suarez_H,Eugenio Suarez_H,3B;Util,84.6,720.9
Oneil_Cruz_H,Oneil Cruz_H,OF,84.6,669.5
Nick_Pivetta_P,Nick Pivetta_P,SP,88.4,769.76
Alex_Bregman_H,Alex Bregman_H,3B,88.8,739.9
Devin_Williams_P,Devin Williams_P,RP,89.0,516.66
Christian_Yelich_H,Christian Yelich_H,OF;Util,89.6,709.7
Nico_Hoerner_H,Nico Hoerner_H,2B,90.0,653.9
Nolan_McLean_P,Nolan McLean_P,SP,91.0,682.64
Eury_Perez_P,Eury Perez_P,SP,91.2,649.28
Seiya_Suzuki_H,Seiya Suzuki_H,OF;Util,93.6,751.0
Salvador_Perez_H,Salvador Perez_H,C;1B;Util,95.0,633.2
Will_Smith_H,Will Smith_H,C,95.2,612.0
Kevin_Gausman_P,Kevin Gausman_P,SP,96.0,794.88
Jose_Altuve_H,Jose Altuve_H,2B;OF;Util,96.2,709.5
Michael_Harris_II_H,Michael Harris II_H,OF,97.8,658.5
Michael_Busch_H,Michael Busch_H,1B,99.4,734.8
Sonny_Gray_P,Sonny Gray_P,SP,101.6,817.16
Drake_Baldwin_H,Drake Baldwin_H,C;Util,101.8,623.6
Jeremy_Pena_H,Jeremy Pena_H,SS,105.8,683.7
Willy_Adames_H,Willy Adames_H,SS,106.4,735.7
Jacob_Misiorowski_P,Jacob Misiorowski_P,SP,106.6,634.4
Spencer_Strider_P,Spencer Strider_P,SP,108.2,752.9
Teoscar_Hernandez_H,Teoscar Hernandez_H,OF,109.0,684.4
Agustin_Ramirez_H,Agustin Ramirez_H,C;Util,111.8,574.0
Luke_Keaschall_H,Luke Keaschall_H,2B,112.6,625.0
Tyler_Glasnow_P,Tyler Glasnow_P,SP,112.8,652.2
Raisel_Iglesias_P,Raisel Iglesias_P,RP,113.8,456.78
Chase_Burns_P,Chase Burns_P,SP;RP,114.2,591.82
Trevor_Story_H,Trevor Story_H,SS,114.8,634.5
Kyle_Stowers_H,Kyle Stowers_H,OF,117.6,620.4
Taylor_Ward_H,Taylor Ward_H,OF,117.8,739.5
Luis_Robert_Jr_H,Luis Robert Jr._H,OF,119.2,580.5
Josh_Hader_P,Josh Hader_P,RP,121.0,446.84
Jo_Adell_H,Jo Adell_H,OF,121.4,663.3
Cam_Schlittler_P,Cam Schlittler_P,SP,123.0,563.68
Blake_Snell_P,Blake Snell_P,SP,125.0,679.82
Nick_Lodolo_P,Nick Lodolo_P,SP,125.6,689.86
Matt_Chapman_H,Matt Chapman_H,3B,126.0,724.1
Brandon_Woodruff_P,Brandon Woodruff_P,SP,126.2,691.84
Yandy_Diaz_H,Yandy Diaz_H,1B;Util,126.2,788.1
Zack_Wheeler_P,Zack Wheeler_P,SP,127.8,758.08
Ozzie_Albies_H,Ozzie Albies_H,2B,128.0,635.0
Brandon_Nimmo_H,Brandon Nimmo_H,OF,129.6,699.2
Carlos_Estevez_P,Carlos Estevez_P,RP,130.2,405.78
Nathan_Eovaldi_P,Nathan Eovaldi_P,SP,130.4,782.66
Ryan_Pepiot_P,Ryan Pepiot_P,SP,133.0,730.04
Michael_King_P,Michael King_P,SP,134.4,714.4
Emmet_Sheehan_P,Emmet Sheehan_P,SP,135.8,646.16
Jeff_Hoffman_P,Jeff Hoffman_P,RP,137.0,446.58
Lawrence_Butler_H,Lawrence Butler_H,OF,138.8,654.7
Emilio_Pagan_P,Emilio Pagan_P,RP,139.0,430.22
Jakob_Marsee_H,Jakob Marsee_H,OF,139.6,628.6
Andy_Pages_H,Andy Pages_H,OF,140.0,666.8
Daniel_Palencia_P,Daniel Palencia_P,RP,141.0,465.82
Luis_Castillo_P,Luis Castillo_P,SP,141.0,771.76
Ryan_Helsley_P,Ryan Helsley_P,RP,143.4,454.16
Yainer_Diaz_H,Yainer Diaz_H,C;Util,144.4,578.6
Gavin_Williams_P,Gavin Williams_P,SP,145.0,715.5
Noelvi_Marte_H,Noelvi Marte_H,3B;OF,145.0,534.8
MacKenzie_Gore_P,MacKenzie Gore_P,SP,145.2,762.02
Sandy_Alcantara_P,Sandy Alcantara_P,SP,145.8,758.82
Ian_Happ_H,Ian Happ_H,OF,146.8,748.5
Steven_Kwan_H,Steven Kwan_H,OF,147.2,697.0
Trevor_Rogers_P,Trevor Rogers_P,SP,147.2,620.4
Hunter_Greene_P,Hunter Greene_P,SP,150.6,396.54
Bubba_Chandler_P,Bubba Chandler_P,SP,150.8,599.5
Adley_Rutschman_H,Adley Rutschman_H,C,151.0,628.3
Pete_Fairbanks_P,Pete Fairbanks_P,RP,152.8,434.34
Ceddanne_Rafaela_H,Ceddanne Rafaela_H,2B;OF,153.0,611.6
Brandon_Lowe_H,Brandon Lowe_H,2B,153.4,593.9
Robbie_Ray_P,Robbie Ray_P,SP,155.0,725.66
Trevor_Megill_P,Trevor Megill_P,RP,157.0,408.66
Xavier_Edwards_H,Xavier Edwards_H,2B;SS,158.0,622.7
Shota_Imanaga_P,Shota Imanaga_P,SP,158.2,616.54
Drew_Rasmussen_P,Drew Rasmussen_P,SP,160.8,717.86
Dansby_Swanson_H,Dansby Swanson_H,SS,161.4,663.3
Kenley_Jansen_P,Kenley Jansen_P,RP,161.4,376.92
Ranger_Suarez_P,Ranger Suarez_P,SP,162.4,767.84
Jacob_Wilson_H,Jacob Wilson_H,SS,166.8,666.6
Kazuma_Okamoto_H,Kazuma Okamoto_H,1B;3B,167.4,627.4
Tatsuya_Imai_P,Tatsuya Imai_P,SP,167.4,620.74
Mike_Trout_H,Mike Trout_H,OF;Util,167.8,640.2
Chandler_Simpson_H,Chandler Simpson_H,OF,169.4,467.7
Alec_Burleson_H,Alec Burleson_H,1B;OF;Util,172.6,672.4
Matt_McLain_H,Matt McLain_H,2B,174.0,586.4
Tanner_Bibee_P,Tanner Bibee_P,SP,174.8,775.72
Jackson_Holliday_H,Jackson Holliday_H,2B;SS,175.4,564.9
Trey_Yesavage_P,Trey Yesavage_P,SP,175.8,550.3
Ivan_Herrera_H,Ivan Herrera_H,C;Util,176.0,672.2
Alejandro_Kirk_H,Alejandro Kirk_H,C,176.6,546.6
Jac_Caglianone_H,Jac Caglianone_H,1B;OF,177.8,520.3
Bryan_Reynolds_H,Bryan Reynolds_H,OF;Util,178.6,691.1
Spencer_Torkelson_H,Spencer Torkelson_H,1B,180.8,715.3
Willson_Contreras_H,Willson Contreras_H,1B,181.0,635.3
Colson_Montgomery_H,Colson Montgomery_H,3B;SS,181.2,560.3
Kris_Bubic_P,Kris Bubic_P,SP,183.2,649.08
Bryson_Stott_H,Bryson Stott_H,2B;SS,184.6,623.3
Cade_Horton_P,Cade Horton_P,SP,186.0,537.18
Munetaka_Murakami_H,Munetaka Murakami_H,1B;3B,187.0,674.6
Konnor_Griffin_H,Konnor Griffin_H,SS;OF,188.4,451.1
Jack_Flaherty_P,Jack Flaherty_P,SP,189.4,720.42
Edward_Cabrera_P,Edward Cabrera_P,SP,189.6,650.82
Sal_Stewart_H,Sal Stewart_H,1B;2B;3B,190.0,580.3
Dennis_Santana_P,Dennis Santana_P,RP,190.8,421.52
Carlos_Rodon_P,Carlos Rodon_P,SP,191.2,651.82
Daulton_Varsho_H,Daulton Varsho_H,OF,193.6,582.1
Abner_Uribe_P,Abner Uribe_P,RP,195.0,471.78
Christian_Walker_H,Christian Walker_H,1B,195.2,606.2
Isaac_Paredes_H,Isaac Paredes_H,1B;3B,196.8,574.1
Ryan_Walker_P,Ryan Walker_P,RP,196.8,455.48
Matthew_Boyd_P,Matthew Boyd_P,SP,197.2,710.9
Andrew_Abbott_P,Andrew Abbott_P,SP,198.0,656.26
Daylen_Lile_H,Daylen Lile_H,OF;Util,198.4,600.2
Jorge_Polanco_H,Jorge Polanco_H,2B;3B;Util,201.0,588.6
Shane_Baz_P,Shane Baz_P,SP,201.6,641.6
Jose_Caballero_H,Jose Caballero_H,2B;3B;SS;OF,202.4,340.6
Addison_Barger_H,Addison Barger_H,3B;OF,203.4,552.3
Marcus_Semien_H,Marcus Semien_H,2B,203.8,615.3
Zac_Gallen_P,Zac Gallen_P,SP,203.8,762.76
Gerrit_Cole_P,Gerrit Cole_P,SP,204.0,562.52
Robert_Suarez_P,Robert Suarez_P,RP,205.4,373.62
Shane_McClanahan_P,Shane McClanahan_P,SP,205.4,611.12
Aaron_Nola_P,Aaron Nola_P,SP,206.6,724.24
Sal_Frelick_H,Sal Frelick_H,OF,206.6,542.8
Gleyber_Torres_H,Gleyber Torres_H,2B,207.2,726.1
Jonathan_Aranda_H,Jonathan Aranda_H,1B,208.2,665.6
Wilyer_Abreu_H,Wilyer Abreu_H,OF,210.6,597.4
Heliot_Ramos_H,Heliot Ramos_H,OF,211.4,664.4
Brenton_Doyle_H,Brenton Doyle_H,OF,211.6,596.2
Gabriel_Moreno_H,Gabriel Moreno_H,C,215.8,505.3
Ezequiel_Tovar_H,Ezequiel Tovar_H,SS,218.0,688.8
Adolis_Garcia_H,Adolis Garcia_H,OF,218.6,602.9
JJ_Wetherholt_H,JJ Wetherholt_H,2B;3B;SS,222.2,522.3
Royce_Lewis_H,Royce Lewis_H,3B,222.4,549.0
Brendan_Donovan_H,Brendan Donovan_H,2B;3B;SS;OF,223.6,607.9
Griffin_Jax_P,Griffin Jax_P,SP;RP,223.8,466.54
Ramon_Laureano_H,Ramon Laureano_H,OF,225.6,567.7
Jordan_Westburg_H,Jordan Westburg_H,2B;3B,227.4,482.7
Samuel_Basallo_H,Samuel Basallo_H,C;Util,229.0,480.3
Alec_Bohm_H,Alec Bohm_H,1B;3B,229.6,617.8
Caleb_Durbin_H,Caleb Durbin_H,2B;3B,230.0,530.4
Carter_Jensen_H,Carter Jensen_H,C;Util,230.0,432.6
Merrill_Kelly_P,Merrill Kelly_P,SP,230.2,678.28
Kerry_Carpenter_H,Kerry Carpenter_H,OF;Util,231.4,571.4
Max_Muncy_H,Max Muncy_H,3B,232.0,525.1
Trent_Grisham_H,Trent Grisham_H,OF,232.4,598.5
Luis_Arraez_H,Luis Arraez_H,1B;2B;Util,232.6,649.1
J_T_Realmuto_H,J.T. Realmuto_H,C,233.2,492.2
Bryan_Abreu_P,Bryan Abreu_P,RP,236.4,422.5
Giancarlo_Stanton_H,Giancarlo Stanton_H,OF;Util,237.4,479.5
Carlos_Correa_H,Carlos Correa_H,3B;SS,238.0,611.3
Mickey_Moniak_H,Mickey Moniak_H,OF;Util,238.3,569.9
Austin_Wells_H,Austin Wells_H,C,238.4,446.8
TJ_Friedl_H,TJ Friedl_H,OF,239.6,599.4
Joe_Musgrove_P,Joe Musgrove_P,SP,241.6,624.46
Ryne_Nelson_P,Ryne Nelson_P,SP;RP,244.8,626.18
Kyle_Manzardo_H,Kyle Manzardo_H,1B;Util,245.0,589.6
Kodai_Senga_P,Kodai Senga_P,SP,245.8,551.22
Dylan_Crews_H,Dylan Crews_H,OF,246.2,494.4
Jack_Leiter_P,Jack Leiter_P,SP,246.2,624.96
Noah_Cameron_P,Noah Cameron_P,SP,246.6,576.88
Roki_Sasaki_P,Roki Sasaki_P,SP,248.2,475.92
Kevin_McGonigle_H,Kevin McGonigle_H,3B;SS,248.4,556.7
Jung_Hoo_Lee_H,Jung Hoo Lee_H,OF,249.2,613.4
Xander_Bogaerts_H,Xander Bogaerts_H,SS,249.6,620.3
Francisco_Alvarez_H,Francisco Alvarez_H,C,251.4,461.9
Colton_Cowser_H,Colton Cowser_H,OF,253.0,541.5
Seranthony_Dominguez_P,Seranthony Dominguez_P,RP,255.6,388.92
Luis_Garcia_H,Luis Garcia_H,1B;2B;Util,257.2,569.2
Ernie_Clement_H,Ernie Clement_H,1B;2B;3B;SS,257.4,535.8
Jordan_Beck_H,Jordan Beck_H,OF,259.0,608.1
Dillon_Dingler_H,Dillon Dingler_H,C;Util,259.4,422.6
Shane_Smith_P,Shane Smith_P,SP,260.8,651.06
Shane_Bieber_P,Shane Bieber_P,SP,261.2,508.0
Kyle_Teel_H,Kyle Teel_H,C,263.6,417.7
Logan_O_Hoppe_H,Logan O'Hoppe_H,C,266.4,426.7
Jake_Burger_H,Jake Burger_H,1B,267.0,585.8
Andrew_Vaughn_H,Andrew Vaughn_H,1B,269.0,580.7
Connelly_Early_P,Connelly Early_P,SP,269.2,216.58
Yusei_Kikuchi_P,Yusei Kikuchi_P,SP,269.6,672.5
Otto_Lopez_H,Otto Lopez_H,2B;SS,270.2,603.2
Spencer_Steer_H,Spencer Steer_H,1B;OF,271.4,459.9
Ryan_Weathers_P,Ryan Weathers_P,SP,271.8,485.26
Chase_DeLauter_H,Chase DeLauter_H,OF;Util,272.6,474.0
Clay_Holmes_P,Clay Holmes_P,SP,273.6,650.82
Braxton_Ashcraft_P,Braxton Ashcraft_P,SP;RP,274.8,581.2
Tyler_Stephenson_H,Tyler Stephenson_H,C,275.0,436.8
Ryan_O_Hearn_H,Ryan O'Hearn_H,1B;OF;Util,275.4,576.9
Cody_Ponce_P,Cody Ponce_P,SP;RP,276.8,638.7
Bryce_Miller_P,Bryce Miller_P,SP,277.0,579.54
Mike_Burrows_P,Mike Burrows_P,SP;RP,280.0,550.32
Casey_Mize_P,Casey Mize_P,SP,280.8,590.12
Grayson_Rodriguez_P,Grayson Rodriguez_P,SP,281.8,503.36
Justin_Crawford_H,Justin Crawford_H,OF,284.4,482.9
Bailey_Ober_P,Bailey Ober_P,SP,284.6,618.28
Joey_Cantillo_P,Joey Cantillo_P,SP;RP,286.2,589.24
Willi_Castro_H,Willi Castro_H,2B;3B;SS;OF,287.2,539.6
Marcell_Ozuna_H,Marcell Ozuna_H,Util,288.0,636.2
Mark_Vientos_H,Mark Vientos_H,1B;3B;Util,288.2,487.3
Miguel_Vargas_H,Miguel Vargas_H,1B;3B,289.0,608.1
Evan_Carter_H,Evan Carter_H,OF,289.2,496.7
Sean_Manaea_P,Sean Manaea_P,SP;RP,290.6,543.28
Masyn_Winn_H,Masyn Winn_H,SS,291.2,619.0
Andrew_Painter_P,Andrew Painter_P,SP,292.0,393.94
Jasson_Dominguez_H,Jasson Dominguez_H,OF;Util,292.2,242.9
Robert_Garcia_P,Robert Garcia_P,RP,292.2,407.48
Spencer_Schwellenbach_P,Spencer Schwellenbach_P,SP,292.6,348.42
Matt_Shaw_H,Matt Shaw_H,2B;3B;OF;Util,292.8,321.1
Ian_Seymour_P,Ian Seymour_P,SP;RP,293.0,494.5
Quinn_Priester_P,Quinn Priester_P,SP;RP,293.6,510.52
Josh_Lowe_H,Josh Lowe_H,OF,297.5,514.5
Logan_Henderson_P,Logan Henderson_P,SP,297.6,387.0
Brady_Singer_P,Brady Singer_P,SP,297.8,676.52
Carson_Benge_H,Carson Benge_H,OF,298.6,377.1
Lenyn_Sosa_H,Lenyn Sosa_H,1B;2B;Util,300.5,392.1
Jordan_Lawlar_H,Jordan Lawlar_H,3B;OF,301.4,435.1
Jose_Soriano_P,Jose Soriano_P,SP,301.8,778.0
Zach_McKinstry_H,Zach McKinstry_H,2B;3B;SS;OF,302.6,395.4
Brayan_Bello_P,Brayan Bello_P,SP,302.8,628.54
Matt_Wallner_H,Matt Wallner_H,OF,305.0,553.0
Parker_Messick_P,Parker Messick_P,SP,305.2,519.2
Ryan_Jeffers_H,Ryan Jeffers_H,C;Util,305.2,519.4
Victor_Scott_H,Victor Scott_H,OF,306.4,434.5
Garrett_Whitlock_P,Garrett Whitlock_P,RP,306.6,371.3
Seth_Lugo_P,Seth Lugo_P,SP,307.4,588.6
Will_Warren_P,Will Warren_P,SP,308.2,512.92
Jonathan_India_H,Jonathan India_H,2B;3B;OF;Util,308.6,511.5
Brett_Baty_H,Brett Baty_H,1B;2B;3B;OF,309.8,462.3
Luis_Gil_P,Luis Gil_P,SP,310.0,408.4
Chris_Bassitt_P,Chris Bassitt_P,SP,310.4,667.58
Colt_Keith_H,Colt Keith_H,1B;2B;3B;Util,310.4,567.4
Jeff_McNeil_H,Jeff McNeil_H,2B;OF,310.4,561.0
Nick_Castellanos_H,Nick Castellanos_H,OF;Util,310.4,358.6
Jameson_Taillon_P,Jameson Taillon_P,SP,311.4,518.7
J_P_Crawford_H,J.P. Crawford_H,SS,312.0,558.3
David_Peterson_P,David Peterson_P,SP;RP,313.0,711.6
Cam_Smith_H,Cam Smith_H,OF,313.3,488.2
Josh_Smith_H,Josh Smith_H,1B;2B;3B;SS;OF,317.0,502.9
Jeremiah_Estrada_P,Jeremiah Estrada_P,RP,317.6,375.24
Brooks_Lee_H,Brooks Lee_H,2B;3B;SS,318.2,505.4
Carson_Kelly_H,Carson Kelly_H,C,318.3,363.7
Kirby_Yates_P,Kirby Yates_P,RP,318.8,308.52
Mitch_Keller_P,Mitch Keller_P,SP,320.4,725.8
Michael_Wacha_P,Michael Wacha_P,SP,321.2,636.84
Will_Vest_P,Will Vest_P,RP,322.4,367.38
Nolan_Arenado_H,Nolan Arenado_H,3B,323.2,552.2
Nolan_Schanuel_H,Nolan Schanuel_H,1B,324.2,642.4
Josh_Jung_H,Josh Jung_H,3B,324.6,513.2
Tyler_Mahle_P,Tyler Mahle_P,SP,324.8,524.9
Dylan_Beavers_H,Dylan Beavers_H,OF;Util,325.3,437.4
Tommy_Edman_H,Tommy Edman_H,2B;3B;OF,326.8,425.7
Anthony_Volpe_H,Anthony Volpe_H,SS,327.2,456.5
Cedric_Mullins_II_H,Cedric Mullins II_H,OF,328.0,470.3
Reid_Detmers_P,Reid Detmers_P,SP;RP,329.0,610.16
Reynaldo_Lopez_P,Reynaldo Lopez_P,SP;RP,330.4,594.62
Anthony_Santander_H,Anthony Santander_H,OF;Util,330.8,140.7
Brandon_Pfaadt_P,Brandon Pfaadt_P,SP;RP,331.6,654.58
Chad_Patrick_P,Chad Patrick_P,SP;RP,332.4,548.66
Zebby_Matthews_P,Zebby Matthews_P,SP,333.0,433.88
Jacob_Lopez_P,Jacob Lopez_P,SP,335.5,507.0
Justin_Steele_P,Justin Steele_P,SP,335.8,415.16
Andres_Gimenez_H,Andres Gimenez_H,2B;SS,336.2,511.1
Edwin_Uceta_P,Edwin Uceta_P,RP,337.8,351.2
Troy_Melton_P,Troy Melton_P,SP;RP,338.0,221.4
Riley_O_Brien_P,Riley O'Brien_P,RP,338.2,374.64
Cristian_Javier_P,Cristian Javier_P,SP,339.0,510.9
Cade_Cavalli_P,Cade Cavalli_P,SP,340.0,531.2
Jake_Cronenworth_H,Jake Cronenworth_H,1B;2B;SS,340.4,573.5
Bryce_Eldridge_H,Bryce Eldridge_H,1B;Util,341.0,337.8
Ryan_McMahon_H,Ryan McMahon_H,3B,343.4,471.6
Javier_Baez_H,Javier Baez_H,2B;3B;SS;OF,344.6,291.3
Carlos_Narvaez_H,Carlos Narvaez_H,C,345.8,391.5
Zach_Eflin_P,Zach Eflin_P,SP,346.0,546.98
Clayton_Beeter_P,Clayton Beeter_P,RP,346.3,370.66
Owen_Caissie_H,Owen Caissie_H,OF,346.8,429.1
Robby_Snelling_P,Robby Snelling_P,SP,347.3,344.06
Marcelo_Mayer_H,Marcelo Mayer_H,2B;3B,348.8,427.6
Max_Meyer_P,Max Meyer_P,SP,349.0,509.64
Hurston_Waldrep_P,Hurston Waldrep_P,SP,349.3,220.6
Kyle_Finnegan_P,Kyle Finnegan_P,RP,350.5,304.78
Harrison_Bader_H,Harrison Bader_H,OF,350.7,468.5
Matthew_Liberatore_P,Matthew Liberatore_P,SP,351.0,584.94
Brandon_Marsh_H,Brandon Marsh_H,OF,351.5,544.9
Jesus_Sanchez_H,Jesus Sanchez_H,OF;Util,353.0,458.5
Isaac_Collins_H,Isaac Collins_H,OF,353.7,453.3
Edgar_Quero_H,Edgar Quero_H,C;Util,354.0,414.6
Bo_Naylor_H,Bo Naylor_H,C,355.5,443.2
Justin_Sterner_P,Justin Sterner_P,RP,355.7,301.46
Jeffrey_Springs_P,Jeffrey Springs_P,SP,357.0,568.46
Luis_Severino_P,Luis Severino_P,SP,357.3,614.72
Moises_Ballesteros_H,Moises Ballesteros_H,C;Util,359.3,370.4
Lucas_Giolito_P,Lucas Giolito_P,SP,360.7,402.22
Dominic_Canzone_H,Dominic Canzone_H,OF;Util,360.8,431.8
Mike_Yastrzemski_H,Mike Yastrzemski_H,OF,361.8,479.2
Adrian_Morejon_P,Adrian Morejon_P,RP,362.0,358.32
Justin_Verlander_P,Justin Verlander_P,SP,362.0,534.22
Matt_Svanson_P,Matt Svanson_P,RP,362.0,322.78
Austin_Hays_H,Austin Hays_H,OF;Util,363.3,468.0
Grant_Holmes_P,Grant Holmes_P,SP,364.6,537.76
Grant_Taylor_P,Grant Taylor_P,SP;RP,366.0,492.28
Jonah_Tong_P,Jonah Tong_P,SP,366.0,154.28
Mick_Abel_P,Mick Abel_P,SP,366.3,429.16
Jake_Mangum_H,Jake Mangum_H,OF,367.3,321.7
Andrew_Benintendi_H,Andrew Benintendi_H,OF;Util,371.5,515.9
Victor_Vodnik_P,Victor Vodnik_P,RP,372.0,340.42
Nolan_Gorman_H,Nolan Gorman_H,2B;3B;Util,373.0,502.2
JoJo_Romero_P,JoJo Romero_P,RP,373.8,341.18
Taj_Bradley_P,Taj Bradley_P,SP,374.0,567.96
Johan_Oviedo_P,Johan Oviedo_P,SP,374.7,394.26
Josh_Bell_H,Josh Bell_H,1B;Util,376.0,610.9
Slade_Cecconi_P,Slade Cecconi_P,SP,376.0,557.56
Taylor_Rogers_P,Taylor Rogers_P,RP,376.5,333.04
Chase_Meidroth_H,Chase Meidroth_H,2B;3B;SS,376.7,521.7
Trevor_Larnach_H,Trevor Larnach_H,OF;Util,378.0,456.6
Simeon_Woods_Richardson_P,Simeon Woods Richardson_P,SP,379.0,520.56
Jordan_Walker_H,Jordan Walker_H,OF,379.3,489.2
Dustin_May_P,Dustin May_P,SP,379.6,608.7
Tanner_Scott_P,Tanner Scott_P,RP,380.3,335.38
Tyler_O_Neill_H,Tyler O'Neill_H,OF,380.8,452.6
Jorge_Soler_H,Jorge Soler_H,OF;Util,381.5,514.4
Coby_Mayo_H,Coby Mayo_H,1B;3B,383.8,262.1
Jordan_Leasure_P,Jordan Leasure_P,RP,384.0,302.92
Spencer_Arrighetti_P,Spencer Arrighetti_P,SP,384.0,347.38
Gavin_Sheets_H,Gavin Sheets_H,1B;OF;Util,384.3,477.1
Ha_Seong_Kim_H,Ha-Seong Kim_H,2B;SS,385.0,375.3
Connor_Norby_H,Connor Norby_H,1B;3B;Util,387.0,483.5
Spencer_Horwitz_H,Spencer Horwitz_H,1B,387.3,547.9
Luisangel_Acuna_H,Luisangel Acuna_H,2B;SS;OF,389.0,360.7
Kevin_Ginkel_P,Kevin Ginkel_P,RP,390.4,327.58
Victor_Robles_H,Victor Robles_H,OF,390.5,280.9
Triston_Casas_H,Triston Casas_H,1B,391.3,210.4
Paul_Sewald_P,Paul Sewald_P,RP,392.3,294.38
Luke_Weaver_P,Luke Weaver_P,RP,393.0,322.2
Garrett_Cleavinger_P,Garrett Cleavinger_P,RP,394.0,372.44
Lucas_Erceg_P,Lucas Erceg_P,RP,397.7,320.16
Zack_Littell_P,Zack Littell_P,SP,401.0,510.04
Payton_Tolle_P,Payton Tolle_P,SP;RP,402.5,215.84
Lars_Nootbaar_H,Lars Nootbaar_H,OF,403.7,547.4
Jared_Jones_P,Jared Jones_P,SP,404.5,421.74
Camilo_Doval_P,Camilo Doval_P,RP,408.0,349.8
Landen_Roupp_P,Landen Roupp_P,SP,411.0,523.82
Tony_Santillan_P,Tony Santillan_P,RP,412.0,311.24
Robert_Stephenson_P,Robert Stephenson_P,RP,412.3,163.68
Luis_Rengifo_H,Luis Rengifo_H,2B;3B;OF,413.3,403.8
Kody_Clemens_H,Kody Clemens_H,1B;2B;OF,417.0,283.2
Parker_Meadows_H,Parker Meadows_H,OF,417.0,428.0
Patrick_Bailey_H,Patrick Bailey_H,C,417.3,368.9
Dean_Kremer_P,Dean Kremer_P,SP,417.5,437.2
Harry_Ford_H,Harry Ford_H,C,417.7,227.0
Joey_Ortiz_H,Joey Ortiz_H,SS,420.0,508.9
Jake_McCarthy_H,Jake McCarthy_H,OF,422.7,389.3
Braxton_Garrett_P,Braxton Garrett_P,SP,423.0,484.1
Sean_Murphy_H,Sean Murphy_H,C,423.0,352.5
Luis_Morales_P,Luis Morales_P,SP,423.5,415.48
Kyle_Harrison_P,Kyle Harrison_P,SP;RP,425.0,389.24
Mauricio_Dubon_H,Mauricio Dubon_H,2B;3B;SS;OF,425.7,351.0
Thomas_White_P,Thomas White_P,SP,426.7,107.32
Colt_Emerson_H,Colt Emerson_H,SS,429.3,242.2
Victor_Caratini_H,Victor Caratini_H,C;1B;Util,430.0,326.1
Freddy_Fermin_H,Freddy Fermin_H,C,432.0,359.0
Kristian_Campbell_H,Kristian Campbell_H,2B;OF,432.5,166.4
Christian_Moore_H,Christian Moore_H,2B,434.0,328.9
Keibert_Ruiz_H,Keibert Ruiz_H,C,434.5,306.5
Denzel_Clarke_H,Denzel Clarke_H,OF,438.3,349.3
Brandon_Sproat_P,Brandon Sproat_P,SP,438.5,355.44
Nasim_Nunez_H,Nasim Nunez_H,2B;SS,439.0,310.9
Lourdes_Gurriel_Jr_H,Lourdes Gurriel Jr._H,OF,439.5,434.8
Lane_Thomas_H,Lane Thomas_H,OF,440.5,415.0
Wenceel_Perez_H,Wenceel Perez_H,OF,442.0,412.5
Jake_Meyers_H,Jake Meyers_H,OF,445.0,441.4
Jared_Triolo_H,Jared Triolo_H,1B;2B;3B;SS,445.0,455.4
Carson_Williams_H,Carson Williams_H,SS,458.5,403.5
Danny_Jansen_H,Danny Jansen_H,C,458.5,320.5
Dalton_Rushing_H,Dalton Rushing_H,C,462.7,199.9
Jacob_Webb_P,Jacob Webb_P,RP,464.0,225.8
Aidan_Miller_H,Aidan Miller_H,SS,465.0,74.5
Paul_Goldschmidt_H,Paul Goldschmidt_H,1B,471.8,367.2
Carlos_Rodriguez_P,Carlos Rodriguez_P,RP,476.0,115.2
Miguel_Andujar_H,Miguel Andujar_H,3B;OF;Util,476.0,344.2
Jack_Winkler_H,Jack Winkler_H,2B;3B;SS,480.5,5.1
Corbin_Burnes_P,Corbin Burnes_P,SP,495.2,199.58
Jose_Berrios_P,Jose Berrios_P,SP,501.3,398.04
Nick_Martinez_P,Nick Martinez_P,SP;RP,504.8,559.9
Tim_Hill_P,Tim Hill_P,RP,508.5,243.34
Kris_Bryant_H,Kris Bryant_H,Util,509.5,46.4
Rhett_Lowder_P,Rhett Lowder_P,SP,518.0,406.48
Stuart_Fairchild_H,Stuart Fairchild_H,OF,524.0,31.3
Bryan_De_La_Cruz_H,Bryan De La Cruz_H,OF,531.0,29.4
Tyler_Rogers_P,Tyler Rogers_P,RP,545.3,306.84
Alex_Vesia_P,Alex Vesia_P,RP,549.0,329.2
Matt_Strahm_P,Matt Strahm_P,RP,549.4,326.92
Hyeseong_Kim_H,Hyeseong Kim_H,2B;SS;OF,549.7,138.8
Matt_Brash_P,Matt Brash_P,RP,554.0,353.34
Rhys_Hoskins_H,Rhys Hoskins_H,1B;Util,554.3,380.9
Brady_House_H,Brady House_H,3B;Util,565.3,433.0
Wade_Meckler_H,Wade Meckler_H,OF,569.0,21.4
Austin_Hedges_H,Austin Hedges_H,C,573.5,74.9
Oswaldo_Cabrera_H,Oswaldo Cabrera_H,3B,577.0,103.5
Spencer_Jones_H,Spencer Jones_H,OF,578.5,48.8
Max_Scherzer_P,Max Scherzer_P,SP,589.3,409.36
Travis_Bazzana_H,Travis Bazzana_H,2B,601.3,200.0
Eric_Lauer_P,Eric Lauer_P,SP;RP,605.3,266.26
Elias_Diaz_H,Elias Diaz_H,C,609.5,39.8
Brad_Keller_P,Brad Keller_P,RP,621.3,296.54
Walker_Jenkins_H,Walker Jenkins_H,OF,622.0,96.1
Jason_Adam_P,Jason Adam_P,RP,627.3,287.08
Eduardo_Rodriguez_P,Eduardo Rodriguez_P,SP,629.3,512.46
Ke_Bryan_Hayes_H,Ke'Bryan Hayes_H,3B,634.0,438.2
Brooks_Raley_P,Brooks Raley_P,RP,635.0,273.16
Garrett_Mitchell_H,Garrett Mitchell_H,OF,636.7,358.8
Cole_Young_H,Cole Young_H,2B,639.7,361.5
Hogan_Harris_P,Hogan Harris_P,RP,641.3,323.62
Joe_Boyle_P,Joe Boyle_P,SP;RP,648.0,356.34
LaMonte_Wade_Jr_H,LaMonte Wade Jr._H,1B;OF,648.0,80.1
Jack_Dreyer_P,Jack Dreyer_P,SP;RP,654.5,239.36
Santiago_Espinal_H,Santiago Espinal_H,2B;3B;OF,675.0,90.0
Hunter_Gaddis_P,Hunter Gaddis_P,RP,680.0,298.08
Alex_Call_H,Alex Call_H,OF,685.0,163.5
Andrew_McCutchen_H,Andrew McCutchen_H,OF;Util,685.5,196.6
Blake_Treinen_P,Blake Treinen_P,RP,687.5,243.76
Bobby_Miller_P,Bobby Miller_P,SP,695.0,74.5
Eduard_Bazardo_P,Eduard Bazardo_P,RP,698.0,319.36
Adrian_Houser_P,Adrian Houser_P,SP,698.5,544.66
Keider_Montero_P,Keider Montero_P,SP;RP,698.5,192.32
Enrique_Hernandez_H,Enrique Hernandez_H,1B;2B;3B;OF,700.5,148.7
Zack_Gelof_H,Zack Gelof_H,2B;3B;OF,703.7,181.2
Michael_McGreevy_P,Michael McGreevy_P,SP,705.0,533.56
Cody_Freeman_H,Cody Freeman_H,2B,705.5,147.4
Jose_Corniell_P,Jose Corniell_P,SP;RP,706.5,95.36
Tyler_Wells_P,Tyler Wells_P,SP;RP,712.0,260.54
Patrick_Corbin_P,Patrick Corbin_P,SP,715.0,248.18
Kyle_Freeland_P,Kyle Freeland_P,SP,722.5,495.0
Phil_Maton_P,Phil Maton_P,RP,723.5,328.68
Angel_Zerpa_P,Angel Zerpa_P,RP,725.5,274.98
Andrew_Kittredge_P,Andrew Kittredge_P,RP,726.0,291.64
Kyle_Leahy_P,Kyle Leahy_P,SP;RP,726.0,462.62
Rafael_Marchan_H,Rafael Marchan_H,C,728.5,120.5
Ryan_Waldschmidt_H,Ryan Waldschmidt_H,OF,729.5,160.0
Bryan_King_P,Bryan King_P,RP,730.5,306.32
Didier_Fuentes_P,Didier Fuentes_P,SP;RP,730.5,160.64
Rowdy_Tellez_H,Rowdy Tellez_H,1B,732.5,112.4
Jose_Butto_P,Jose Butto_P,SP;RP,735.0,280.96
Jesus_Rodriguez_H,Jesus Rodriguez_H,C,736.5,65.0
Liam_Hicks_H,Liam Hicks_H,C;1B;Util,739.0,270.8
Eli_White_H,Eli White_H,OF,743.0,139.5
Jose_A_Ferrer_P,Jose A. Ferrer_P,RP,743.0,369.08
Erick_Fedde_P,Erick Fedde_P,SP;RP,745.5,338.02
Jake_Rogers_H,Jake Rogers_H,C,748.5,167.4
Alexis_Diaz_P,Alexis Diaz_P,RP,753.0,100.8
Javier_Sanoja_H,Javier Sanoja_H,2B;3B;SS;OF,759.0,222.8
Gavin_Lux_H,Gavin Lux_H,2B;3B;OF;Util,760.5,441.2
Nolan_Jones_H,Nolan Jones_H,OF,762.5,129.5
Sean_Burke_P,Sean Burke_P,SP;RP,769.0,487.28
Ben_Brown_P,Ben Brown_P,SP;RP,771.0,329.54
Travis_d_Arnaud_H,Travis d'Arnaud_H,C,771.5,177.7
Louis_Varland_P,Louis Varland_P,RP,775.0,319.32
Zac_Veen_H,Zac Veen_H,OF,777.0,134.3
Jonny_DeLuca_H,Jonny DeLuca_H,OF,778.5,256.9
Ryan_Clifford_H,Ryan Clifford_H,1B;OF,781.5,52.0
Ryan_Ward_H,Ryan Ward_H,1B;OF,782.0,18.1
Jorge_Mateo_H,Jorge Mateo_H,2B;SS;OF,787.0,143.7
River_Ryan_P,River Ryan_P,SP,787.0,153.98
Sung_Mun_Song_H,Sung-Mun Song_H,2B;3B,791.5,265.5
Leo_De_Vries_H,Leo De Vries_H,SS,793.0,34.4
Foster_Griffin_P,Foster Griffin_P,SP;RP,796.0,570.16
Davis_Schneider_H,Davis Schneider_H,2B;OF,810.0,338.3
Jake_Bauers_H,Jake Bauers_H,1B;OF,810.5,305.2
Christopher_Morel_H,Christopher Morel_H,1B;OF;Util,811.0,382.7
Luke_Raley_H,Luke Raley_H,1B;OF,813.5,311.3
Otto_Kemp_H,Otto Kemp_H,1B;3B;OF,817.0,230.4
Casey_Schmitt_H,Casey Schmitt_H,1B;2B;3B;Util,818.5,214.7
Darell_Hernaiz_H,Darell Hernaiz_H,2B;3B;SS,821.0,181.8
Carlos_Lagrange_P,Carlos Lagrange_P,SP,821.5,47.48
Eric_Wagaman_H,Eric Wagaman_H,1B;OF,823.5,144.5
Nick_Gonzales_H,Nick Gonzales_H,2B;3B;SS,824.0,389.6
Miguel_Rojas_H,Miguel Rojas_H,2B;3B;SS,825.0,156.1
James_Outman_H,James Outman_H,OF,825.5,205.2
Amed_Rosario_H,Amed Rosario_H,2B;3B,830.0,204.3
Shawn_Armstrong_P,Shawn Armstrong_P,RP,831.0,324.66
Gabe_Speier_P,Gabe Speier_P,RP,832.0,312.34
Fernando_Cruz_P,Fernando Cruz_P,RP,835.0,323.24
Ramon_Urias_H,Ramon Urias_H,2B;3B,835.0,276.3
Jonah_Heim_H,Jonah Heim_H,C;Util,837.5,93.2
Michael_Lorenzen_P,Michael Lorenzen_P,SP;RP,839.5,434.6
Alex_Freeland_H,Alex Freeland_H,2B;3B;SS,840.5,113.2
Dylan_Moore_H,Dylan Moore_H,1B;2B;3B;OF,841.0,149.5
Jose_Alvarado_P,Jose Alvarado_P,RP,841.0,311.7
Michael_Conforto_H,Michael Conforto_H,OF;Util,841.0,127.3
Nathan_Lukes_H,Nathan Lukes_H,OF,845.0,317.8
Gregory_Soto_P,Gregory Soto_P,RP,846.0,315.06
Edmundo_Sosa_H,Edmundo Sosa_H,2B;3B;SS,848.5,231.8
Connor_Wong_H,Connor Wong_H,C,849.5,202.8
Isiah_Kiner_Falefa_H,Isiah Kiner-Falefa_H,2B;3B;SS,850.0,167.3
James_McCann_H,James McCann_H,C,851.0,161.3
Jordan_Romano_P,Jordan Romano_P,RP,852.5,271.06
Walker_Buehler_P,Walker Buehler_P,SP,864.5,232.84
JP_Sears_P,JP Sears_P,SP,869.5,166.36
Abimelec_Ortiz_H,Abimelec Ortiz_H,1B;OF,872.0,198.8
Chase_Dollander_P,Chase Dollander_P,SP;RP,904.5,361.32
