"Rank","Player","Team","Positions","RTS","NFBC","FT","ESPN","Yahoo","CBS","AVG"
"1","Ronald Acuna Jr.","ATL","RF","1","1","1","2","1","1","1.0"
"2","Fernando Tatis Jr.","SD","2B,RF","2","2","2","4","2","3","2.2"
"3","Mookie Betts","LAD","SS","3","4","3","1","3","2","3.0"
"4","Juan Soto","NYM","LF,RF,DH","4","3","4","6","4","5","4.0"
"5","Mike Trout","LAA","CF,RF,DH","5","6","5","3","5","4","5.0"
"6","Jacob deGrom","TEX","SP","6","5","6","7","6","6","6.2"
"7","Gerrit Cole","NYY","SP","7","7","7","5","7","8","7.2"
"8","Trea Turner","PHI","SS","8","8","9","8","8","7","8.2"
"9","Shane Bieber","TOR","SP","9","9","8","10","10","9","9.4"
"10","Jose Ramirez","CLE","3B,DH","10","10","10","11","12","10","10.2"
"11","Freddie Freeman","LAD","1B","12","13","11","9","11","13","12.0"
"12","Christian Yelich","MIL","LF,DH","13","11","12","13","9","11","12.0"
"13","Trevor Story","BOS","SS","11","12","14","15","13","12","12.4"
"14","Trevor Bauer","","SP","14","14","13","14","14","14","14.0"
"15","Cody Bellinger","NYY","LF,CF,RF","15","15","15","12","19","16","14.6"
"16","Francisco Lindor","NYM","SS","16","19","19","16","15","15","16.2"
"17","Yu Darvish","SD","SP","17","16","16","19","18","18","17.0"
"18","Bryce Harper","PHI","1B","18","18","17","17","17","17","17.2"
"19","Lucas Giolito","SD","SP","20","17","18","24","21","20","19.2"
"20","Manny Machado","SD","3B","21","20","21","18","16","19","19.8"
"21","Walker Buehler","SD","SP","19","21","20","20","20","26","20.0"
"22","Aaron Nola","PHI","SP","23","22","22","25","23","24","22.8"
"23","Max Scherzer","TOR","SP","25","25","23","21","24","23","24.0"
"24","Bo Bichette","NYM","3B,SS","26","23","25","31","22","31","25.4"
"25","DJ LeMahieu","","1B,2B,3B","22","26","26","26","29","21","25.8"
"26","Corey Seager","TEX","SS","31","28","38","22","37","22","28.0"
"27","Luis Castillo","SEA","SP","27","27","24","36","38","28","28.4"
"28","Anthony Rendon","LAA","3B","34","38","29","28","28","25","28.8"
"29","Adalberto Mondesi","","SS","24","24","46","65","27","29","30.0"
"30","Clayton Kershaw","","SP","32","33","28","32","26","27","30.4"
"31","Xander Bogaerts","SD","SS","33","31","33","23","25","33","31.0"
"32","Jack Flaherty","DET","SP","30","29","27","34","31","32","31.2"
"33","Nolan Arenado","ARI","3B","35","42","31","30","30","36","32.4"
"34","Alex Bregman","CHC","3B","41","45","34","27","32","30","32.8"
"35","Kyle Tucker","LAD","RF,DH","37","30","35","33","48","42","35.4"
"36","Ozzie Albies","ATL","2B","36","34","30","39","33","35","35.4"
"37","Brandon Woodruff","MIL","SP","38","32","32","37","50","44","36.6"
"38","Jose Abreu","","1B","29","37","39","38","35","38","37.4"
"39","Luis Robert Jr.","NYM","CF","39","35","37","42","34","48","37.4"
"40","Rafael Devers","SF","1B,DH","45","40","42","35","36","39","38.4"
"41","Whit Merrifield","","2B,3B,LF","28","36","44","43","40","34","39.4"
"42","Marcell Ozuna","PIT","DH","40","43","41","29","39","37","40.0"
"43","Blake Snell","LAD","SP","43","44","36","46","49","41","44.6"
"44","Aaron Judge","NYY","LF,CF,RF,DH","50","51","52","41","41","40","44.6"
"45","Tim Anderson","","2B,SS","47","41","53","48","45","47","45.6"
"46","Pete Alonso","BAL","1B,DH","51","53","45","44","47","43","46.0"
"47","Kenta Maeda","","SP,RP","46","47","48","49","61","45","47.0"
"48","J.T. Realmuto","PHI","C","42","39","50","47","52","50","48.2"
"49","Tyler Glasnow","LAD","SP","48","46","40","45","54","51","48.8"
"50","George Springer","TOR","LF,CF,RF,DH","52","50","47","50","44","46","49.0"
"51","Vladimir Guerrero Jr.","TOR","1B,DH","54","48","49","40","43","52","49.2"
"52","Lance Lynn","","SP","55","52","43","53","65","53","51.2"
"53","Starling Marte","KC","LF,RF,DH","53","49","58","52","42","49","52.2"
"54","Josh Hader","HOU","RP","56","57","57","51","53","61","54.8"
"55","Liam Hendriks","CHC","RP","49","55","62","57","51","59","56.8"
"56","Corbin Burnes","ARI","SP","57","54","51","60","60","57","57.6"
"57","Gleyber Torres","DET","2B","67","59","59","54","58","58","57.6"
"58","Randy Arozarena","SEA","LF,CF","58","56","60","64","55","62","58.2"
"59","Stephen Strasburg","","SP","59","64","61","74","63","54","60.2"
"60","Cavan Biggio","HOU","1B,2B,RF","60","60","54","77","71","64","61.8"
"61","Eugenio Suarez","CIN","3B,DH","69","61","65","59","62","63","62.0"
"62","Hyun Jin Ryu","","SP","61","69","56","61","67","68","65.2"
"63","Brandon Lowe","PIT","2B","64","62","68","63","73","78","66.0"
"64","Max Fried","NYY","SP","65","67","55","72","89","75","66.8"
"65","Aroldis Chapman","BOS","RP","62","66","80","67","70","74","67.8"
"66","Ketel Marte","ARI","2B,DH","78","72","71","55","72","56","69.8"
"67","Michael Conforto","CHC","LF,RF,DH","66","68","64","56","74","79","70.2"
"68","Paul Goldschmidt","NYY","1B","70","89","73","69","69","71","70.4"
"69","Keston Hiura","LAD","1B,2B","79","65","70","94","66","77","71.4"
"70","Charlie Blackmon","","RF,DH","75","87","72","66","77","72","72.4"
"71","Luke Voit","","1B","63","73","110","87","59","82","72.8"
"72","Kyle Hendricks","","SP,RP","73","78","63","68","79","73","74.2"
"73","Zach Plesac","","SP","76","74","66","102","99","60","75.0"
"74","Nick Castellanos","SD","RF,DH","86","75","78","58","75","67","76.2"
"75","Javier Baez","DET","2B,3B,SS,CF","88","63","83","62","56","86","76.4"
"76","Jose Berrios","TOR","SP","84","81","67","70","85","70","78.0"
"77","Yordan Alvarez","HOU","LF,DH","74","79","91","83","57","69","79.2"
"78","Trent Grisham","NYY","CF","81","70","74","79","87","84","81.0"
"79","Teoscar Hernandez","LAD","LF,RF","80","77","92","76","83","100","81.6"
"80","Matt Olson","ATL","1B","89","85","69","81","91","66","83.0"
"81","Edwin Diaz","LAD","RP","72","71","90","85","81","87","83.0"
"82","Austin Meadows","","LF","91","82","82","97","88","81","84.8"
"83","Zac Gallen","ARI","SP","68","58","146","120","76","106","85.6"
"84","Salvador Perez","KC","C,1B,DH","77","76","104","82","96","99","86.0"
"85","Nelson Cruz","","DH","82","92","86","92","64","80","86.4"
"86","Jose Altuve","HOU","2B,LF,DH","99","90","84","78","82","55","86.6"
"87","Zack Wheeler","PHI","SP","92","96","79","90","102","83","88.0"
"88","Lourdes Gurriel Jr.","ARI","LF","98","84","97","84","86","89","88.0"
"89","Ian Anderson","","SP,RP","83","94","75","127","104","91","89.4"
"90","Sonny Gray","BOS","SP","85","80","93","101","90","111","89.8"
"91","J.D. Martinez","","DH","101","91","76","91","78","94","91.0"
"92","Anthony Rizzo","","1B","96","98","87","75","80","95","91.2"
"93","Zack Greinke","","SP","94","99","77","95","92","65","91.4"
"94","Raisel Iglesias","ATL","RP","87","86","102","98","84","112","91.4"
"95","Yoan Moncada","LAA","3B","106","83","81","104","68","93","93.4"
"96","Max Muncy","LAD","3B","95","93","88","80","101","97","94.8"
"97","Chris Paddack","CIN","SP,RP","110","103","89","89","116","92","96.6"
"98","Matt Chapman","SF","3B","122","109","94","93","97","96","97.8"
"99","Jeff McNeil","ATH","2B,LF,CF,RF","105","88","99","73","103","98","98.6"
"100","Will Smith","LAD","C","90","97","114","86","108","121","99.0"
"101","Jesus Luzardo","PHI","SP","102","95","85","96","112","110","103.0"
"102","James Karinchak","ATL","RP","97","105","116","129","94","105","103.4"
"103","Dansby Swanson","CHC","SS","108","101","105","103","114","109","105.2"
"104","Brad Hand","","RP","93","114","119","126","100","104","106.0"
"105","Ryan Pressly","","RP","103","106","131","106","107","113","107.0"
"106","Dinelson Lamet","","SP,RP","71","102","113","105","111","107","107.6"
"107","Charlie Morton","","SP,RP","111","110","103","122","113","102","107.8"
"108","Giancarlo Stanton","NYY","LF,RF,DH","117","112","108","116","93","85","109.2"
"109","Alec Bohm","PHI","1B,3B","118","104","106","117","106","142","110.2"
"110","Mike Yastrzemski","ATL","LF,CF,RF","116","139","101","100","105","138","112.0"
"111","Kenley Jansen","DET","RP","109","120","122","113","98","103","113.4"
"112","Dylan Bundy","","SP","112","113","98","121","109","115","114.0"
"113","Eloy Jimenez","","RF,DH","44","175","","233","46","76","114.8"
"114","Kris Bryant","COL","DH","127","124","100","109","95","116","115.2"
"115","Mike Moustakas","","1B,3B","125","111","112","118","120","119","116.0"
"116","Carlos Carrasco","ATL","SP","100","107","96","179","122","156","116.2"
"117","Willson Contreras","BOS","1B","107","116","132","107","121","90","116.6"
"118","Julio Urias","","SP","124","119","111","111","124","131","117.8"
"119","Eddie Rosario","","LF,CF,RF,DH","104","100","150","71","117","122","118.6"
"120","Trevor Rosenthal","","RP","113","130","234","114","119","117","118.6"
"121","Carlos Correa","HOU","3B,SS","129","118","118","108","123","88","119.2"
"122","Wil Myers","","1B,LF,RF","128","127","151","110","110","123","119.6"
"123","Dominic Smith","ATL","1B,DH","114","122","117","136","125","124","120.4"
"124","Lance McCullers Jr.","HOU","SP","130","115","109","132","126","118","124.2"
"125","Patrick Corbin","TOR","SP","123","136","95","130","137","101","125.4"
"126","Yasmani Grandal","","C","115","126","124","125","128","125","125.6"
"127","Joey Gallo","","1B,LF,CF,RF","153","145","120","115","142","114","127.2"
"128","Byron Buxton","MIN","CF,DH","121","108","135","131","127","129","128.6"
"129","Alex Verdugo","","LF,RF","137","129","126","134","130","128","129.4"
"130","Joe Musgrove","SD","SP","134","121","123","140","115","134","130.4"
"131","Sandy Alcantara","MIA","SP","132","132","115","163","155","126","132.0"
"132","Marcus Semien","NYM","2B","144","123","121","112","139","135","132.4"
"133","Ke'Bryan Hayes","CIN","3B","136","131","133","147","138","127","133.0"
"134","Tommy Pham","BAL","LF,CF,RF","126","138","158","145","118","139","133.2"
"135","Josh Bell","MIN","1B,DH","138","141","128","119","147","108","134.6"
"136","Sixto Sanchez","","SP,RP","131","133","107","153","135","132","136.8"
"137","Kevin Gausman","TOR","SP","142","135","127","160","131","152","137.4"
"138","Pablo Lopez","MIN","SP","139","128","129","156","144","153","138.6"
"139","Rhys Hoskins","CLE","1B,DH","163","157","130","128","136","145","139.2"
"140","Travis d'Arnaud","LAA","C","119","134","152","135","132","146","139.8"
"141","Jorge Soler","LAA","RF,DH","175","140","143","169","129","133","142.8"
"142","Gary Sanchez","MIL","C,1B,DH","140","154","162","142","148","136","144.0"
"143","Michael Brantley","","LF","143","147","139","99","152","147","145.6"
"144","Corey Kluber","","SP,RP","146","168","138","144","163","141","146.4"
"145","Tommy Edman","LAD","2B,3B,CF","148","125","137","149","149","154","147.4"
"146","Kyle Lewis","","DH","141","144","125","164","154","140","148.6"
"147","Ramon Laureano","SD","LF,CF,RF","154","142","140","133","156","151","148.6"
"148","Trey Mancini","LAA","1B,LF,RF","150","158","154","138","214","143","148.6"
"149","Victor Robles","SEA","LF,CF,RF","147","137","220","139","161","164","149.6"
"150","Eric Hosmer","","1B","164","146","142","141","169","155","149.6"
"151","Franmil Reyes","","RF,DH","159","149","147","165","145","158","151.6"
"152","Dylan Moore","PHI","1B,2B,3B,LF,RF","135","117","174","171","140","144","152.8"
"153","Ian Happ","CHC","LF","169","152","144","123","150","163","155.6"
"154","Shohei Ohtani","LAD","SP,DH","160","169","145","88","184","130","157.6"
"155","Didi Gregorius","","SS","152","153","157","124","157","169","157.6"
"156","Ryan Mountcastle","BAL","1B,DH","167","148","156","155","162","186","157.6"
"157","Gio Urshela","","3B","155","159","165","143","173","137","159.0"
"158","Anthony Santander","TOR","LF,RF,DH","157","156","148","137","168","172","160.2"
"159","Devin Williams","NYM","RP","172","173","221","157","134","167","160.6"
"160","Alex Colome","","RP","145","165","176","174","133","150","162.0"
"161","Dylan Carlson","PHI","LF,CF,RF","166","150","163","166","171","189","163.2"
"162","Will Smith","","RP","151","189","193","146","","148","165.4"
"163","Marco Gonzales","SD","SP","158","163","136","159","164","185","165.8"
"164","Craig Kimbrel","NYM","RP","165","167","233","178","153","173","167.2"
"165","Michael Soroka","ARI","SP,RP","168","174","153","191","167","177","167.8"
"166","Clint Frazier","","LF,RF","170","164","166","190","194","157","169.4"
"167","Christian Vazquez","HOU","C","133","143","183","172","159","191","169.6"
"168","Frankie Montas","","SP","183","155","141","180","151","187","171.2"
"169","Rafael Montero","NYY","RP","177","181","215","175","158","176","173.4"
"170","Max Kepler","","LF,RF","197","178","164","161","206","174","174.8"
"171","Dallas Keuchel","","SP","187","198","161","182","182","162","174.8"
"172","Chris Bassitt","BAL","SP","178","179","149","211","160","220","175.4"
"173","Tyler Mahle","SF","SP","201","162","168","215","172","175","175.6"
"174","Andres Gimenez","TOR","2B,SS","161","151","199","216","178","193","176.4"
"175","German Marquez","SD","SP","194","171","134","148","185","195","178.6"
"176","Josh Donaldson","","3B","196","180","170","186","166","149","179.6"
"177","Miguel Sano","","1B,3B","206","184","171","173","193","178","179.8"
"178","Nick Solak","SD","1B","191","160","177","152","223","231","180.6"
"179","AJ Pollock","","LF,CF,RF,DH","173","187","194","177","176","237","181.4"
"180","David Price","","SP,RP","181","205","169","240","165","188","181.6"
"181","Triston McKenzie","SD","SP,RP","180","190","167","223","186","192","183.0"
"182","Jameson Taillon","CHC","SP","188","191","172","201","233","165","183.4"
"183","Jose Urquidy","PIT","RP","198","185","175","189","187","181","183.4"
"184","Zach Eflin","BAL","SP","207","177","187","183","177","229","186.2"
"185","James McCann","ARI","C","149","166","208","204","189","166","186.6"
"186","Kyle Schwarber","PHI","LF,DH","228","183","180","167","208","199","187.4"
"187","Justin Turner","","1B,3B","199","194","195","158","183","170","188.2"
"188","Nick Madrigal","LAA","2B,3B","210","182","292","154","240","161","189.4"
"189","Marcus Stroman","","SP","208","186","159","181","190","184","189.8"
"190","Jake Cronenworth","SD","1B,2B,SS","189","193","185","238","195","190","190.4"
"191","Aaron Civale","ATH","SP,RP","209","170","155","200","201","179","191.8"
"192","Jordan Romano","COL","RP","182","313","251","187","174","168","192.4"
"193","Framber Valdez","DET","SP","162","203","204","","141","264","194.8"
"194","Jean Segura","","2B,3B","215","172","186","162","207","200","196.0"
"195","Sean Murphy","ATL","C","174","161","286","235","203","209","196.4"
"196","Jarred Kelenic","CWS","CF,RF","203","196","178","195","247","216","197.6"
"197","Andrew Heaney","","SP","231","204","179","198","181","249","198.6"
"198","Dustin May","STL","SP","190","201","160","209","175","223","199.6"
"199","Eduardo Rodriguez","ARI","SP","184","212","173","207","188","210","200.2"
"200","Jordan Hicks","CWS","SP,RP","200","213","225","184","180","160","200.4"
"201","Nick Anderson","ATH","RP","156","257","435","266","143","183","201.0"
"202","Taylor Rogers","MIN","RP","176","195","244","212","179","259","201.2"
"203","Mitch Garver","SEA","C,DH","192","197","260","224","225","180","203.6"
"204","James Paxton","","SP","214","216","191","193","205","182","203.8"
"205","Andrew McCutchen","TEX","RF,DH","221","188","189","151","198","230","205.2"
"206","Richard Rodriguez","","RP","195","206","254","208","192","225","205.2"
"207","David Fletcher","","2B,SS","256","215","205","203","204","208","207.0"
"208","Chris Taylor","LAA","2B,LF,CF,RF","216","211","209","170","234","280","208.0"
"209","Jonathan Villar","","2B,3B","186","207","228","","170","252","208.6"
"210","Drew Pomeranz","LAA","SP,RP","202","244","207","228","199","207","208.6"
"211","Christian Walker","HOU","1B","224","192","184","196","209","226","209.4"
"212","Shohei Ohtani (Batter)","LAD","DH","","","","","211","","211.0"
"213","Cristian Javier","HOU","SP","227","223","192","250","231","197","214.0"
"214","Carlos Santana","ARI","1B","237","267","188","188","301","196","215.2"
"215","Greg Holland","","RP","193","243","264","227","212","202","215.4"
"216","Austin Riley","ATL","3B","254","202","200","199","296","234","217.8"
"217","Jared Walsh","","1B,RF","225","210","213","268","248","198","218.8"
"218","Amir Garrett","","RP","185","249","242","231","196","159","220.6"
"219","Andrew Vaughn","MIL","1B","218","235","210","192","250","171","221.0"
"220","C.J. Cron","","1B","213","217","245","168","220","212","221.4"
"221","Michael Pineda","","SP","217","226","206","244","297","217","222.0"
"222","Matt Barnes","","RP","222","222","223","234","202","211","222.4"
"223","Hunter Dozier","","1B,3B,LF,RF","239","219","196","237","348","224","223.0"
"224","Raimel Tapia","","LF,CF,RF","205","229","267","205","","214","224.0"
"225","Austin Nola","","C","171","176","236","256","197","258","224.6"
"226","Gavin Lux","TB","2B,3B,LF,DH","242","220","182","194","224","243","224.6"
"227","Aaron Hicks","","LF,CF,RF","249","241","227","202","334","204","224.6"
"228","Mitch Haniger","","RF","236","232","216","222","319","228","226.8"
"229","Sean Manaea","NYM","SP,RP","244","236","198","176","236","236","230.0"
"230","John Means","KC","SP","238","214","197","282","290","219","230.0"
"231","Jesse Winker","","LF,RF,DH","247","200","203","252","221","233","231.2"
"232","Jordan Montgomery","TEX","SP","273","208","212","221","","244","231.6"
"233","Nick Senzel","LAD","3B,LF,CF,RF","240","224","257","242","","205","233.6"
"234","Paul DeJong","DET","2B,3B,SS","250","221","235","214","268","248","233.6"
"235","Andrew Benintendi","CWS","LF,DH","251","209","211","185","242","256","233.8"
"236","Daulton Varsho","TOR","LF,CF","179","233","259","","210","290","234.2"
"237","Jorge Polanco","NYM","2B,3B,DH","267","230","230","210","283","239","235.2"
"238","Ha-Seong Kim","ATL","2B,SS","204","272","181","","235","287","235.8"
"239","Ryan McMahon","NYY","3B","255","218","246","217","","245","236.2"
"240","Domingo German","","SP,RP","220","261","255","232","222","194","238.0"
"241","Mark Canha","","LF,RF","269","251","217","226","366","240","240.6"
"242","Joc Pederson","TEX","DH","223","255","237","150","244","246","241.0"
"243","Kyle Seager","","3B","275","262","229","218","352","227","242.2"
"244","Randal Grichuk","CWS","LF,RF,DH","246","253","201","230","284","330","242.8"
"245","Leody Taveras","BAL","CF,RF","226","199","224","254","251","268","244.6"
"246","Willi Castro","COL","2B,3B,SS,LF,RF","253","225","226","309","386","215","245.6"
"247","Nathan Eovaldi","TEX","SP","298","234","218","248","246","289","247.0"
"248","Joakim Soria","","RP","252","324","314","213","237","221","247.4"
"249","Kolten Wong","","2B","262","259","278","229","","213","248.2"
"250","Brandon Nimmo","TEX","LF,CF,RF","289","254","222","220","","257","248.4"
"251","Ty France","SD","1B","211","269","269","278","312","222","249.8"
"252","Yadier Molina","","C","233","258","319","243","253","265","250.4"
"253","Zach Davies","","SP","230","238","190","262","256","273","251.8"
"254","Buster Posey","","C,1B","229","239","303","245","270","276","251.8"
"255","Bobby Dalbec","","1B,3B","241","260","252","271","314","241","253.0"
"256","Daniel Bard","","RP","261","276","308","267","232","235","254.2"
"257","Archie Bradley","","RP","245","285","280","261","191","201","254.4"
"258","Tony Gonsolin","","SP","279","242","202","280","217","254","254.4"
"259","Elieser Hernandez","ATL","SP,RP","282","228","243","249","215","274","255.2"
"260","Ryan Yarbrough","NYY","SP,RP","296","247","248","258","249","279","256.2"
"261","Emilio Pagan","CIN","RP","232","353","343","260","219","238","258.4"
"262","Freddy Peralta","NYM","SP","259","283","293","206","216","250","260.2"
"263","Noah Syndergaard","","SP","280","307","240","247","288","253","261.6"
"264","Diego Castillo","","RP","234","297","299","265","218","206","262.6"
"265","Mark Melancon","","RP","212","273","291","276","200","277","265.8"
"266","Eduardo Escobar","","2B,3B","317","278","253","246","269","291","267.4"
"267","Brian Anderson","","3B,RF","293","245","732","225","358","218","267.8"
"268","Austin Hays","CWS","LF,DH","314","231","270","197","","338","270.0"
"269","J.D. Davis","","1B,3B","345","248","232","419","274","251","270.0"
"270","Garrett Hampson","CIN","2B,LF,CF","295","240","262","288","382","269","270.8"
"271","Chris Sale","ATL","SP","271","304","258","255","282","288","270.8"
"272","Lorenzo Cain","","CF","349","266","266","257","272","303","272.8"
"273","Yuli Gurriel","","1B,DH","300","299","272","236","363","263","274.0"
"274","Jake McGee","","RP","302","342","365","241","241","260","277.2"
"275","David Peralta","","LF,RF","315","263","282","219","","310","277.8"
"276","Giovanny Gallegos","","RP","248","287","276","283","281","271","279.6"
"277","Anthony Bass","","RP","258","298","318","285","213","242","280.2"
"278","Manuel Margot","","LF,CF,RF","268","250","300","305","","281","280.8"
"279","Matthew Boyd","CHC","SP","343","282","263","251","293","315","280.8"
"280","Taijuan Walker","","SP,RP","304","268","261","325","","247","281.0"
"281","Brady Singer","CIN","SP","285","237","231","294","316","283","283.0"
"282","Jake Odorizzi","","SP","305","264","268","281","","300","283.6"
"283","Carson Kelly","CHC","C","288","252","323","296","345","261","284.0"
"284","Nate Pearson","HOU","RP","272","288","219","324","","318","284.2"
"285","Wander Franco","TB","SS","270","274","704","273","333","272","284.4"
"286","Wilson Ramos","","C","243","265","317","290","374","323","287.6"
"287","Madison Bumgarner","","SP","277","314","289","284","","285","289.8"
"288","Kwang Hyun Kim","","SP,RP","260","311","249","","306","324","290.0"
"289","Jon Berti","","2B,3B","292","284","284","373","298","293","290.2"
"290","Adam Wainwright","","SP","281","322","296","269","294","203","292.4"
"291","Robbie Ray","SF","SP","283","289","238","303","292","304","294.2"
"292","Kole Calhoun","","1B,LF,RF","263","315","273","","335","286","294.4"
"293","Victor Reyes","","LF,CF,RF","219","286","285","","322","361","294.6"
"294","Jeimer Candelario","LAA","1B,3B","341","256","298","286","","295","295.2"
"295","Jorge Alfaro","KC","C","276","246","320","","385","262","297.8"
"296","Cesar Hernandez","","2B,3B,LF","399","331","281","253","300","325","298.0"
"297","Isiah Kiner-Falefa","BOS","2B,3B,SS","311","281","326","","229","350","299.4"
"298","Myles Straw","TOR","LF,CF,RF","257","302","333","315","384","292","299.8"
"299","Alex Dickerson","","RF","329","318","321","270","383","266","300.8"
"300","Tarik Skubal","DET","SP","334","291","277","338","","278","303.6"
"301","Hector Neris","","RP","297","290","295","302","227","335","303.8"
"302","Joey Votto","","1B","396","328","294","259","343","309","306.6"
"303","Tommy La Stella","","DH","394","319","279","264","370","301","306.6"
"304","Michael Kopech","","RP","323","334","274","297","","305","306.6"
"305","Dylan Cease","TOR","SP","348","306","290","312","","297","310.6"
"306","Mike Minor","","SP","355","279","275","287","","359","311.0"
"307","Brad Keller","PHI","RP","325","312","265","340","","320","312.4"
"308","Alejandro Kirk","TOR","C","290","277","325","400","347","327","313.2"
"309","Bryan Reynolds","PIT","LF,CF,RF,DH","357","292","309","274","","337","313.8"
"310","Jurickson Profar","ATL","LF","320","280","307","329","350","","317.2"
"311","Jake Diekman","","RP","294","389","297","320","286","","317.2"
"312","Justin Upton","","RF","318","316","328","307","368","319","317.6"
"313","Tejay Antone","CIN","RP","333","317","304","","337","306","319.4"
"314","Jackie Bradley Jr.","","CF,RF","309","341","331","277","342","","320.0"
"315","Pete Fairbanks","MIA","RP","310","355","315","263","310","316","321.2"
"316","Rowdy Tellez","ATL","1B","330","293","305","","326","357","322.2"
"317","Adam Eaton","","RF","388","335","329","333","329","302","325.6"
"318","Chris Martin","TEX","RP","340","340","306","300","226","343","325.8"
"319","Trevor Rogers","BAL","SP","266","349","369","336","273","317","328.8"
"320","Deivi Garcia","","RP","360","356","271","","324","334","329.0"
"321","Casey Mize","DET","SP","337","363","302","304","","341","329.4"
"322","Luis Severino","ATH","SP","356","374","312","292","","314","329.6"
"323","MacKenzie Gore","TEX","SP","367","345","283","327","","340","332.4"
"324","Danny Jansen","TEX","C","324","308","359","","303","368","332.4"
"325","Carlos Martinez","","SP","402","350","349","295","341","339","334.8"
"326","Cristian Pache","NYM","LF,CF","319","366","348","291","289","353","335.4"
"327","Adam Ottavino","","RP","344","365","388","239","267","321","337.0"
"328","Pedro Severino","","C","287","321","402","","340","336","337.2"
"329","Joey Wendle","","2B,SS","307","320","322","417","380","371","340.0"
"330","Adam Duvall","","LF,CF,RF","339","323","352","328","372","","342.8"
"331","Enrique Hernandez","LAD","1B,2B,3B,LF","359","336","380","275","291","354","344.0"
"332","Jonathan Schoop","","2B,3B","389","325","345","451","317","346","344.4"
"333","Wilmer Flores","","1B,DH","331","370","360","317","349","","345.4"
"334","David Dahl","","LF,RF","390","301","334","","362","342","345.8"
"335","Roberto Osuna","","RP","278","550","434","","238","232","346.4"
"336","Caleb Smith","","RP","449","343","301","279","","360","346.4"
"337","Elvis Andrus","","2B,SS","372","333","374","272","387","267","347.6"
"338","Jake Arrieta","","SP","422","495","424","301","295","296","347.6"
"339","Hunter Renfroe","","RF","442","359","357","316","357","352","348.2"
"340","Tom Murphy","","C","363","303","397","","377","307","349.4"
"341","Tanner Houck","BOS","SP","284","413","313","434","304","","349.6"
"342","Starlin Castro","","3B","405","344","351","","360","299","351.8"
"343","Yimi Garcia","TOR","RP","438","382","353","","245","349","353.4"
"344","Tyler O'Neill","BAL","LF,RF","347","351","391","","325","355","353.8"
"345","Luis Arraez","SF","1B,2B,DH","395","393","364","344","275","","354.2"
"346","Bobby Witt Jr.","KC","SS","354","442","420","322","379","298","354.6"
"347","J.A. Happ","","SP","409","352","339","","308","367","355.0"
"348","Alex Reyes","","SP,RP","378","361","344","361","332","","355.2"
"349","Adley Rutschman","BAL","C","336","447","407","334","367","333","355.4"
"350","Chris Archer","","SP","384","388","376","337","","294","355.8"
"351","Corey Dickerson","","LF,RF","445","348","355","314","","331","358.6"
"352","Zack Britton","","RP","326","440","393","412","239","","362.0"
"353","Jason Heyward","","LF,RF","465","415","386","313","255","","366.8"
"354","Jose Iglesias","","2B,3B,SS","303","429","459","339","","313","368.6"
"355","Alex Kirilloff","","1B,LF,RF","264","271","256","","","255","261.5"
"356","Drew Smyly","","SP,RP","299","227","241","","","284","262.8"
"357","Maikel Franco","","3B","365","375","409","","353","356","371.6"
"358","Trevor May","","RP","381","469","413","298","299","","372.0"
"359","Gregory Soto","PIT","RP","377","397","444","","336","308","372.4"
"360","Willy Adames","SF","SS","476","337","316","","381","362","374.4"
"361","Chad Green","","RP","374","490","445","299","276","","376.8"
"362","Blake Treinen","LAD","RP","426","411","405","310","328","347","383.4"
"363","Tanner Scott","LAD","RP","391","407","481","","339","312","386.0"
"364","Donovan Solano","","1B","328","462","465","353","331","","387.8"
"365","Garrett Crochet","BOS","SP","417","483","449","306","287","","388.4"
"366","Jose Leclerc","SD","RP","265","362","","","252","275","288.5"
"367","Johnny Cueto","","SP","401","486","427","350","302","","393.2"
"368","Jon Lester","","SP","364","511","425","377","313","","398.0"
"369","Miguel Cabrera","","DH","416","474","408","331","279","364","398.6"
"370","Griffin Canning","SD","SP","382","296","250","","","270","299.5"
"371","Yusei Kikuchi","LAA","SP","316","275","288","","","329","302.0"
"372","Stefan Crichton","","RP","306","326","324","","260","","304.0"
"373","Justus Sheffield","","RP","352","300","239","","","348","309.8"
"374","Brusdar Graterol","LAD","RP","486","494","441","380","257","","411.6"
"375","Tyler Duffey","","RP","452","529","436","389","265","","414.2"
"376","Omar Narvaez","","C","308","305","387","","","322","330.5"
"377","Ian Kennedy","","RP","414","525","527","","354","328","429.6"
"378","Yasiel Puig","","RF","301","395","347","308","","","337.8"
"379","Jesus Aguilar","","1B","373","332","340","","","344","347.3"
"380","Kevin Pillar","","LF,CF,RF","","436","338","359","259","","348.0"
"381","Alec Mills","","RP","","434","371","","278","311","348.5"
"382","Mauricio Dubon","ATL","2B,3B,SS,LF,CF","418","270","330","","388","","351.5"
"383","Yan Gomes","","C","335","295","411","","378","","354.8"
"384","Brandon Belt","","1B,DH","370","372","341","","344","","356.8"
"385","Amed Rosario","NYY","2B,3B","369","338","336","","389","","358.0"
"386","Jose Quintana","COL","SP","403","381","361","","","326","367.8"
"387","Jo Adell","LAA","LF,CF,RF","342","377","378","","376","","368.3"
"388","A.J. Puk","ARI","RP","421","354","358","","351","","371.0"
"389","Nick Wittgren","","RP","351","394","437","","307","","372.3"
"390","Willie Calhoun","","RF,DH","400","385","346","","","370","375.3"
"391","Austin Slater","NYM","LF,CF,RF","362","414","398","","330","","376.0"
"392","Hunter Harvey","CHC","RP","350","408","385","","365","","377.0"
"393","Nick Ahmed","","SS","435","383","356","","346","","380.0"
"394","Rich Hill","","SP,RP","385","398","384","","","363","382.5"
"395","Scott Kingery","CHC","2B","425","368","367","","371","","382.8"
"396","Gregory Polanco","","RF","379","364","428","","","365","384.0"
"397","Lucas Sims","CWS","RP","428","379","372","","364","","385.8"
"398","Brandon Kintzler","","RP","313","476","499","","261","","387.3"
"399","Jazz Chisholm Jr.","NYY","2B,3B","392","387","396","","375","","387.5"
"400","Kurt Suzuki","","C","338","403","503","","311","","388.8"
"401","Colin Moran","","1B,3B","","433","401","","373","372","394.8"
"402","Aaron Bummer","","RP","419","477","430","","266","","398.0"
"403","Seth Lugo","KC","SP","462","487","389","","262","","400.0"
"404","Brendan Rodgers","BOS","2B","393","399","440","","","369","400.3"
"405","Victor Gonzalez","","RP","485","671","638","368","243","","481.0"
"406","Adam Frazier","LAA","2B,LF,RF","496","417","423","289","","","406.3"
"407","Jonathan Hernandez","LAD","RP","415","478","473","","264","","407.5"
"408","Max Stassi","","C","478","346","468","","","345","409.3"
"409","Josh Rojas","KC","2B,3B","366","437","477","","359","","409.8"
"410","Kevin Newman","KC","1B,2B,3B,SS","455","425","442","321","","","410.8"
"411","Rafael Dolis","","RP","408","485","438","","327","","414.5"
"412","Garrett Cooper","","1B","436","446","404","","","373","414.8"
"413","Steven Matz","TB","SP,RP","424","455","433","","","351","415.8"
"414","Mike Brosseau","","3B","434","402","472","","361","","417.3"
"415","Josh Staumont","CIN","RP","477","465","412","","338","","423.0"
"416","Martin Maldonado","","C","456","452","508","","277","","423.3"
"417","Joey Bart","PIT","C","361","438","431","466","","","424.0"
"418","Julio Rodriguez","SEA","CF","235","564","545","378","","","430.5"
"419","Marwin Gonzalez","","1B,3B,SS,LF,RF","457","412","463","390","","","430.5"
"420","Dane Dunning","SEA","SP,RP","327","309","287","","","","307.7"
"421","Rougned Odor","","2B,RF","","466","728","","258","282","433.5"
"422","Albert Pujols","","1B,DH","","595","601","319","228","","435.8"
"423","Jonathan India","KC","2B,3B,LF,DH","375","493","511","","","366","436.3"
"424","Asdrubal Cabrera","","3B,SS","501","475","458","","315","","437.3"
"425","Jeremy Jeffress","","RP","","560","602","444","230","","459.0"
"426","J.B. Wendelken","","RP","406","556","569","","323","","463.5"
"427","Brent Suter","LAA","SP,RP","473","530","549","","320","","468.0"
"428","Mitch Keller","PIT","SP","439","327","311","","","","359.0"
"429","Josh Lindblom","","RP","429","330","332","","","","363.7"
"430","Sam Hilliard","","LF,CF,RF","432","310","368","","","","370.0"
"431","Edwin Rios","","1B,3B","","392","373","","356","","373.7"
"432","Kyle Gibson","","SP","","459","381","","285","","375.0"
"433","Avisail Garcia","","LF,RF","437","329","362","","","","376.0"
"434","Nathaniel Lowe","CIN","1B,DH","447","360","327","","","","378.0"
"435","Spencer Turnbull","","SP,RP","458","367","310","","","","378.3"
"436","Spencer Howard","","SP,RP","407","404","337","","","","382.7"
"437","Austin Barnes","","C","479","509","622","356","","","491.5"
"438","Adbert Alzolay","NYM","RP","472","358","342","","","","390.7"
"439","Carter Kieboom","PHI","1B,2B,3B","","435","370","","369","","391.3"
"440","Ryan Jeffers","MIN","C,DH","387","339","452","","","","392.7"
"441","Robbie Grossman","","LF,RF","444","357","377","","","","392.7"
"442","Justin Verlander","DET","SP","","782","606","332","263","","495.8"
"443","Nico Hoerner","CHC","2B","","421","406","354","","","393.7"
"444","Luke Weaver","NYM","RP","450","384","366","","","","400.0"
"445","Sam Huff","BAL","C","286","430","487","","","","401.0"
"446","Renato Nunez","","1B,3B","433","420","354","","","","402.3"
"447","Miguel Rojas","LAD","2B,3B,SS","","396","456","","","358","403.3"
"448","Luis Patino","","RP","","489","400","323","","","404.0"
"449","Logan Gilbert","SEA","SP","371","422","422","","","","405.0"
"450","Garrett Richards","","RP","483","373","363","","","","406.3"
"451","Josh Naylor","SEA","1B,DH","446","386","392","","","","408.0"
"452","Franchy Cordero","","1B,LF,RF","463","369","395","","","","409.0"
"453","Miles Mikolas","WSH","SP","427","423","379","","","","409.7"
"454","Tyler Stephenson","CIN","C","353","391","488","","","","410.7"
"455","Anthony DeSclafani","","SP,RP","471","371","394","","","","412.0"
"456","Michael Wacha","KC","SP","346","445","447","","","","412.7"
"457","Niko Goodrum","","LF","","443","454","","355","","417.3"
"458","Merrill Kelly","ARI","SP","453","424","375","","","","417.3"
"459","Masahiro Tanaka","","SP","291","605","","357","","","417.7"
"460","Elias Diaz","KC","C","383","347","523","","","","417.7"
"461","Tanner Rainey","DET","RP","441","410","403","","","","418.0"
"462","Bryan Garcia","","SP","358","427","476","","","","420.3"
"463","J.P. Crawford","SEA","SS","475","409","383","","","","422.3"
"464","Jacob Stallings","","C","398","378","506","","","","427.3"
"465","Mitch Moreland","","1B,DH","","482","478","","","332","430.7"
"466","Randy Dobnak","SEA","RP","376","451","469","","","","432.0"
"467","Cal Quantrill","TEX","SP,RP","488","419","399","","","","435.3"
"468","Ross Stripling","","SP,RP","468","428","415","","","","437.0"
"469","Emmanuel Clase","CLE","RP","480","418","419","","","","439.0"
"470","Cedric Mullins II","TB","CF","451","400","471","","","","440.7"
"471","Logan Webb","SF","SP","413","456","457","","","","442.0"
"472","Brandon Crawford","","3B,SS","","521","528","","280","","443.0"
"473","Willians Astudillo","","C,1B,2B,3B","312","603","774","450","","","534.8"
"474","Carlos Rodon","NYY","SP","469","470","410","","","","449.7"
"475","Hanser Alberto","","2B,3B","","537","516","","305","","452.7"
"476","Francisco Mejia","","C","423","406","531","","","","453.3"
"477","Evan Longoria","","3B","470","432","461","","","","454.3"
"478","Daniel Hudson","","RP","322","506","539","","","","455.7"
"479","Josh Fleming","TOR","RP","466","488","417","","","","457.0"
"480","Taylor Trammell","HOU","LF,CF","368","504","505","","","","459.0"
"481","Kohei Arihara","","SP,RP","459","491","439","","","","463.0"
"482","Jon Gray","","RP","498","472","421","","","","463.7"
"483","Mike Foltynewicz","","SP","430","519","450","","","","466.3"
"484","Joshua Fuentes","","1B,3B","464","468","475","","","","469.0"
"485","Jose Alvarado","PHI","RP","410","492","507","","","","469.7"
"486","Khris Davis","","DH","443","510","460","","","","471.0"
"487","Roberto Perez","","C","397","444","573","","","","471.3"
"488","Harrison Bader","SF","LF,CF,RF","482","448","484","","","","471.3"
"489","Jiman Choi","","1B,DH","","536","543","352","","","477.0"
"490","David Bote","LAD","3B","467","464","500","","","","477.0"
"491","Daulton Jefferies","","SP,RP","440","500","492","","","","477.3"
"492","Matt Shoemaker","","SP,RP","490","463","483","","","","478.7"
"493","Victor Caratini","MIN","C,1B,DH","420","450","570","","","","480.0"
"494","Brett Gardner","","LF,CF","","553","563","326","","","480.7"
"495","Yoshi Tsutsugo","","1B","474","479","493","","","","482.0"
"496","Shogo Akiyama","","CF","504","481","462","","","","482.3"
"497","Spencer Torkelson","DET","1B","","540","538","371","","","483.0"
"498","Austin Gomber","ATL","SP","431","497","521","","","","483.0"
"499","Tucker Barnhart","","C","448","460","547","","","","485.0"
"500","Mike Mayers","","SP,RP","404","518","534","","","","485.3"
"501","Luis Torrens","NYM","C","412","484","572","","","","489.3"
"502","Kyle Freeland","COL","SP","491","554","429","","","","491.3"
"503","Kyle Higashioka","TEX","C,DH","","499","592","387","","","492.7"
"504","Tim Locastro","","LF","411","496","604","","","","503.7"
"505","Alex Cobb","","SP","505","503","510","","","","506.0"
"506","Evan White","","1B","","390","350","","","","370.0"
"507","Steven Brault","","RP","492","516","540","","","","516.0"
"508","Michael A. Taylor","","LF,CF,RF","481","501","567","","","","516.3"
"509","Brandon Workman","","RP","332","559","661","","","","517.3"
"510","Tyler Matzek","","RP","","629","617","","309","","518.3"
"511","David Peterson","NYM","SP,RP","380","376","849","","","","535.0"
"512","Shin-Soo Choo","","LF,RF","","599","625","335","","","519.7"
"513","Matt Carpenter","","1B,DH","","584","557","431","","","524.0"
"514","A.J. Minter","NYM","RP","484","547","561","","","","530.7"
"515","Sean Doolittle","","RP","","569","548","481","","","532.7"
"516","Luis Urias","ARI","2B,3B","","380","418","","","","399.0"
"517","Michael Lorenzen","COL","SP,RP","","416","382","","","","399.0"
"518","Chris Flexen","","RP","489","561","555","","","","535.0"
"519","Odubel Herrera","","LF,CF","","573","644","401","","","539.3"
"520","Luis Garcia","WSH","1B,2B,DH","497","566","565","","","","542.7"
"521","Andrelton Simmons","","2B,SS","","401","426","","","","413.5"
"522","Oscar Mercado","PHI","LF,RF","","405","432","","","","418.5"
"523","Rowan Wick","SF","RP","509","552","580","","","","547.0"
"524","Matt Foster","","RP","","718","653","","271","","547.3"
"525","Daniel Ponce de Leon","","RP","","458","390","","","","424.0"
"526","Dee Strange-Gordon","","SS","","607","670","399","","","558.7"
"527","Danny Duffy","","SP","","461","414","","","","437.5"
"528","Matt Bush","","SP,RP","503","580","594","","","","559.0"
"529","Drew Waters","KC","LF,CF,RF","","630","646","404","","","560.0"
"530","Michael Chavis","CIN","1B,2B,3B","","431","448","","","","439.5"
"531","Akil Baddoo","MIL","LF","460","592","630","","","","560.7"
"532","Adrian Houser","SF","SP","","441","443","","","","442.0"
"533","JaCoby Jones","","LF,CF","","426","464","","","","445.0"
"534","JT Brubaker","SF","RP","","439","451","","","","445.0"
"535","Pavin Smith","ARI","1B,DH","500","625","595","","","","573.3"
"536","Stephen Piscotty","","RF","","449","470","","","","459.5"
"537","Yandy Diaz","TB","1B,DH","","467","455","","","","461.0"
"538","Kris Bubic","KC","SP","","514","416","","","","465.0"
"539","John Gant","","SP,RP","461","591","687","","","","579.7"
"540","Kevin Kiermaier","","CF","","454","485","","","","469.5"
"541","Yusmeiro Petit","","RP","","688","847","","254","","596.3"
"542","Nick Pivetta","SD","SP","","453","497","","","","475.0"
"543","Joe Ross","","RP","508","594","650","","","","584.0"
"544","Adrian Morejon","SD","RP","","473","480","","","","476.5"
"545","Julio Teheran","","SP","487","601","669","","","","585.7"
"546","Matt Manning","","SP","","520","446","","","","483.0"
"547","Matt Wisler","","SP,RP","495","613","662","","","","590.0"
"548","Jay Bruce","","1B,LF,RF","494","589","696","","","","593.0"
"549","Antonio Senzatela","COL","SP,RP","","526","453","","","","489.5"
"550","Kyle Wright","CHC","SP","","513","466","","","","489.5"
"551","Reyes Moronta","","RP","","498","482","","","","490.0"
"552","Alex Wood","","SP,RP","","505","494","","","","499.5"
"553","Freddy Galvis","","2B,3B,SS","","471","536","","","","503.5"
"554","Dean Kremer","BAL","SP","","522","491","","","","506.5"
"555","Nomar Mazara","","RF","","480","535","","","","507.5"
"556","John Curtiss","ARI","RP","","737","775","","321","","611.0"
"557","Justin Dunn","LAA","SP","","546","486","","","","516.0"
"558","Jose Trevino","CIN","C","","457","586","","","","521.5"
"559","Chad Kuhl","","SP,RP","","545","501","","","","523.0"
"560","Rio Ruiz","","1B,2B,3B","","535","512","","","","523.5"
"561","Orlando Arcia","MIN","1B,2B,3B,SS","","507","541","","","","524.0"
"562","Russell Martin","","C","","","582","467","","","524.5"
"563","Keegan Akin","BAL","SP,RP","","538","513","","","","525.5"
"564","Miguel Andujar","SD","3B,LF,DH","","543","514","","","","528.5"
"565","Jeter Downs","","SS","","532","525","","","","528.5"
"566","Sergio Romo","","RP","386","674","802","","","","620.7"
"567","Jared Oliva","SF","LF,CF,RF","","539","522","","","","530.5"
"568","Roman Quinn","","LF,CF","","502","560","","","","531.0"
"569","Hansel Robles","","RP","321","742","845","","","","636.0"
"570","William Contreras","MIL","C,DH","","696","856","367","","","639.7"
"571","Mike Fiers","","SP","","568","502","","","","535.0"
"572","Johan Camargo","","2B,3B,SS","","677","770","429","","","625.3"
"573","Jake Lamb","","1B,LF","","642","804","432","","","626.0"
"574","Scott Barlow","ATH","RP","","523","554","","","","538.5"
"575","Joey Lucchesi","LAA","RP","","544","533","","","","538.5"
"576","Andrew Stevenson","","LF,CF,RF","","527","551","","","","539.0"
"577","Chad Pinder","","LF,RF","","528","552","","","","540.0"
"578","Todd Frazier","","1B,3B","","702","852","385","","","646.3"
"579","Chance Sisco","","C","","508","579","","","","543.5"
"580","Edward Olivares","","LF,RF","","534","556","","","","545.0"
"581","DJ Stewart","PIT","LF,RF","","541","550","","","","545.5"
"582","Enoli Paredes","BAL","RP","507","648","742","","","","632.3"
"583","Bartolo Colon","","SP","","","781","318","","","549.5"
"584","Pat Valaika","","2B,SS","","512","588","","","","550.0"
"585","Matt Moore","","RP","","533","568","","","","550.5"
"586","Mike Zunino","","C","","515","590","","","","552.5"
"587","Alex Young","WSH","RP","","869","658","449","","","658.7"
"588","Vince Velasquez","CHC","SP,RP","","549","558","","","","553.5"
"589","Ryan Zimmerman","","1B","","762","857","347","","","655.3"
"590","Isaac Paredes","HOU","1B,3B","","565","546","","","","555.5"
"591","Jason Castro","","C","","524","591","","","","557.5"
"592","Trevor Cahill","","SP","","775","867","341","","","661.0"
"593","Vidal Brujan","NYM","3B,SS,OF","","551","566","","","","558.5"
"594","Clarke Schmidt","NYY","SP","","567","553","","","","560.0"
"595","Tyler Wade","","2B,LF,CF","","711","820","411","","","647.3"
"596","Travis Shaw","","1B,3B","","517","615","","","","566.0"
"597","Jasson Dominguez","NYY","LF,CF,DH","","","754","379","","","566.5"
"598","Luis Campusano","SD","C,DH","499","705","736","","","","646.7"
"599","Jarren Duran","BOS","LF,CF,DH","","555","583","","","","569.0"
"600","Zack Collins","","C,1B","454","686","840","","","","660.0"
"601","Joe Kelly","","RP","","936","923","343","","","734.0"
"602","Mike Ford","","1B,DH","","756","865","391","","","670.7"
"603","Lucas Luetge","","RP","","1318","686","462","","","822.0"
"604","Brandon Marsh","PHI","LF,CF,RF","","572","576","","","","574.0"
"605","Edward Cabrera","CHC","SP","","590","559","","","","574.5"
"606","Joe Panik","","1B,2B,3B","","758","952","392","","","700.7"
"607","Domingo Santana","","LF,RF","","867","","351","","","609.0"
"608","Nolan Jones","CLE","LF,CF,RF","","571","585","","","","578.0"
"609","Aaron Sanchez","KC","SP,RP","","548","610","","","","579.0"
"610","Bryse Wilson","PHI","SP,RP","","574","587","","","","580.5"
"611","Dexter Fowler","","CF,RF","","586","575","","","","580.5"
"612","Mike Tauchman","NYM","LF,CF,RF","","558","608","","","","583.0"
"613","Rusney Castillo","","LF,CF,RF","","917","","365","","","641.0"
"614","Josh Jung","TEX","3B","","598","571","","","","584.5"
"615","Pablo Sandoval","","DH","","949","","369","","","659.0"
"616","Andrew Knizner","COL","C","","531","641","","","","586.0"
"617","Chris Davis","","1B","","909","980","372","","","753.7"
"618","Adeiny Hechavarria","","2B,3B,SS","","1211","","375","","","793.0"
"619","Corbin Martin","CHC","RP","","596","581","","","","588.5"
"620","Tyler Rogers","TOR","RP","","579","607","","","","593.0"
"621","Darren O'Day","","RP","","893","934","386","","","737.7"
"622","Martin Perez","ATL","SP","","600","589","","","","594.5"
"623","Daniel Murphy","","1B","","886","","388","","","637.0"
"624","Joe Ryan","MIN","SP","","755","834","439","","","676.0"
"625","Matt Harvey","","SP","","817","880","393","","","696.7"
"626","Aristides Aquino","","LF,CF,RF","","577","621","","","","599.0"
"627","Anthony Alford","","LF,CF","","557","642","","","","599.5"
"628","Shao-Ching Chiang","","RP","","1299","","403","","","851.0"
"629","Scott Oberg","","RP","","570","636","","","","603.0"
"630","Edwin Encarnacion","","1B,DH","","622","584","","","","603.0"
"631","Luis Guillorme","","2B,3B","","826","871","405","","","700.7"
"632","Hisashi Iwakuma","","SP","","1289","","406","","","847.5"
"633","CJ Abrams","WSH","SS","","843","862","407","","","704.0"
"634","Patrick Sandoval","BOS","SP","","597","612","","","","604.5"
"635","Daniel Lynch","KC","RP","","609","600","","","","604.5"
"636","Jonathan Loaisiga","ARI","RP","","587","627","","","","607.0"
"637","Eric Thames","","1B,RF","","981","","414","","","697.5"
"638","Ronald Guzman","","1B","","585","632","","","","608.5"
"639","Trevor Williams","WSH","SP","","618","599","","","","608.5"
"640","Yu Chang","","1B,2B,SS","","820","","421","","","620.5"
"641","Justin Smoak","","1B","","995","","422","","","708.5"
"642","Shane McClanahan","TB","SP","","606","618","","","","612.0"
"643","Tucker Davidson","PHI","RP","","1019","","425","","","722.0"
"644","Albert Almora Jr.","","LF,CF,RF","","872","890","426","","","729.3"
"645","Wade Miley","","SP","","664","564","","","","614.0"
"646","Leury Garcia","","2B,3B,SS,LF,RF","","611","619","","","","615.0"
"647","Jose Osuna","","1B,3B,RF","","980","","430","","","705.0"
"648","Brendan McKay","","SP","","619","613","","","","616.0"
"649","Sam Selman","","RP","","1029","","433","","","731.0"
"650","Joe Jimenez","ATL","RP","","578","657","","","","617.5"
"651","Pedro Strop","","RP","","1259","854","435","","","849.3"
"652","Lewis Brinson","","CF","","604","633","","","","618.5"
"653","Billy Hamilton","","LF,RF","","802","981","437","","","740.0"
"654","Corey Knebel","","RP","","562","679","","","","620.5"
"655","Anderson Tejeda","","3B,SS","","576","665","","","","620.5"
"656","Erik Gonzalez","","SS","","583","663","","","","623.0"
"657","Andrew Suarez","","RP","","1284","","446","","","865.0"
"658","Josh Harrison","","2B,3B","","608","640","","","","624.0"
"659","Shun Yamaguchi","","RP","","1172","","447","","","809.5"
"660","Cameron Maybin","","CF","","965","","448","","","706.5"
"661","Shed Long Jr.","","2B,LF","","637","614","","","","625.5"
"662","Jake Bauers","MIL","1B,LF,RF","","575","677","","","","626.0"
"663","Ehire Adrianza","","3B,SS","","846","","452","","","649.0"
"664","Brent Honeywell Jr.","","RP","","588","666","","","","627.0"
"665","Brock Holt","","3B","","811","881","454","","","715.3"
"666","Billy McKinney","","LF,RF","","1130","","455","","","792.5"
"667","Angel Rondon","","RP","","1219","","457","","","838.0"
"668","Colin Rea","CHC","SP,RP","","1213","","458","","","835.5"
"669","Jason Kipnis","","2B","","1008","","459","","","733.5"
"670","Wade Davis","","RP","","883","","461","","","672.0"
"671","Edmundo Sosa","PHI","2B,3B,SS","","1036","","463","","","749.5"
"672","Andrew Miller","","RP","","620","645","","","","632.5"
"673","Oneil Cruz","PIT","CF","","777","805","491","","","691.0"
"674","Daniel Vogelbach","","DH","","658","611","","","","634.5"
"675","Jesus Sanchez","TOR","LF,CF,RF,DH","","857","848","468","","","724.3"
"676","Felix Hernandez","","SP","","916","885","470","","","757.0"
"677","Brad Miller","","3B,LF,DH","","623","649","","","","636.0"
"678","Tomas Nido","DET","C","","858","","471","","","664.5"
"679","Daniel Robertson","","LF,CF,RF","","1085","921","472","","","826.0"
"680","Ryan Castellani","","RP","","988","","474","","","731.0"
"681","Austin Romine","","C","","581","695","","","","638.0"
"682","Brett Anderson","","SP","","626","651","","","","638.5"
"683","Jake Noll","","1B,3B","","1176","","478","","","827.0"
"684","Jordan Yamamoto","","SP","","875","986","480","","","780.3"
"685","Brent Rooker","ATH","LF,RF,DH","","627","656","","","","641.5"
"686","Kyle Cody","","SP,RP","","706","578","","","","642.0"
"687","Marco Luciano","NYY","2B,SS","","907","790","495","","","730.7"
"688","Dellin Betances","","RP","","787","810","499","","","698.7"
"689","Keone Kela","","RP","","593","693","","","","643.0"
"690","Tony Wolters","","C,2B","","889","933","485","","","769.0"
"691","Mychal Givens","","RP","","612","676","","","","644.0"
"692","Trevor Larnach","MIN","LF,RF,DH","","660","629","","","","644.5"
"693","Robinson Chirinos","","C","","835","942","488","","","755.0"
"694","Andrew Knapp","","C","","602","688","","","","645.0"
"695","Melky Cabrera","","LF,CF,RF","","1168","","489","","","828.5"
"696","Chi Chi Gonzalez","","SP,RP","","1271","","490","","","880.5"
"697","Derek Holland","","SP,RP","","799","","493","","","646.0"
"698","Joely Rodriguez","","RP","","610","682","","","","646.0"
"699","Eric Yardley","","RP","493","1217","","","","","855.0"
"700","JJ Bleday","CIN","LF,CF,RF","","675","620","","","","647.5"
"701","Kyle Holder","","SS","","1031","","496","","","763.5"
"702","John Nogowski","","1B","","1007","983","497","","","829.0"
"703","Kyle Crick","","RP","","582","717","","","","649.5"
"704","Luke Jackson","","RP","","1046","","498","","","772.0"
"705","Michael Fulmer","SF","RP","","633","667","","","","650.0"
"706","Sherten Apostel","","1B,3B","502","841","925","","","","756.0"
"707","Jose Barrero","BAL","SS,CF","","636","668","","","","652.0"
"708","Curt Casali","","C","","624","683","","","","653.5"
"709","Mickey Moniak","COL","LF,CF,RF,DH","506","806","912","","","","741.3"
"710","Danny Santana","","LF,CF","","616","692","","","","654.0"
"711","Nicky Lopez","CHC","3B","","670","643","","","","656.5"
"712","Jonah Heim","ATH","C,DH","","614","705","","","","659.5"
"713","Isan Diaz","","2B,3B","","644","675","","","","659.5"
"714","Darwinzon Hernandez","","RP","","628","699","","","","663.5"
"715","Lewin Diaz","","1B","","676","654","","","","665.0"
"716","Bobby Bradley","","1B","","667","664","","","","665.5"
"717","Rick Porcello","","SP","","643","690","","","","666.5"
"718","Logan Allen","LAD","RP","","542","793","","","","667.5"
"719","Jaime Barria","","SP,RP","","632","703","","","","667.5"
"720","Royce Lewis","MIN","3B","","662","680","","","","671.0"
"721","Ender Inciarte","","LF","","646","697","","","","671.5"
"722","Aledmys Diaz","","1B,2B,3B,SS,LF","","653","694","","","","673.5"
"723","Adam Haseley","","RF","","634","718","","","","676.0"
"724","Josh Lowe","LAA","LF,CF,RF","","655","702","","","","678.5"
"725","Monte Harrison","","LF","","638","721","","","","679.5"
"726","Jesse Hahn","TOR","RP","","647","714","","","","680.5"
"727","Daniel Johnson","HOU","CF,RF","","651","711","","","","681.0"
"728","Kevin Plawecki","","C","","617","747","","","","682.0"
"729","Tomoyuki Sugano","COL","SP","","654","713","","","","683.5"
"730","Tyler Chatwood","","SP,RP","","668","700","","","","684.0"
"731","Kendall Graveman","","RP","","631","738","","","","684.5"
"732","Reynaldo Lopez","ATL","SP,RP","","661","708","","","","684.5"
"733","Cole Irvin","LAD","SP,RP","","768","603","","","","685.5"
"734","Cole Hamels","","SP","","639","734","","","","686.5"
"735","Taylor Ward","BAL","LF","","700","673","","","","686.5"
"736","Adam Engel","","CF,RF","","640","739","","","","689.5"
"737","Tyler Anderson","","SP","","683","698","","","","690.5"
"738","Tanner Roark","","SP,RP","","681","706","","","","693.5"
"739","Jedd Gyorko","","1B,3B","","649","743","","","","696.0"
"740","Jake Cave","","1B,LF,CF,RF","","673","722","","","","697.5"
"741","Dom Nunez","CLE","C","","621","777","","","","699.0"
"742","Bradley Zimmer","","CF","","669","731","","","","700.0"
"743","Chase Anderson","","SP,RP","","690","712","","","","701.0"
"744","Josiah Gray","WSH","SP","","692","710","","","","701.0"
"745","Jordan Lyles","","SP,RP","","720","685","","","","702.5"
"746","Cesar Valdez","","RP","","635","773","","","","704.0"
"747","Ryan Braun","","LF,RF","","693","715","","","","704.0"
"748","Santiago Espinal","LAD","2B,3B,LF,RF","","1060","609","","","","834.5"
"749","Austin Voth","TOR","RP","","657","756","","","","706.5"
"750","Brailyn Marquez","","RP","","704","709","","","","706.5"
"751","Daniel Norris","","SP,RP","","672","744","","","","708.0"
"752","Yolmer Sanchez","LAA","2B","","659","760","","","","709.5"
"753","Lou Trivino","PHI","RP","","666","753","","","","709.5"
"754","Cole Tucker","","3B,OF","","663","759","","","","711.0"
"755","Pedro Baez","","RP","","695","730","","","","712.5"
"756","Jakob Junis","TEX","RP","","679","752","","","","715.5"
"757","Jose Urena","","SP,RP","","656","780","","","","718.0"
"758","Keibert Ruiz","WSH","C","","650","787","","","","718.5"
"759","Genesis Cabrera","PHI","RP","","710","729","","","","719.5"
"760","Abraham Toro","KC","1B,2B,3B","","680","765","","","","722.5"
"761","Lane Thomas","KC","LF,CF,RF","","645","837","","","","741.0"
"762","Jose De Leon","","SP,RP","","652","795","","","","723.5"
"763","Austin Adams","","RP","","685","763","","","","724.0"
"764","Tony Kemp","","2B,LF","","694","764","","","","729.0"
"765","Josh Reddick","","RF","","721","737","","","","729.0"
"766","Andrew Kittredge","BAL","RP","","1201","660","","","","930.5"
"767","Magneuris Sierra","","LF,CF","","716","746","","","","731.0"
"768","Shane Greene","","RP","","665","842","","","","753.5"
"769","Thomas Hatch","ARI","SP,RP","","684","784","","","","734.0"
"770","Codi Heuer","CLE","RP","","699","778","","","","738.5"
"771","Kyle Farmer","ATL","1B,2B,3B,SS,DH","","678","843","","","","760.5"
"772","Jose Cisnero","","RP","","682","814","","","","748.0"
"773","Kevin Ginkel","ARI","RP","","687","801","","","","744.0"
"774","Yoenis Cespedes","","LF,CF,DH","","707","783","","","","745.0"
"775","Jackson Kowar","BAL","RP","","719","771","","","","745.0"
"776","Austin Hedges","CLE","C","","689","841","","","","765.0"
"777","Demarcus Evans","","RP","","691","872","","","","781.5"
"778","Seth Beer","","1B,DH","","712","782","","","","747.0"
"779","Jake Fraley","TB","LF,RF","","697","822","","","","759.5"
"780","Nick Margevicius","SF","SP","","780","719","","","","749.5"
"781","Connor Brogdon","CLE","RP","","698","944","","","","821.0"
"782","Mallex Smith","","LF,CF,RF","","724","776","","","","750.0"
"783","Josh James","","SP,RP","","734","767","","","","750.5"
"784","David Bednar","NYY","RP","","701","836","","","","768.5"
"785","Andres Munoz","SEA","RP","","703","807","","","","755.0"
"786","Daz Cameron","","LF,CF,RF","","765","740","","","","752.5"
"787","Hirokazu Sawamura","","RP","","763","745","","","","754.0"
"788","Manny Pina","","C","","708","953","","","","830.5"
"789","Ryan McBroom","","1B,RF,DH","","752","758","","","","755.0"
"790","Stephen Vogt","","C,1B,DH","","709","816","","","","762.5"
"791","Brian Goodwin","","CF,RF","","713","850","","","","781.5"
"792","Seth Brown","NYY","1B,LF,CF,RF","","726","789","","","","757.5"
"793","Jacob Nottingham","","C,DH","","714","959","","","","836.5"
"794","Kyle Isbel","KC","CF","","715","899","","","","807.0"
"795","Jose Marmolejos","","1B,LF","","717","833","","","","775.0"
"796","Colton Welker","","3B","","779","741","","","","760.0"
"797","Yusniel Diaz","","RF","","760","761","","","","760.5"
"798","Collin McHugh","","RP","","722","815","","","","768.5"
"799","Pierce Johnson","CIN","RP","","723","813","","","","768.0"
"800","Evan Marshall","","RP","","740","785","","","","762.5"
"801","Yohan Ramirez","PIT","RP","","753","772","","","","762.5"
"802","Cam Gallagher","","C","","725","904","","","","814.5"
"803","Ty Buttrey","","RP","","727","817","","","","772.0"
"804","Jeff Hoffman","TOR","RP","","728","970","","","","849.0"
"805","Chris Stratton","","RP","","729","906","","","","817.5"
"806","Julian Merryweather","MIN","RP","","732","799","","","","765.5"
"807","Sam Haggerty","TEX","LF,CF","","731","919","","","","825.0"
"808","Jordan Balazovic","","RP","","733","916","","","","824.5"
"809","Christian Arroyo","NYM","1B,2B,3B,SS,RF","","735","903","","","","819.0"
"810","Eric Lauer","LAD","SP,RP","","736","803","","","","769.5"
"811","Nick Lodolo","CIN","SP","","738","882","","","","810.0"
"812","Darin Ruf","","1B,LF,RF,DH","","739","894","","","","816.5"
"813","Chris Owings","","2B,SS","","741","956","","","","848.5"
"814","Alek Manoah","LAA","SP","","743","864","","","","803.5"
"815","Chas McCormick","CHC","LF,CF,RF","","745","853","","","","799.0"
"816","Delino DeShields","","LF,CF","","746","879","","","","812.5"
"817","Alex Avila","","C","","747","961","","","","854.0"
"818","Jed Lowrie","","DH","","748","866","","","","807.0"
"819","Phil Maton","CHC","RP","","749","895","","","","822.0"
"820","Ryan Pepiot","TB","SP","","1325","750","","","","1,037.5"
"821","Felix Pena","","RP","","750","938","","","","844.0"
"822","Nick Nelson","","RP","","1189","751","","","","970.0"
"823","Jimmy Nelson","","SP,RP","","751","927","","","","839.0"
"824","Nolan Gorman","STL","2B,3B,DH","","754","967","","","","860.5"
"825","Dakota Hudson","","SP","","757","907","","","","832.0"
"826","Dustin Fowler","","CF","","759","876","","","","817.5"
"827","Heliot Ramos","SF","LF,CF,RF","","761","811","","","","786.0"
"828","P.J. Higgins","CIN","C,1B","","1016","762","","","","889.0"
"829","Ryan Helsley","BAL","RP","","764","936","","","","850.0"
"830","Austin Allen","","C","","766","924","","","","845.0"
"831","George Kirby","SEA","SP","","834","766","","","","800.0"
"832","Nick Gonzales","PIT","2B,3B,SS","","1177","768","","","","972.5"
"833","Pedro Leon","PHI","RF","","769","929","","","","849.0"
"834","Eric Sogard","","2B,SS","","770","898","","","","834.0"
"835","Tony Watson","","RP","","771","932","","","","851.5"
"836","Matt Andriese","","RP","","772","901","","","","836.5"
"837","Jhoan Duran","PHI","RP","","773","990","","","","881.5"
"838","Dylan Floro","","RP","","778","888","","","","833.0"
"839","Tyler Naquin","","LF,RF","","784","988","","","","886.0"
"840","Tyler Freeman","COL","2B,RF,DH","","785","860","","","","822.5"
"841","Eli White","ATL","LF,CF,RF","","786","991","","","","888.5"
"842","Kolby Allard","CLE","SP,RP","","796","792","","","","794.0"
"843","Jorge Mateo","ATL","2B,SS,CF","","788","908","","","","848.0"
"844","Bruce Zimmermann","STL","SP,RP","","794","796","","","","795.0"
"845","Tyler Clippard","","RP","","790","859","","","","824.5"
"846","Tyler Beede","CHC","RP","","791","874","","","","832.5"
"847","Matt Strahm","KC","RP","","792","996","","","","894.0"
"848","Max Meyer","MIA","SP","","924","794","","","","859.0"
"849","Ryan O'Hearn","PIT","1B,LF,RF,DH","","795","863","","","","829.0"
"850","Ryan Weathers","NYY","SP","","798","830","","","","814.0"
"851","Dennis Santana","PIT","RP","","1048","800","","","","924.0"
"852","Ramon Urias","STL","2B,3B","","800","914","","","","857.0"
"853","Jake Marisnick","","LF,CF","","801","992","","","","896.5"
"854","Phillip Evans","","3B,SS,LF","","803","966","","","","884.5"
"855","Josh VanMeter","","1B,2B","","804","909","","","","856.5"
"856","Khalil Lee","","CF,RF","","808","930","","","","869.0"
"857","Chad Wallach","ATH","C","","810","931","","","","870.5"
"858","Austin Martin","MIN","2B,LF,CF,RF","","871","812","","","","841.5"
"859","Bryan Abreu","HOU","RP","","814","939","","","","876.5"
"860","Anibal Sanchez","","SP","","815","946","","","","880.5"
"861","Jason Vosler","","1B","","816","987","","","","901.5"
"862","Ka'ai Tom","","RF","","819","851","","","","835.0"
"863","Triston Casas","BOS","1B","","850","819","","","","834.5"
"864","Dillon Tate","","RP","","821","877","","","","849.0"
"865","Matthew Liberatore","STL","SP","","822","825","","","","823.5"
"866","Zach McKinstry","DET","2B,3B,SS,LF,RF","","823","858","","","","840.5"
"867","Ryan Tepera","","RP","","824","954","","","","889.0"
"868","Asa Lacy","","SP,RP","","938","828","","","","883.0"
"869","Simeon Woods Richardson","MIN","SP","","828","887","","","","857.5"
"870","Duane Underwood Jr.","","RP","","1034","829","","","","931.5"
"871","Cal Raleigh","SEA","C,DH","","829","905","","","","867.0"
"872","Franklin Barreto","","2B,SS","","830","915","","","","872.5"
"873","Hyeon-jong Yang","","SP,RP","","921","831","","","","876.0"
"874","Jahmai Jones","DET","LF,CF,RF,DH","","831","832","","","","831.5"
"875","Jordan Luplow","","LF,RF","","832","896","","","","864.0"
"876","Reid Detmers","LAA","SP,RP","","919","838","","","","878.5"
"877","Greg Bird","","1B","","838","891","","","","864.5"
"878","Emerson Hancock","SEA","SP,RP","","1251","839","","","","1,045.0"
"879","Christin Stewart","","LF","","840","972","","","","906.0"
"880","Miguel Yajure","HOU","RP","","844","875","","","","859.5"
"881","Yoelqui Cespedes","","CF","","845","893","","","","869.0"
"882","Drew Rasmussen","TB","SP","","851","846","","","","848.5"
"883","Braxton Garrett","MIA","SP","","852","960","","","","906.0"
"884","Joshua Palacios","","LF,CF,RF","","1057","855","","","","956.0"
"885","Taylor Clarke","ARI","RP","","855","913","","","","884.0"
"886","Homer Bailey","","SP","","856","922","","","","889.0"
"887","Touki Toussaint","","RP","","859","964","","","","911.5"
"888","Jose Rojas","NYM","2B,3B,RF","","861","869","","","","865.0"
"889","Trevor Richards","CWS","RP","","863","900","","","","881.5"
"890","Yonathan Daza","","LF,CF","","865","974","","","","919.5"
"891","Anthony Kay","CWS","SP,RP","","868","935","","","","901.5"
"892","Chris Rodriguez","","SP,RP","","870","897","","","","883.5"
"893","Jordan Groshans","ATL","3B","","1237","873","","","","1,055.0"
"894","Taylor Walls","TB","SS","","877","971","","","","924.0"
"895","Justin Williams","","RF","","878","994","","","","936.0"
"896","Ben Gamel","ATL","LF,RF","","881","920","","","","900.5"
"897","Corbin Carroll","ARI","CF,RF","","1100","883","","","","991.5"
"898","Grayson Rodriguez","LAA","SP","","890","943","","","","916.5"
"899","Sheldon Neuse","","1B,2B,3B","","891","911","","","","901.0"
"900","T.J. Zeuch","","SP","","1062","892","","","","977.0"
"901","Devin Smeltzer","","SP,RP","","900","968","","","","934.0"
"902","Erick Fedde","CWS","SP,RP","","903","965","","","","934.0"
"903","Riley Greene","DET","LF,CF,RF,DH","","905","918","","","","911.5"
"904","Ben Bowden","ATH","RP","","1173","910","","","","1,041.5"
"905","Luis Rengifo","MIL","2B,3B,OF","","933","917","","","","925.0"
"906","Jeff Samardzija","","SP","","918","969","","","","943.5"
"907","Anthony Misiewicz","CIN","RP","","925","993","","","","959.0"
"908","Brooks Raley","NYM","RP","","956","926","","","","941.0"
"909","Wilmer Difo","","SS","","1184","928","","","","1,056.0"
"910","Jorge Lopez","","RP","","928","963","","","","945.5"
"911","Miguel Castro","LAA","RP","","929","937","","","","933.0"
"912","Ryan Borucki","SF","RP","","946","940","","","","943.0"
"913","Estevan Florial","","LF,CF,RF","","1083","945","","","","1,014.0"
"914","Brennen Davis","SEA","LF","","1074","947","","","","1,010.5"
"915","Trent Thornton","CHC","RP","","950","950","","","","950.0"
"916","Mike Leake","","SP","","989","951","","","","970.0"
"917","Ildemaro Vargas","ARI","1B,2B","","1102","955","","","","1,028.5"
"918","Kristian Robinson","ARI","CF,RF","","955","979","","","","967.0"
"919","Travis Swaggerty","","LF","","962","984","","","","973.0"
"920","Jose Martinez","","1B,LF,RF","","968","999","","","","983.5"
"921","Taylor Jones","","1B","","1248","973","","","","1,110.5"
"922","Cionel Perez","","RP","","1151","985","","","","1,068.0"
"923","Josh Lester","","1B,3B","","1285","995","","","","1,140.0"
""
""