"Player","Team","Positions","AB","R","HR","RBI","SB","AVG","OBP","H","2B","3B","BB","SO","SLG","OPS","Rost%"
"Shohei Ohtani","LAD","SP,DH","572","124","47","111","24",".283",".382","162","28","5","92","164",".598",".980","100%"
"Aaron Judge","NYY","LF,CF,RF,DH","520","110","46","114","9",".292",".417","152","26","1","112","160",".609","1.026","99%"
"Bobby Witt Jr.","KC","SS","603","101","29","93","34",".292",".345","176","38","6","49","114",".518",".863","99%"
"Juan Soto","NYM","LF,RF,DH","543","109","37","99","21",".273",".408","148","25","1","124","121",".532",".940","99%"
"Ronald Acuna Jr.","ATL","RF","540","106","30","80","25",".282",".384","152","25","2","88","132",".504",".888","99%"
"Jose Ramirez","CLE","3B,DH","580","91","28","89","33",".274",".344","159","33","3","62","76",".484",".828","99%"
"Julio Rodriguez","SEA","CF","608","94","30","94","27",".272",".324","165","29","3","47","146",".478",".802","99%"
"Elly De La Cruz","CIN","SS","585","94","24","82","41",".261",".333","153","31","6","63","174",".457",".790","99%"
"Kyle Tucker","LAD","RF,DH","530","95","30","93","21",".270",".368","143","28","2","82","91",".499",".867","99%"
"Fernando Tatis Jr.","SD","2B,RF","569","98","28","81","25",".270",".350","154","29","2","71","129",".481",".831","99%"
"Gunnar Henderson","BAL","SS","584","98","27","86","23",".273",".347","159","33","4","67","141",".483",".830","98%"
"Corbin Carroll","ARI","CF,RF","542","99","26","81","33",".259",".339","140","27","11","65","129",".493",".832","99%"
"Vladimir Guerrero Jr.","TOR","1B,DH","579","94","30","97","5",".295",".375","171","32","1","74","91",".513",".888","99%"
"Junior Caminero","TB","3B","582","83","37","104","6",".268",".318","156","27","1","43","123",".508",".826","99%"
"Kyle Schwarber","PHI","LF,DH","556","98","42","103","6",".231",".346","129","20","1","98","189",".497",".843","99%"
"Cal Raleigh","SEA","C,DH","539","86","40","101","8",".233",".326","125","22","0","76","168",".497",".823","99%"
"Nick Kurtz","ATH","1B","523","93","37","96","3",".261",".347","136","27","2","71","177",".527",".874","98%"
"Pete Alonso","BAL","1B,DH","582","85","36","104","2",".254",".325","148","29","1","60","150",".498",".823","97%"
"Jazz Chisholm Jr.","NYY","2B,3B","518","78","28","78","31",".241",".314","125","19","2","56","154",".446",".760","93%"
"Trea Turner","PHI","SS","579","89","18","71","27",".282",".328","164","29","4","41","116",".440",".768","93%"
"Jackson Chourio","MIL","LF,CF,RF","584","88","24","84","24",".271",".316","158","34","4","40","128",".462",".779","96%"
"Francisco Lindor","NYM","SS","568","94","26","79","24",".260",".326","148","29","1","56","118",".450",".777","96%"
"Ketel Marte","ARI","2B,DH","535","88","27","83","6",".275",".355","147","29","2","67","101",".490",".845","99%"
"Yordan Alvarez","HOU","LF,DH","472","79","30","86","3",".293",".383","138","27","1","69","93",".548",".931","99%"
"Zach Neto","LAA","SS","562","86","27","77","27",".253",".306","142","31","1","43","153",".453",".759","80%"
"Pete Crow-Armstrong","CHC","CF","566","83","24","81","33",".249",".292","141","29","5","34","148",".446",".738","95%"
"Bryce Harper","PHI","1B","535","83","27","87","10",".272",".362","145","32","1","76","134",".488",".850","98%"
"Brent Rooker","ATH","LF,RF,DH","574","87","33","97","6",".264",".335","151","31","2","61","162",".498",".833","85%"
"Manny Machado","SD","3B","575","79","26","89","9",".265",".324","152","28","0","52","124",".452",".777","96%"
"James Wood","WSH","LF,RF,DH","549","83","26","82","16",".260",".349","143","31","2","74","184",".463",".811","98%"
"Matt Olson","ATL","1B","581","88","30","94","1",".252",".342","147","31","1","80","161",".466",".807","99%"
"Wyatt Langford","TEX","LF,CF","532","84","24","75","22",".255",".342","136","28","2","71","142",".451",".793","74%"
"Rafael Devers","SF","1B,DH","567","88","30","92","2",".253",".347","143","29","1","83","160",".463",".810","81%"
"Mookie Betts","LAD","SS","547","90","22","82","9",".270",".349","148","30","3","67","75",".454",".803","97%"
"Freddie Freeman","LAD","1B","556","86","23","88","8",".280",".355","156","35","2","66","119",".471",".826","96%"
"Roman Anthony","BOS","LF,CF,RF,DH","521","85","18","68","10",".269",".363","140","31","3","78","149",".441",".804","83%"
"Austin Riley","ATL","3B","575","82","28","88","2",".262",".319","150","29","2","48","163",".469",".788","89%"
"Brice Turang","MIL","2B","569","81","15","66","29",".259",".328","148","25","3","59","132",".385",".712","99%"
"Josh Naylor","SEA","1B,DH","543","73","22","86","17",".265",".326","144","28","0","50","90",".438",".763","83%"
"Jarren Duran","BOS","LF,CF,DH","557","83","17","72","23",".261",".322","145","35","7","50","144",".441",".763","83%"
"CJ Abrams","WSH","SS","564","82","19","66","31",".252",".300","142","30","4","38","119",".420",".719","97%"
"Riley Greene","DET","LF,CF,RF,DH","565","82","28","91","4",".259",".326","147","27","3","56","174",".467",".794","93%"
"Jackson Merrill","SD","CF","555","77","22","80","7",".270",".318","150","31","4","40","116",".460",".778","90%"
"Maikel Garcia","KC","2B,3B,SS,OF","580","82","13","66","26",".271",".333","157","32","4","54","96",".406",".738","93%"
"William Contreras","MIL","C,DH","527","78","19","77","6",".267",".354","141","28","1","70","117",".436",".789","98%"
"Cody Bellinger","NYY","LF,CF,RF","543","78","23","82","11",".259",".321","141","25","3","50","92",".442",".763","99%"
"Vinnie Pasquantino","KC","1B,DH","565","74","27","93","1",".262",".325","148","31","1","52","93",".466",".791","72%"
"Shea Langeliers","ATH","C,DH","472","69","28","78","5",".254",".310","120","25","1","39","118",".491",".802","99%"
"Byron Buxton","MIN","CF,DH","476","79","28","72","17",".250",".309","119","25","4","41","144",".493",".802","93%"
"Geraldo Perdomo","ARI","SS","551","86","13","66","20",".266",".355","146","28","4","77","85",".400",".755","86%"
"Corey Seager","TEX","SS","470","73","27","77","2",".273",".355","129","24","0","60","100",".498",".853","83%"
"George Springer","TOR","LF,CF,RF,DH","516","83","24","73","14",".260",".335","134","23","2","59","114",".452",".787","73%"
"Randy Arozarena","SEA","LF,CF","568","84","23","75","24",".233",".312","132","27","1","65","170",".404",".716","94%"
"Bo Bichette","NYM","3B,SS","567","76","18","80","6",".287",".333","163","31","2","39","100",".441",".774","80%"
"Ben Rice","NYY","C,1B,DH","463","71","26","73","4",".246",".323","114","23","2","53","113",".472",".795","99%"
"Hunter Goodman","COL","C,DH","508","68","28","83","2",".256",".302","130","28","3","34","144",".485",".788","86%"
"Tyler Soderstrom","ATH","1B,LF","519","70","25","81","5",".257",".320","133","27","1","49","134",".456",".777","77%"
"Eugenio Suarez","CIN","3B,DH","541","76","34","94","3",".234",".300","127","23","1","51","178",".471",".771","73%"
"Michael Harris II","ATL","CF","532","68","20","71","18",".269",".302","143","26","3","25","110",".447",".749","85%"
"Oneil Cruz","PIT","CF","480","71","22","65","29",".236",".318","113","23","3","57","163",".436",".753","95%"
"Jeremy Pena","HOU","SS","549","76","17","68","17",".274",".318","150","28","2","36","107",".423",".740","65%"
"Teoscar Hernandez","LAD","LF,RF","528","72","26","85","6",".258",".306","136","27","1","37","153",".469",".775","75%"
"Nico Hoerner","CHC","2B","570","75","7","58","26",".278",".326","159","28","3","40","59",".377",".702","98%"
"Christian Yelich","MIL","LF,DH","515","75","20","75","16",".259",".339","133","22","1","64","141",".417",".757","85%"
"Trevor Story","BOS","SS","543","73","20","74","22",".249",".294","136","26","1","35","158",".414",".708","34%"
"Alex Bregman","CHC","3B","565","81","22","79","2",".254",".332","144","28","1","67","91",".424",".756","94%"
"Michael Busch","CHC","1B","514","77","27","79","3",".249",".327","128","26","3","60","145",".465",".792","62%"
"Seiya Suzuki","CHC","LF,RF,DH","518","74","25","82","7",".256",".336","132","26","3","63","148",".460",".796","89%"
"Willy Adames","SF","SS","573","81","26","82","12",".234",".317","134","26","1","70","163",".421",".738","61%"
"Jose Altuve","HOU","2B,LF,DH","553","78","20","70","12",".264",".325","146","26","1","51","106",".423",".748","85%"
"Salvador Perez","KC","C,1B,DH","541","61","26","87","0",".251",".290","136","25","1","30","121",".451",".740","78%"
"Yandy Diaz","TB","1B,DH","555","77","20","75","2",".286",".352","159","28","1","58","94",".445",".797","91%"
"Jo Adell","LAA","LF,CF,RF","515","68","31","83","9",".236",".289","121","22","2","39","153",".463",".752","61%"
"Luis Robert Jr.","NYM","CF","481","66","20","65","30",".236",".293","113","20","1","40","147",".406",".699","38%"
"Drake Baldwin","ATL","C,DH","479","64","19","73","1",".263",".331","126","22","1","49","97",".439",".770","98%"
"Luke Keaschall","MIN","2B","475","67","11","58","24",".267",".337","127","26","2","51","91",".400",".737","66%"
"Brandon Nimmo","TEX","LF,CF,RF","549","80","21","72","9",".252",".323","138","25","2","59","137",".421",".743","78%"
"Andy Pages","LAD","LF,CF,RF","525","72","23","78","10",".257",".304","135","28","2","36","127",".450",".754","96%"
"Will Smith","LAD","C","424","68","19","67","2",".260",".348","110","21","1","57","96",".454",".802","92%"
"Taylor Ward","BAL","LF","556","79","27","83","5",".242",".322","134","26","2","65","154",".441",".762","84%"
"Agustin Ramirez","MIA","C,DH","474","63","19","66","13",".245",".301","116","26","1","38","102",".424",".726","40%"
"Matt Chapman","SF","3B","538","80","24","76","9",".239",".326","128","28","2","70","152",".429",".756","64%"
"Ceddanne Rafaela","BOS","2B,CF","529","71","17","65","21",".255",".289","135","29","4","26","121",".416",".706","54%"
"Jakob Marsee","MIA","LF,CF","499","71","13","54","33",".234",".322","117","23","4","66","125",".371",".693","56%"
"Lawrence Butler","ATH","CF,RF","510","73","21","68","19",".243",".310","124","26","2","50","148",".426",".736","27%"
"Dansby Swanson","CHC","SS","566","76","21","73","16",".241",".305","136","25","2","52","158",".403",".708","59%"
"Ozzie Albies","ATL","2B","544","70","18","70","11",".251",".308","137","27","2","44","89",".407",".715","96%"
"Jacob Wilson","ATH","SS","531","71","12","67","6",".297",".336","158","31","1","31","47",".424",".760","60%"
"Willson Contreras","BOS","1B","489","69","21","74","5",".250",".323","122","25","1","52","142",".442",".765","57%"
"Ian Happ","CHC","LF","551","81","22","77","8",".241",".338","133","30","1","80","150",".419",".756","87%"
"Steven Kwan","CLE","LF,CF","573","80","9","55","18",".275",".341","158","27","3","57","58",".378",".719","66%"
"Yainer Diaz","HOU","C,DH","488","59","19","67","1",".272",".303","133","24","1","22","89",".442",".745","45%"
"Brenton Doyle","COL","CF","514","66","18","64","20",".246",".295","127","23","3","36","150",".409",".705","21%"
"Matt McLain","CIN","2B","498","69","17","59","17",".235",".308","117","23","2","53","157",".393",".701","32%"
"Ivan Herrera","STL","C,DH","474","67","18","67","9",".271",".348","129","22","1","56","108",".432",".780","77%"
"Kyle Stowers","MIA","LF,CF,RF","464","62","23","72","4",".246",".316","114","22","2","49","145",".448",".764","50%"
"Xavier Edwards","MIA","2B,SS","523","69","4","46","27",".280",".342","147","22","4","49","80",".360",".701","92%"
"Spencer Torkelson","DET","1B","544","76","27","82","2",".235",".317","128","28","1","66","160",".438",".755","34%"
"Bryan Reynolds","PIT","LF,CF,RF,DH","564","73","19","74","5",".253",".320","143","29","3","55","153",".417",".737","78%"
"Alec Burleson","STL","1B,LF,RF,DH","526","65","20","73","6",".272",".323","143","25","1","40","82",".437",".760","90%"
"Jac Caglianone","KC","1B,RF","435","57","19","62","3",".245",".305","107","19","1","37","106",".429",".734","35%"
"Ezequiel Tovar","COL","SS","580","75","20","73","8",".263",".300","152","34","4","31","154",".437",".737","23%"
"Brandon Lowe","PIT","2B","478","66","23","70","4",".244",".306","116","22","1","43","134",".438",".744","86%"
"Adley Rutschman","BAL","C","492","66","17","66","1",".252",".336","124","25","1","62","89",".415",".751","87%"
"Jonathan Aranda","TB","1B","490","68","20","71","1",".264",".338","129","24","1","56","139",".433",".771","59%"
"Noelvi Marte","CIN","3B,RF","460","60","16","59","14",".253",".300","116","22","2","31","111",".411",".711","17%"
"Sal Stewart","CIN","1B,2B,3B","441","60","18","65","7",".266",".325","117","24","0","38","94",".446",".771","93%"
"Chandler Simpson","TB","LF,CF","416","54","1","33","41",".284",".325","118","15","3","25","48",".344",".669","64%"
"Heliot Ramos","SF","LF,CF,RF","553","74","21","73","6",".255",".312","141","24","2","46","146",".420",".732","28%"
"Mike Trout","LAA","CF,RF,DH","433","67","24","66","3",".235",".342","102","17","2","70","155",".451",".793","97%"
"Wilyer Abreu","BOS","LF,CF,RF","436","62","20","68","8",".247",".326","108","23","1","51","121",".448",".774","72%"
"Bryson Stott","PHI","2B,SS","510","67","13","60","23",".256",".322","131","23","3","50","95",".388",".710","43%"
"Daulton Varsho","TOR","LF,CF","491","70","25","74","8",".225",".286","110","22","3","42","139",".435",".721","24%"
"Christian Walker","HOU","1B","514","67","25","78","3",".234",".296","120","22","1","46","146",".427",".723","84%"
"Addison Barger","TOR","3B,LF,RF","454","61","19","66","4",".243",".306","110","26","1","41","119",".430",".736","15%"
"Daylen Lile","WSH","LF,RF,DH","495","65","11","59","14",".267",".315","132","26","8","35","97",".418",".733","69%"
"Royce Lewis","MIN","3B","461","57","19","65","11",".246",".302","113","23","0","37","107",".424",".726","14%"
"Munetaka Murakami","CWS","1B,3B","482","70","28","75","9",".223",".326","107","16","1","75","187",".440",".767","95%"
"Jorge Polanco","NYM","2B,3B,DH","456","62","21","70","5",".248",".319","113","21","0","48","104",".435",".754","17%"
"Marcus Semien","NYM","2B","537","74","19","69","9",".240",".309","129","22","2","53","98",".395",".704","45%"
"Alejandro Kirk","TOR","C","427","52","14","62","1",".270",".343","115","19","0","47","59",".421",".764","32%"
"Kazuma Okamoto","TOR","1B,3B","479","62","23","73","2",".247",".319","118","24","0","52","105",".445",".763","69%"
"Adolis Garcia","PHI","RF","519","67","24","78","11",".236",".288","122","25","1","38","148",".430",".718","20%"
"Gleyber Torres","DET","2B","558","79","18","69","6",".259",".343","144","26","1","72","110",".403",".746","54%"
"Kerry Carpenter","DET","LF,RF,DH","438","61","23","70","2",".255",".301","112","19","3","30","113",".472",".773","25%"
"Jackson Holliday","BAL","2B,SS","458","68","14","53","13",".250",".327","114","22","2","51","112",".400",".727","40%"
"Colson Montgomery","CWS","3B,SS","506","66","24","73","3",".220",".286","111","20","2","48","168",".406",".692","64%"
"Isaac Paredes","HOU","1B,3B","427","61","20","64","1",".243",".332","104","19","1","56","83",".432",".764","39%"
"Max Muncy","LAD","3B","366","57","20","61","3",".224",".339","82","15","1","63","106",".438",".776","76%"
"Francisco Alvarez","NYM","C","369","50","19","56","1",".235",".306","87","15","1","38","108",".434",".740","13%"
"Xander Bogaerts","SD","SS","516","67","13","60","16",".264",".325","136","26","1","47","102",".395",".720","53%"
"Luis Garcia","WSH","1B,2B,DH","469","58","15","63","14",".268",".310","126","24","2","28","79",".426",".736","34%"
"JJ Wetherholt","STL","2B,3B,SS","445","59","11","50","12",".251",".324","111","22","1","50","89",".376",".700","85%"
"Caleb Durbin","BOS","2B,3B","470","62","10","54","21",".257",".309","121","25","2","35","57",".382",".691","19%"
"Jordan Beck","COL","LF,RF","500","63","16","60","16",".249",".309","125","25","4","44","156",".412",".721","2%"
"Trent Grisham","NYY","CF","447","71","24","63","5",".222",".323","99","17","1","67","131",".422",".745","32%"
"Alec Bohm","PHI","1B,3B","521","64","14","72","3",".274",".322","143","27","2","37","89",".417",".739","28%"
"Gabriel Moreno","ARI","C","383","51","11","53","4",".277",".346","106","20","1","40","73",".416",".762","28%"
"Sal Frelick","MIL","LF,CF,RF","478","63","8","52","16",".265",".325","127","21","3","42","74",".374",".699","20%"
"Otto Lopez","MIA","2B,SS","525","64","12","62","16",".264",".315","139","25","3","39","86",".390",".705","86%"
"Ramon Laureano","SD","LF,CF,RF","462","64","19","65","8",".248",".303","115","22","3","37","134",".432",".735","30%"
"Andrew Vaughn","MIL","1B","495","59","19","73","1",".252",".305","125","25","1","39","107",".420",".725","18%"
"Konnor Griffin","PIT","SS,CF","389","57","11","50","20",".257",".303","100","17","2","26","109",".392",".695","68%"
"Kyle Manzardo","CLE","1B,DH","452","58","23","69","2",".238",".313","107","23","1","50","119",".444",".757","5%"
"Jake Burger","TEX","1B","505","64","26","76","2",".242",".284","122","23","1","29","135",".445",".729","12%"
"Kevin McGonigle","DET","3B,SS","416","59","14","53","9",".258",".331","107","23","3","47","69",".421",".752","90%"
"Brendan Donovan","SEA","2B,3B,SS,LF","504","67","12","58","5",".269",".333","136","27","1","48","77",".403",".736","58%"
"Samuel Basallo","BAL","C,DH","382","50","19","57","3",".242",".304","92","19","1","34","104",".441",".745","41%"
"Mickey Moniak","COL","LF,CF,RF,DH","435","60","20","64","9",".261",".300","114","21","5","24","116",".471",".771","70%"
"TJ Friedl","CIN","LF,CF","513","71","14","56","12",".244",".323","125","21","3","60","100",".375",".698","12%"
"Masyn Winn","STL","SS","569","74","14","64","12",".253",".305","144","29","3","42","112",".387",".692","22%"
"Marcell Ozuna","PIT","DH","462","63","22","70","0",".246",".339","114","20","0","65","127",".430",".769","5%"
"Colton Cowser","BAL","LF,CF,RF","435","61","19","60","13",".231",".306","101","21","1","47","156",".418",".723","2%"
"Carlos Correa","HOU","3B,SS","492","64","16","65","0",".266",".331","131","24","1","48","109",".418",".748","16%"
"Dylan Crews","WSH","CF,RF","442","58","14","54","21",".239",".294","106","18","3","34","106",".391",".685","21%"
"Luis Arraez","SF","1B,2B,DH","568","69","5","57","8",".302",".340","171","28","3","33","26",".391",".731","73%"
"Jose Caballero","NYY","2B,3B,SS,LF,RF","298","42","6","30","34",".224",".301","67","13","1","33","84",".337",".638","53%"
"Josh Lowe","LAA","LF,CF,RF","439","57","14","52","22",".240",".302","105","23","2","38","130",".404",".706","1%"
"Jung Hoo Lee","SF","CF,RF","517","66","9","56","9",".269",".327","139","29","6","44","63",".401",".728","23%"
"Nolan Schanuel","LAA","1B","509","69","13","58","6",".263",".347","134","23","1","65","81",".390",".736","10%"
"J.T. Realmuto","PHI","C","434","55","14","54","7",".252",".301","110","21","2","31","115",".408",".710","16%"
"Carter Jensen","KC","C,DH","336","46","12","46","4",".247",".322","83","17","3","39","98",".412",".734","28%"
"Chase DeLauter","CLE","CF,RF,DH","412","51","13","50","3",".244",".314","101","22","1","41","84",".395",".709","78%"
"Justin Crawford","PHI","CF","413","57","6","41","23",".270",".323","111","19","3","34","97",".373",".696","8%"
"Miguel Vargas","CWS","1B,3B","504","70","17","64","7",".236",".318","119","28","2","60","108",".403",".720","82%"
"Andres Gimenez","TOR","2B,SS","510","63","11","56","20",".247",".292","126","23","2","32","98",".368",".660","18%"
"Brett Baty","NYM","1B,2B,3B,RF","398","51","16","53","5",".243",".307","97","15","1","36","108",".409",".716","6%"
"Spencer Steer","CIN","1B,LF,RF","387","51","14","54","7",".238",".313","92","19","1","42","93",".407",".720","29%"
"Matt Shaw","CHC","2B,3B,RF,DH","267","37","9","33","11",".241",".310","64","12","2","26","59",".400",".710","6%"
"Giancarlo Stanton","NYY","LF,RF,DH","360","47","24","65","0",".228",".302","82","13","0","39","128",".464",".765","28%"
"Mark Vientos","NYM","1B,3B,DH","413","52","19","62","1",".243",".299","100","19","1","33","119",".435",".734","8%"
"Cedric Mullins II","TB","CF","407","54","14","51","20",".225",".296","92","19","2","42","103",".382",".679","4%"
"Ryan O'Hearn","PIT","1B,LF,RF,DH","460","61","14","59","3",".265",".333","122","23","1","48","97",".412",".745","65%"
"Dillon Dingler","DET","C,DH","381","45","13","50","1",".248",".297","95","19","2","27","103",".403",".699","61%"
"Jeff McNeil","ATH","2B,LF,CF,RF","478","61","12","57","4",".261",".322","125","25","3","43","67",".404",".726","7%"
"Jordan Westburg","BAL","2B,3B","378","56","17","54","4",".260",".308","98","19","2","26","93",".458",".766","12%"
"Matt Wallner","MIN","LF,RF","409","59","22","63","5",".230",".313","94","21","2","49","144",".453",".766","1%"
"Kyle Teel","CWS","C","340","46","10","41","5",".249",".331","85","15","1","43","100",".386",".717","8%"
"Willi Castro","COL","2B,3B,SS,LF,RF","459","65","12","50","14",".254",".316","116","22","4","41","116",".402",".718","10%"
"Logan O'Hoppe","LAA","C","409","47","18","52","2",".231",".284","94","14","1","30","126",".408",".692","3%"
"Josh Bell","MIN","1B,DH","480","61","20","66","1",".248",".327","119","21","1","56","101",".418",".744","9%"
"Evan Carter","TEX","LF,CF,RF","402","58","12","48","20",".240",".318","96","18","3","47","103",".391",".709","4%"
"Austin Wells","NYY","C","389","49","18","57","4",".225",".291","87","19","1","37","108",".414",".705","9%"
"Ernie Clement","TOR","1B,2B,3B,SS","525","65","10","58","8",".267",".299","140","28","2","25","58",".387",".687","62%"
"Jordan Lawlar","ARI","3B,LF","387","51","9","44","16",".238",".304","92","22","3","37","115",".383",".686","4%"
"Cam Smith","HOU","RF","443","56","12","52","8",".242",".307","107","21","3","42","128",".378",".685","11%"
"Colt Keith","DET","1B,2B,3B,DH","453","62","15","59","3",".261",".327","118","22","3","44","105",".422",".748","10%"
"Jasson Dominguez","NYY","LF,CF,DH","191","29","7","25","10",".246",".321","47","8","1","19","52",".401",".722","7%"
"Carson Benge","NYM","LF,CF,RF","337","45","10","40","8",".237",".308","80","15","2","34","80",".381",".690","20%"
"Brooks Lee","MIN","2B,3B,SS","500","56","14","60","4",".246",".295","123","23","1","35","93",".382",".676","26%"
"Tyler Stephenson","CIN","C","379","48","14","52","1",".236",".311","89","18","1","42","119",".399",".711","3%"
"Brandon Marsh","PHI","LF,CF,RF","422","58","13","54","11",".256",".329","108","21","3","47","134",".412",".740","35%"
"Dominic Canzone","SEA","LF,RF,DH","377","47","15","51","4",".243",".299","92","17","1","30","95",".415",".715","3%"
"Anthony Volpe","NYY","SS","413","53","13","49","17",".229",".288","95","21","3","35","111",".389",".677","7%"
"Nolan Arenado","ARI","3B","510","60","16","68","3",".251",".304","128","24","1","38","78",".397",".701","25%"
"Jorge Soler","LAA","RF,DH","419","56","21","60","1",".227",".307","95","19","0","49","129",".423",".730","27%"
"Ryan Jeffers","MIN","C,DH","438","56","15","57","2",".245",".317","107","23","1","47","104",".406",".723","46%"
"Harrison Bader","SF","LF,CF,RF","437","56","13","51","13",".246",".295","108","19","1","31","114",".386",".681","2%"
"Tyler O'Neill","BAL","LF,RF","346","49","18","52","5",".233",".312","81","14","1","40","111",".439",".751","1%"
"Victor Scott","STL","CF","462","57","7","41","34",".223",".285","103","18","3","40","114",".319",".604","2%"
"Tommy Edman","LAD","2B,3B,CF","399","53","12","49","8",".243",".293","97","19","2","29","77",".392",".686","5%"
"Josh Jung","TEX","3B","480","56","17","62","4",".248",".291","119","23","1","29","131",".405",".696","44%"
"Marcelo Mayer","BOS","2B,3B","393","50","11","48","6",".243",".300","96","22","2","31","101",".401",".701","4%"
"Jordan Walker","STL","LF,RF","462","53","14","55","9",".235",".293","109","23","2","38","134",".386",".679","93%"
"Owen Caissie","MIA","CF,RF","368","46","12","47","4",".237",".312","87","19","2","41","129",".396",".708","3%"
"Jake Cronenworth","SD","1B,2B,SS","505","66","14","59","4",".235",".319","119","25","2","63","115",".376",".695","5%"
"Chase Meidroth","CWS","2B,3B,SS","470","64","7","43","13",".253",".335","119","19","1","58","82",".346",".681","11%"
"J.P. Crawford","SEA","SS","497","64","11","53","5",".242",".330","120","23","1","66","109",".357",".687","11%"
"Jake McCarthy","COL","LF,CF,RF","335","47","6","34","15",".267",".317","90","14","4","24","61",".394",".711","5%"
"Austin Hays","CWS","LF,DH","420","54","14","54","6",".246",".297","103","22","2","31","113",".411",".707","1%"
"Moises Ballesteros","CHC","C,DH","316","38","9","42","2",".262",".323","83","15","1","28","61",".401",".723","14%"
"Jonathan India","KC","2B,3B,LF,DH","445","61","11","50","6",".245",".324","109","24","1","52","97",".383",".707","4%"
"Dylan Beavers","BAL","LF,CF,RF,DH","337","48","11","42","10",".242",".331","82","16","2","45","93",".402",".733","1%"
"Coby Mayo","BAL","1B,3B","222","30","10","31","2",".231",".302","51","10","1","22","66",".418",".720","2%"
"Josh Smith","TEX","1B,2B,3B,SS,LF,RF","452","61","10","46","9",".245",".317","111","22","2","49","98",".368",".685","2%"
"Mike Yastrzemski","ATL","LF,CF,RF","404","55","15","51","4",".229",".315","92","20","2","50","106",".410",".725","2%"
"Spencer Horwitz","PIT","1B","421","58","11","54","2",".264",".346","111","26","1","53","85",".407",".753","3%"
"Edgar Quero","CWS","C,DH","387","43","9","45","1",".254",".322","98","17","0","39","80",".369",".691","1%"
"Jesus Sanchez","TOR","LF,CF,RF,DH","374","51","14","50","9",".246",".310","92","18","2","35","98",".420",".729","3%"
"Bryce Eldridge","SF","1B,DH","300","34","13","44","1",".233",".299","70","13","0","28","97",".405",".703","5%"
"Lars Nootbaar","STL","LF,CF,RF","431","60","14","51","5",".243",".334","105","21","2","59","100",".402",".736","2%"
"Nolan Gorman","STL","2B,3B,DH","452","57","21","64","3",".215",".294","97","18","1","50","163",".401",".695","5%"
"Lenyn Sosa","TOR","1B,2B,DH","384","41","14","49","2",".251",".282","96","16","1","17","88",".406",".688","1%"
"Nick Castellanos","SD","RF,DH","336","41","11","45","3",".249",".294","84","16","1","21","84",".406",".700","1%"
"Carlos Narvaez","BOS","C","361","44","12","45","3",".228",".303","83","18","0","39","107",".373",".676","2%"
"Andrew Benintendi","CWS","LF,DH","443","54","16","57","3",".248",".313","110","19","1","42","85",".401",".715","2%"
"Luisangel Acuna","CWS","2B,SS,CF","372","47","5","33","23",".247",".292","92","16","2","23","74",".338",".630","1%"
"Gavin Sheets","SD","1B,LF,RF,DH","428","49","15","56","2",".240",".302","103","22","1","38","94",".397",".699","30%"
"Zach McKinstry","DET","2B,3B,SS,LF,RF","363","49","8","38","13",".238",".303","86","16","5","34","87",".373",".676","3%"
"Nasim Nunez","WSH","2B,SS","316","39","4","28","26",".227",".303","72","10","1","34","82",".308",".610","8%"
"Isaac Collins","KC","LF,RF","368","51","8","44","15",".242",".332","89","19","3","49","87",".376",".708","1%"
"Joey Ortiz","MIL","SS","494","61","10","54","13",".244",".300","121","25","3","39","93",".371",".671","1%"
"Ryan McMahon","NYY","3B","429","54","17","54","3",".216",".302","92","18","1","54","153",".377",".679","2%"
"Jake Meyers","HOU","CF","405","52","9","43","13",".250",".310","101","19","2","35","92",".373",".683","1%"
"Connor Norby","MIA","1B,3B,DH","433","56","14","53","9",".244",".298","106","22","2","33","125",".399",".697","2%"
"Luis Rengifo","MIL","2B,3B,OF","395","46","9","42","11",".252",".300","99","15","2","28","77",".369",".669","1%"
"Carson Kelly","CHC","C","321","39","12","42","2",".235",".309","76","12","1","34","73",".389",".698","13%"
"Trevor Larnach","MIN","LF,RF,DH","379","50","13","50","3",".247",".324","93","18","1","43","99",".408",".732","2%"
"Brady House","WSH","3B,DH","469","51","13","55","6",".242",".278","113","21","1","23","138",".374",".652","3%"
"Bo Naylor","CLE","C","384","50","16","50","4",".218",".300","84","19","1","46","107",".394",".694","1%"
"Anthony Santander","TOR","LF,RF,DH","123","17","6","20","0",".226",".302","28","5","0","12","30",".431",".733","2%"
"Victor Robles","SEA","LF,CF,RF","274","35","5","28","17",".244",".294","67","13","1","19","65",".356",".650","0%"
"Jake Mangum","PIT","LF,CF,RF","310","35","3","30","13",".273",".308","85","16","2","15","55",".362",".670","1%"
"Parker Meadows","DET","CF","383","52","11","42","12",".229",".301","88","15","5","40","107",".379",".680","0%"
"Cole Young","SEA","2B","347","43","7","38","6",".234",".311","81","17","2","39","68",".356",".667","13%"
"Freddy Fermin","SD","C","389","43","9","41","2",".242",".292","94","15","1","28","84",".354",".646","0%"
"Rhys Hoskins","CLE","1B,DH","327","41","14","46","2",".221",".308","72","14","1","41","101",".401",".709","1%"
"Jared Triolo","PIT","1B,2B,3B,SS","413","52","8","43","12",".242",".319","100","20","2","47","104",".361",".680","1%"
"Lourdes Gurriel Jr.","ARI","LF","371","45","12","51","6",".263",".308","98","19","1","24","64",".423",".731","2%"
"Nick Gonzales","PIT","2B,3B,SS","365","44","7","42","2",".260",".307","95","21","3","25","81",".395",".702","9%"
"Lane Thomas","KC","LF,CF,RF","363","49","12","46","14",".234",".296","85","18","2","33","105",".394",".691","0%"
"Wenceel Perez","DET","CF,RF","366","48","11","43","9",".239",".300","88","16","4","32","85",".395",".695","1%"
"Max Muncy","ATH","2B,3B,SS","347","41","11","43","4",".238",".286","82","18","1","24","107",".387",".673","7%"
"Garrett Mitchell","MIL","CF,RF","313","42","9","35","13",".234",".307","73","14","3","32","102",".378",".685","4%"
"Victor Caratini","MIN","C,1B,DH","310","36","9","39","1",".252",".310","78","12","0","26","63",".384",".694","2%"
"Denzel Clarke","ATH","CF","349","45","8","36","13",".229",".287","80","17","3","28","124",".366",".653","0%"
"Carson Williams","TB","SS","390","51","15","49","13",".209",".276","82","15","3","36","150",".376",".652","1%"
"Ha-Seong Kim","ATL","2B,SS","321","43","8","36","14",".241",".323","77","14","1","39","67",".366",".688","2%"
"Ke'Bryan Hayes","CIN","3B","463","51","9","47","11",".243",".294","112","19","2","34","101",".352",".646","1%"
"Colt Emerson","SEA","SS","243","30","5","28","5",".236",".301","57","12","1","23","60",".353",".654","20%"
"Paul Goldschmidt","NYY","1B","314","42","11","40","4",".249",".312","78","16","0","29","80",".405",".717","3%"
"Keibert Ruiz","WSH","C","330","33","9","39","2",".246",".284","81","15","0","17","40",".369",".653","7%"
"Pavin Smith","ARI","1B,DH","359","47","12","47","2",".235",".330","84","18","1","51","104",".389",".719","0%"
"Triston Casas","BOS","1B","163","22","7","24","0",".240",".334","39","8","0","22","46",".432",".766","1%"
"Kody Clemens","MIN","1B,2B,LF,RF","254","33","11","35","3",".227",".286","58","11","2","20","65",".425",".711","2%"
"Miguel Andujar","SD","3B,LF,DH","317","36","8","40","2",".269",".310","85","15","1","19","51",".401",".711","5%"
"Patrick Bailey","CLE","C","426","46","9","47","2",".223",".284","95","19","2","36","124",".339",".622","1%"
"Brayan Rocchio","CLE","2B,SS","424","51","9","46","12",".235",".296","100","22","2","37","87",".356",".652","38%"
"Gabriel Arias","CLE","2B,SS","400","44","11","45","9",".227",".276","91","20","2","27","134",".372",".648","0%"
"TJ Rumfield","COL","1B,DH","282","35","7","34","2",".253",".317","71","15","1","26","63",".389",".705","15%"
"Harry Ford","WSH","C","211","27","5","25","5",".230",".317","49","9","0","27","56",".352",".668","1%"
"Alek Thomas","LAD","CF","369","45","9","41","7",".242",".286","89","18","3","23","92",".378",".664","1%"
"Jacob Melton","TB","LF,CF","128","16","4","15","8",".219",".280","28","6","0","11","38",".358",".638","0%"
"Sean Murphy","ATL","C","312","40","15","45","0",".219",".299","68","13","0","35","96",".409",".708","1%"
"Christopher Morel","MIA","1B,LF,DH","325","42","14","43","7",".223",".297","73","14","2","34","109",".408",".705","0%"
"Danny Jansen","TEX","C","285","37","13","38","1",".212",".299","61","12","0","35","78",".390",".689","1%"
"Miguel Amaya","CHC","C,DH","246","28","7","32","1",".233",".290","57","12","1","20","59",".377",".667","1%"
"Mauricio Dubon","ATL","2B,3B,SS,LF,CF","380","44","6","39","4",".256",".295","97","19","1","21","51",".362",".657","42%"
"Ryan Waldschmidt","ARI","LF,CF,RF","131","20","3","16","5",".245",".332","32","6","1","17","33",".377",".709","10%"
"Javier Baez","DET","2B,3B,SS,CF","342","39","9","41","5",".235",".264","80","15","1","14","89",".366",".630","4%"
"Gavin Lux","TB","2B,3B,LF,DH","392","49","7","42","3",".253",".330","99","21","2","45","97",".370",".700","1%"
"Travis Bazzana","CLE","2B","191","27","5","21","4",".216",".307","41","9","1","25","63",".346",".653","32%"
"Kristian Campbell","BOS","2B,CF","142","19","4","17","2",".253",".330","36","6","0","16","40",".378",".708","1%"
"Yoan Moncada","LAA","3B","348","44","13","44","1",".239",".311","83","17","1","36","105",".405",".716","0%"
"Jacob Young","WSH","CF","321","39","3","28","18",".248",".301","79","14","2","24","65",".324",".625","1%"
"Kyle Isbel","KC","CF","399","50","7","40","9",".239",".289","95","18","4","28","86",".361",".650","3%"
"Angel Martinez","CLE","2B,LF,CF,RF","272","33","6","30","5",".234",".284","64","14","1","19","63",".365",".649","50%"
"Joc Pederson","TEX","DH","337","48","16","49","3",".232",".321","78","14","1","44","89",".430",".751","0%"
"Luke Raley","SEA","1B,LF,CF,RF","299","39","12","39","5",".222",".281","66","13","1","25","101",".391",".672","20%"
"Kyle Higashioka","TEX","C,DH","245","27","10","33","2",".225",".273","55","11","1","16","66",".396",".669","0%"
"Joshua Baez","STL","LF,CF,RF","60","7","2","7","4",".227",".302","14","3","0","6","17",".394",".696","2%"
"Pedro Pages","STL","C","315","33","9","36","1",".226",".278","71","13","1","23","90",".360",".639","1%"
"Brice Matthews","HOU","2B,LF,CF","80","11","3","11","4",".215",".297","17","3","0","9","32",".363",".660","2%"
"Liam Hicks","MIA","C,1B,DH","260","30","4","29","2",".241",".325","63","11","1","33","47",".341",".666","88%"
"Joey Loperfido","HOU","LF,CF,RF","323","40","9","39","7",".234",".286","76","15","2","24","100",".377",".663","1%"
"Hyeseong Kim","LAD","2B,SS,CF","145","19","2","15","7",".246",".291","36","6","1","9","37",".346",".637","4%"
"Tyler Freeman","COL","2B,RF,DH","276","39","5","29","12",".275",".334","76","14","1","25","41",".389",".723","1%"
"Romy Gonzalez","BOS","1B,2B","194","26","6","27","6",".268",".310","52","10","1","12","52",".430",".739","1%"
"Christian Moore","LAA","2B","316","38","10","36","6",".227",".298","72","11","2","31","104",".369",".667","1%"
"Jake Bauers","MIL","1B,LF,RF","245","33","11","34","7",".215",".309","53","10","1","34","85",".397",".706","26%"
"Nolan Jones","CLE","LF,CF,RF","118","15","3","14","3",".225",".315","27","6","0","15","40",".366",".681","0%"
"Charlie Condon","COL","1B,OF","141","17","5","18","1",".239",".301","34","6","1","13","46",".398",".700","4%"
"Jett Williams","MIL","2B,SS,OF","129","18","3","15","5",".222",".305","29","7","1","15","40",".371",".675","1%"
"Nathan Lukes","TOR","LF,CF,RF","283","37","6","35","3",".262",".324","74","14","1","26","49",".390",".714","1%"
"CJ Kayfus","CLE","1B,LF,RF","264","34","9","34","3",".238",".309","63","14","2","27","83",".403",".712","0%"
"Davis Schneider","TOR","2B,LF","270","38","12","37","4",".217",".316","59","12","1","39","90",".400",".716","1%"
"Jose Siri","LAA","CF","43","6","2","5","2",".199",".252","9","2","0","3","17",".361",".613","0%"
"Jake Fraley","TB","LF,RF","319","40","8","36","11",".241",".311","77","15","1","32","74",".370",".681","0%"
"Josh Rojas","KC","2B,3B","44","5","1","4","1",".230",".301","10","2","0","5","11",".334",".635","0%"
"Zach Cole","HOU","LF,CF,RF","274","36","10","35","9",".212",".282","58","12","2","26","120",".385",".666","1%"
"Brooks Baldwin","CWS","2B,3B,SS,LF,CF,RF","299","36","10","37","6",".247",".298","74","13","1","22","75",".403",".700","0%"
"David Fry","CLE","C,RF,DH","181","22","7","24","2",".221",".286","40","8","1","16","54",".384",".670","0%"
"Sung-Mun Song","SD","2B,3B","259","31","6","29","6",".237",".299","62","12","1","23","52",".359",".659","0%"
"Kris Bryant","COL","DH","51","6","1","5","0",".235",".298","12","2","0","5","15",".359",".657","0%"
"Blaze Alexander","BAL","2B,3B,SS,CF","242","30","6","28","5",".225",".292","54","10","1","23","84",".356",".648","1%"
"Ryan Mountcastle","BAL","1B,DH","187","23","7","25","1",".256",".303","48","9","0","13","51",".419",".722","0%"
"Nathaniel Lowe","CIN","1B,DH","186","24","6","26","0",".244",".329","45","8","1","23","53",".398",".726","2%"
"Matt Vierling","DET","LF,CF","263","34","7","30","4",".242",".304","64","12","1","23","68",".379",".682","1%"
"Jhostynxon Garcia","PIT","CF,RF","187","24","6","22","3",".232",".284","43","8","1","14","58",".381",".665","2%"
"Dalton Rushing","LAD","C","178","25","7","26","1",".224",".307","40","8","0","21","58",".392",".699","14%"
"Will Benson","CIN","LF,CF,RF","232","33","10","32","7",".222",".304","51","10","2","27","82",".411",".715","0%"
"Adael Amador","COL","2B","103","13","2","12","4",".246",".323","25","5","0","12","21",".371",".694","0%"
"Edouard Julien","COL","1B,2B,DH","294","38","9","33","4",".243",".343","71","13","1","45","99",".386",".729","1%"
"Joey Bart","PIT","C","260","30","7","31","1",".239",".314","62","11","0","29","81",".366",".680","0%"
"Troy Johnston","COL","1B,LF,RF,DH","177","22","5","22","6",".254",".306","45","9","1","13","41",".399",".705","6%"
"Spencer Jones","NYY","CF","42","6","2","6","2",".217",".287","9","2","0","4","19",".411",".698","10%"
"Zac Veen","COL","LF,RF","117","15","3","14","4",".244",".303","29","6","1","10","32",".392",".695","1%"
"Henry Davis","PIT","C","235","28","7","27","3",".220",".286","52","11","1","22","68",".363",".649","0%"
"Isiah Kiner-Falefa","BOS","2B,3B,SS","185","21","2","18","6",".254",".291","47","8","1","10","34",".336",".626","1%"
"Tim Tawa","ARI","1B,2B,LF,CF","146","18","5","17","4",".222",".287","32","7","1","13","42",".370",".658","0%"
"Masataka Yoshida","BOS","LF,DH","196","24","5","27","2",".272",".324","53","11","0","15","29",".411",".735","1%"
"Kyle Karros","COL","3B","236","30","4","25","2",".258",".327","61","13","1","24","63",".383",".710","0%"
"Joe Mack","MIA","C","216","25","7","27","2",".220",".280","47","9","0","18","66",".367",".647","2%"
"Jonah Heim","ATH","C,DH","105","12","3","13","0",".225",".283","24","4","0","8","24",".360",".643","0%"
"Christian Encarnacion-Strand","BAL","1B,3B","66","8","3","10","0",".238",".278","16","3","0","4","19",".416",".694","0%"
"Griffin Conine","MIA","LF,RF","307","37","11","39","1",".222",".295","68","13","1","32","113",".377",".672","0%"
"Aidan Miller","PHI","SS","60","9","2","7","4",".226",".312","14","3","0","7","20",".357",".668","2%"
"Max Clark","DET","CF","24","4","1","3","1",".245",".341","6","1","1","3","5",".440",".781","5%"
"Nelson Velazquez","STL","LF,RF,DH","153","19","6","20","2",".221",".286","34","7","0","14","45",".393",".680","0%"
"Casey Schmitt","SF","1B,2B,3B,DH","210","25","7","27","1",".239",".292","50","10","0","16","54",".392",".684","35%"
"Nick Fortes","TB","C","275","29","7","28","2",".223",".269","61","11","1","17","54",".343",".611","2%"
"Austin Martin","MIN","2B,LF,CF,RF","266","35","3","25","11",".254",".336","67","14","1","33","52",".346",".683","5%"
"Walker Jenkins","MIN","CF","79","11","2","9","3",".247",".327","20","4","0","9","20",".385",".711","3%"
"Thomas Saggese","STL","2B,3B,SS,LF","220","26","5","25","3",".245",".294","54","11","1","15","61",".371",".665","0%"
"Carlos Santana","ARI","1B","318","38","10","40","3",".222",".304","70","13","0","38","67",".358",".662","0%"
"Edmundo Sosa","PHI","2B,3B,SS","221","28","7","28","3",".250",".283","55","11","2","10","55",".413",".696","1%"
"Colby Thomas","ATH","LF,CF,RF","185","24","7","26","3",".236",".282","44","10","1","12","63",".418",".700","0%"
"Ronny Mauricio","NYM","2B,3B,SS","132","17","4","16","4",".238",".289","32","6","0","9","37",".388",".678","1%"
"George Valera","CLE","LF,RF,DH","333","41","12","40","2",".223",".302","74","14","1","37","104",".381",".683","0%"
"Nathan Church","STL","LF,CF,RF","153","19","3","17","4",".249",".299","38","7","1","11","25",".356",".655","3%"
"Miguel Rojas","LAD","2B,3B,SS","161","20","3","17","3",".251",".303","40","8","0","12","25",".363",".666","1%"
"Heriberto Hernandez","MIA","LF,RF,DH","289","37","11","39","3",".223",".303","64","13","1","33","98",".387",".691","0%"
"Zack Gelof","ATH","2B,3B,CF","168","23","6","21","6",".221",".293","37","8","0","17","62",".384",".678","11%"
"Graham Pauley","MIA","3B","278","33","9","33","4",".225",".294","63","14","1","27","64",".372",".667","0%"
"Jose Trevino","CIN","C","227","24","6","25","1",".236",".282","53","10","0","14","38",".362",".643","0%"
"Ben Williamson","TB","2B,3B,SS","229","27","3","23","5",".249",".301","57","12","1","17","54",".343",".644","1%"
"Esteury Ruiz","MIA","LF,CF,RF","107","16","3","12","12",".241",".310","26","5","1","11","28",".372",".681","1%"
"Amed Rosario","NYY","2B,3B","208","25","4","24","4",".261",".295","54","10","1","10","40",".380",".675","1%"
"Starling Marte","KC","LF,RF,DH","231","29","5","26","7",".262",".309","61","10","1","16","54",".387",".696","0%"
"Javier Sanoja","MIA","2B,3B,SS,LF,CF","213","26","3","24","6",".260",".305","55","12","2","14","24",".384",".689","2%"
"Brandon Lockridge","MIL","LF,CF,RF","126","15","1","12","8",".236",".298","30","6","1","11","36",".326",".624","0%"
"James McCann","ARI","C","179","20","5","22","1",".236",".279","42","8","0","11","50",".375",".654","0%"
"Connor Wong","BOS","C","204","24","5","22","3",".239",".292","49","10","1","15","56",".370",".662","0%"
"David Hamilton","MIL","2B,3B,SS","185","26","5","20","18",".217",".285","40","7","1","18","53",".352",".636","1%"
"Emmanuel Rodriguez","MIN","CF","62","11","2","8","2",".217",".346","14","3","0","12","26",".368",".714","1%"
"Jonny DeLuca","TB","LF,CF,RF","253","30","7","28","10",".229",".283","58","11","2","19","58",".375",".658","1%"
"Jerar Encarnacion","SF","RF","129","16","5","18","1",".228",".291","29","5","0","11","46",".382",".673","0%"
"JJ Bleday","CIN","LF,CF,RF","247","34","11","34","2",".228",".312","56","13","1","30","66",".415",".727","41%"
"Luis Torrens","NYM","C","202","22","5","24","1",".237",".289","48","9","1","15","49",".370",".659","1%"
"Gary Sanchez","MIL","C,1B,DH","147","19","7","23","0",".220",".287","32","5","0","14","45",".409",".696","3%"
"Travis d'Arnaud","LAA","C","197","21","7","24","0",".217",".268","43","9","0","14","61",".378",".646","0%"
"Dane Myers","CIN","LF,CF,RF","221","28","6","26","9",".242",".297","53","9","1","17","62",".371",".668","0%"
"Ryan Ritter","COL","2B,SS","223","30","6","26","4",".249",".308","55","11","2","19","67",".397",".705","0%"
"Hunter Feduccia","TB","C","219","25","4","23","1",".216",".304","47","10","1","28","64",".327",".631","0%"
"Tyrone Taylor","NYM","LF,CF,RF","252","31","6","27","8",".228",".269","58","13","2","14","63",".366",".634","0%"
"Hector Rodriguez","CIN","LF,RF","20","3","1","2","0",".255",".292","5","1","0","1","4",".362",".654","0%"
"Yohel Pozo","STL","C,DH","162","17","5","20","1",".251",".277","41","9","0","6","22",".391",".668","0%"
"Jake Rogers","DET","C","178","22","6","23","1",".211",".278","37","8","1","17","58",".372",".650","0%"
"Sam Haggerty","TEX","LF,CF","193","26","3","19","11",".242",".307","47","9","2","18","48",".354",".660","0%"
"Leo De Vries","ATH","SS","29","4","1","4","0",".229",".296","7","2","0","3","8",".393",".689","5%"
"Michael Massey","KC","2B,LF","252","28","7","30","2",".244",".282","62","12","1","13","50",".387",".669","0%"
"James Outman","MIN","LF,CF,RF","189","27","7","24","5",".211",".291","40","8","1","22","75",".381",".672","0%"
"Andres Chaparro","WSH","1B","242","28","9","32","1",".230",".295","56","12","0","22","64",".396",".690","0%"
"Michael Conforto","CHC","LF,RF,DH","121","16","4","16","0",".221",".306","27","5","0","15","35",".375",".682","1%"
"Daniel Schneemann","CLE","2B,3B,SS,CF,RF","211","26","6","24","5",".217",".295","46","10","1","23","64",".353",".648","10%"
"Ramon Urias","STL","2B,3B","259","30","8","31","2",".244",".301","63","12","1","21","64",".388",".689","0%"
"Rob Refsnyder","SEA","LF,CF,RF,DH","204","27","7","27","3",".239",".320","49","10","0","24","62",".394",".714","0%"
"Ezequiel Duran","TEX","1B,2B,3B,SS,LF,RF","242","28","5","25","8",".241",".281","58","13","1","13","63",".367",".648","23%"
"Jorge Mateo","ATL","2B,SS,CF","147","20","3","15","13",".223",".268","33","7","1","9","42",".353",".621","1%"
"Wilmer Flores","","1B,DH","129","15","4","17","0",".230",".294","30","5","0","12","26",".374",".667","0%"
"Everson Pereira","CWS","LF,CF,RF","189","26","8","24","4",".222",".287","42","7","1","17","68",".392",".679","1%"
"Ty France","SD","1B","119","14","3","14","0",".250",".298","30","6","0","8","24",".379",".677","1%"
"Oswald Peraza","LAA","1B,2B,3B,SS","236","28","7","25","9",".215",".273","51","9","0","19","68",".346",".618","4%"
"Braxton Fulford","COL","C","127","17","4","16","2",".241",".299","31","7","1","11","40",".404",".703","0%"
"Adam Frazier","LAA","2B,LF,RF","234","25","4","22","4",".230",".283","54","10","1","17","48",".326",".608","0%"
"Robert Hassell III","WSH","CF,RF","212","23","4","22","6",".239",".296","51","9","0","17","57",".340",".636","0%"
"Otto Kemp","PHI","1B,3B,LF","206","29","7","28","4",".236",".294","49","11","1","17","66",".396",".690","0%"
"Alex Freeland","LAD","2B,3B,SS","106","14","3","13","3",".218",".308","23","5","0","14","33",".364",".672","1%"
"Jeremiah Jackson","BAL","2B,3B,RF","197","24","7","25","3",".239",".277","47","10","1","11","50",".396",".674","16%"
"Austin Wynns","LAA","C","133","15","4","17","1",".229",".279","31","6","0","9","40",".364",".643","0%"
"Dylan Moore","PHI","1B,2B,3B,LF,RF","129","20","5","16","8",".208",".288","27","6","1","14","45",".381",".669","0%"
"Jimmy Crooks III","STL","C","96","12","2","12","0",".237",".295","23","4","0","8","29",".358",".654","0%"
"Taylor Walls","TB","SS","222","28","4","22","11",".212",".291","47","10","1","25","59",".318",".610","1%"
"Luis Campusano","SD","C,DH","208","27","7","27","1",".240",".313","50","9","0","22","48",".382",".695","1%"
"Mitch Garver","SEA","C,DH","100","13","4","13","1",".202",".294","20","3","0","13","34",".357",".651","1%"
"Rafael Marchan","PHI","C","131","15","3","14","1",".226",".292","30","6","0","12","25",".336",".627","0%"
"Ryan Ward","LAD","1B,LF,RF","17","2","1","2","0",".210",".278","3","1","0","2","5",".356",".634","0%"
"Max Kepler","","LF,RF","112","14","4","15","1",".237",".306","26","5","0","11","25",".400",".706","0%"
"Dominic Smith","ATL","1B,DH","195","23","5","23","1",".240",".300","47","9","0","17","45",".364",".664","3%"
"Santiago Espinal","LAD","2B,3B,LF,RF","111","12","1","11","1",".247",".298","27","5","0","8","17",".331",".629","0%"
"Reese McGuire","","C","91","10","3","11","1",".225",".273","20","4","0","6","23",".352",".625","0%"
"J.C. Escarra","NYY","C","118","14","3","13","1",".224",".295","27","6","0","12","25",".349",".645","0%"
"Jeferson Quero","MIL","C","35","5","1","5","0",".225",".293","8","1","0","3","8",".348",".641","0%"
"Blaine Crim","COL","1B","146","19","5","20","1",".248",".315","36","7","0","14","37",".406",".721","0%"
"Drew Millas","WSH","C","119","13","2","12","3",".241",".300","29","5","1","10","22",".350",".650","0%"
"Luis Matos","MIL","LF,CF,RF","155","20","5","20","3",".246",".291","38","8","0","10","24",".397",".688","0%"
"Curtis Mead","WSH","1B,2B,3B","94","12","2","11","2",".244",".299","23","5","0","7","22",".369",".668","1%"
"Adrian Del Castillo","ARI","C,DH","160","19","6","21","0",".230",".295","37","8","1","15","49",".392",".687","1%"
"Richie Palacios","TB","2B,LF","165","21","3","16","7",".228",".311","38","7","0","20","37",".331",".641","0%"
"Daniel Susac","SF","C","78","8","2","9","1",".228",".270","18","3","0","5","24",".346",".617","2%"
"Jesse Winker","","LF,RF,DH","166","22","5","21","3",".235",".335","39","7","1","25","43",".379",".714","0%"
"Eric Wagaman","NYM","1B,LF","133","17","4","16","1",".250",".301","33","8","0","10","30",".399",".700","0%"
"Tyler Heineman","TOR","C","122","15","2","13","2",".223",".290","27","5","1","12","28",".325",".615","0%"
"Tommy Pham","BAL","LF,CF,RF","158","20","4","18","3",".240",".311","38","7","0","16","40",".366",".677","0%"
"Sam Antonacci","CWS","2B,3B,LF","28","4","0","3","1",".248",".321","7","1","0","3","6",".323",".644","12%"
"Jose Tena","WSH","2B,3B,DH","182","21","4","19","6",".247",".301","45","9","1","14","51",".365",".666","0%"
"Vaughn Grissom","LAA","1B,2B,3B","182","23","4","19","4",".246",".306","45","9","0","16","40",".362",".668","1%"
"Michael Toglia","CIN","1B","47","5","2","6","1",".205",".280","10","2","0","5","19",".390",".670","0%"
"Christian Vazquez","HOU","C","81","8","2","8","1",".219",".270","18","3","0","6","18",".320",".590","1%"
"Alan Roden","MIN","LF,RF","185","25","4","21","3",".253",".320","47","10","1","18","36",".376",".696","0%"
"Andrew McCutchen","TEX","RF,DH","178","22","6","21","1",".227",".318","40","7","0","24","49",".370",".688","1%"
"Darell Hernaiz","ATH","2B,3B,SS","179","22","2","19","4",".257",".315","46","9","1","15","30",".361",".676","0%"
"Andruw Monasterio","BOS","1B,2B,3B,SS,DH","96","13","2","11","3",".237",".309","23","5","0","10","26",".357",".665","1%"
"Braden Montgomery","CWS","CF","127","15","3","14","2",".226",".289","29","7","0","11","43",".359",".647","1%"
"Kaelen Culpepper","MIN","SS","41","5","1","4","2",".250",".310","10","2","0","4","8",".363",".673","1%"
"Rowdy Tellez","ATL","1B","102","12","5","15","0",".226",".285","23","4","0","9","28",".402",".687","0%"
"Randal Grichuk","CWS","LF,RF,DH","129","16","5","17","0",".239",".287","31","7","0","9","30",".421",".709","0%"
"Tyler Locklear","ARI","1B","157","20","5","20","3",".236",".301","37","8","1","15","48",".383",".683","0%"
"Cooper Ingle","CLE","C","15","2","0","1","0",".239",".356","4","1","0","3","3",".340",".695","0%"
"Nick Yorke","PIT","2B,3B","142","18","3","16","4",".252",".307","36","7","1","11","36",".366",".674","0%"
"Leo Rivas","SEA","2B,3B,SS","130","18","2","13","7",".217",".328","28","5","0","22","38",".303",".631","0%"
"Jose Iglesias","","2B,3B,SS","123","13","1","13","2",".252",".292","31","6","0","7","23",".334",".626","0%"
"Andy Ibanez","NYM","2B,3B","189","22","5","22","3",".243",".297","46","10","1","14","40",".377",".674","0%"
"Drew Gilbert","SF","LF,CF,RF","101","13","3","12","1",".225",".295","23","5","0","10","24",".362",".657","0%"
"Henry Bolte","ATH","CF,RF","23","3","0","2","2",".247",".327","6","1","0","3","8",".360",".687","13%"
"Jeimer Candelario","LAA","1B,3B","107","11","3","12","1",".205",".265","22","5","0","9","33",".348",".613","0%"
"Jose Fermin","STL","2B,LF","142","19","3","16","6",".242",".326","34","8","0","18","21",".359",".686","0%"
"Warming Bernabel","","1B","78","7","2","8","1",".246",".281","19","4","0","4","13",".356",".637","0%"
"Cody Freeman","TEX","2B","160","18","4","18","2",".241",".285","38","8","0","10","27",".370",".656","0%"
"Thairo Estrada","","2B","70","8","2","8","1",".242",".276","17","3","0","3","15",".360",".636","0%"
"Alejandro Osuna","TEX","LF,CF,RF","68","10","1","8","2",".245",".320","17","3","0","8","18",".358",".679","0%"
"Nick Allen","HOU","SS","117","13","1","10","3",".228",".287","27","5","0","10","26",".296",".583","0%"
"Brett Sullivan","COL","C","78","9","1","8","1",".233",".286","18","4","1","6","15",".355",".641","0%"
"J.D. Martinez","","DH","23","3","1","3","0",".226",".293","5","1","0","2","7",".386",".679","1%"
"Nelson Rada","LAA","CF","68","8","0","5","4",".236",".308","16","3","0","7","18",".296",".604","0%"
"Orlando Arcia","MIN","1B,2B,3B,SS","106","11","3","11","0",".224",".277","24","5","0","8","25",".349",".625","0%"
"Kevin Alcantara","CHC","CF,RF","59","8","2","8","1",".230",".303","14","3","0","6","22",".364",".666","1%"
"Riley Adams","WSH","C","67","7","2","8","0",".213",".269","14","3","0","5","25",".358",".627","0%"
"Luke Maile","KC","C","64","7","1","7","1",".215",".290","14","3","0","7","21",".323",".613","0%"
"Eli White","ATL","LF,CF,RF","137","19","4","16","5",".234",".286","32","5","1","10","41",".377",".663","0%"
"Heston Kjerstad","BAL","LF,RF","70","9","3","9","0",".229",".287","16","3","0","6","22",".386",".673","0%"
"Enrique Hernandez","LAD","1B,2B,3B,LF","164","20","5","21","1",".223",".279","36","8","0","13","42",".371",".650","1%"
"Alex Call","LAD","LF,CF,RF","140","20","4","17","2",".236",".326","33","7","0","19","31",".369",".695","0%"
"Ryan Clifford","NYM","1B,OF","44","7","2","7","0",".208",".315","9","2","0","7","17",".378",".692","0%"
"Tyler Black","MIL","1B,DH","33","4","1","4","2",".219",".319","7","1","0","5","10",".308",".628","0%"
"Austin Hedges","CLE","C","120","12","3","11","1",".184",".249","22","4","0","10","35",".292",".542","0%"
"Tyler Fitzgerald","LAD","2B","68","9","2","8","2",".223",".277","15","3","0","5","23",".371",".648","0%"
"Endy Rodriguez","PIT","C,1B","108","14","2","12","1",".236",".302","26","6","1","10","25",".372",".674","0%"
"Tom Murphy","","C","53","7","2","7","0",".231",".294","12","3","0","5","17",".408",".702","0%"
"Bryce Teodosio","LAA","LF,CF","197","22","3","17","10",".212",".257","42","8","2","12","67",".313",".569","0%"
"Jahmai Jones","DET","LF,CF,RF,DH","127","20","4","17","3",".241",".325","31","7","1","16","36",".412",".738","0%"
"Abimelec Ortiz","WSH","1B,OF","184","23","7","25","1",".226",".290","42","8","1","17","54",".393",".683","0%"
"Elias Diaz","KC","C","49","5","1","6","0",".223",".276","11","2","0","4","13",".341",".616","0%"
"Tyler Austin","CHC","1B,RF","138","19","6","20","0",".241",".315","33","8","0","15","40",".435",".749","0%"
"Jesus Rodriguez","SF","C","56","8","1","7","2",".262",".329","15","2","0","6","11",".354",".683","2%"
"Enrique Bradfield Jr.","BAL","CF","29","4","0","2","4",".230",".326","7","1","0","4","8",".336",".662","0%"
"Will Brennan","SF","LF,CF,RF","142","15","2","15","3",".260",".300","37","7","0","8","22",".366",".665","0%"
"Cesar Salazar","HOU","C","94","11","2","10","1",".204",".277","19","4","0","9","22",".306",".583","0%"
"Rece Hinds","CIN","RF","23","3","1","3","1",".233",".277","5","1","0","1","9",".395",".672","0%"
"Myles Straw","TOR","LF,CF,RF","157","20","2","14","7",".232",".292","36","7","1","13","34",".314",".606","0%"
"Blake Perkins","MIL","LF,CF,RF","143","18","3","15","6",".221",".300","32","6","1","16","44",".342",".641","0%"
"Dom Keegan","TB","C","60","7","2","7","0",".225",".285","13","3","0","5","18",".365",".649","0%"
"Korey Lee","CWS","C","76","8","2","8","1",".220",".264","17","3","0","5","22",".344",".608","0%"
"Andrew Knizner","COL","C","63","7","1","7","0",".212",".272","13","2","0","5","15",".306",".578","0%"
"Derek Hill","CWS","LF,CF,RF","110","13","3","12","4",".234",".281","26","5","1","7","34",".376",".657","0%"
"Tyler Tolbert","KC","LF,CF","110","14","1","10","10",".224",".271","25","5","1","7","31",".314",".585","0%"
"Carlos Cortes","ATH","LF,RF,DH","122","15","4","16","1",".235",".300","29","6","0","11","29",".394",".694","12%"
"Jhonkensy Noel","BAL","1B,RF","36","4","2","5","0",".219",".268","8","2","0","2","11",".441",".708","0%"
"Austin Barnes","","C","28","3","0","2","0",".206",".273","6","1","0","3","7",".265",".538","0%"
"Chris Taylor","LAA","2B,LF,CF,RF","130","16","3","14","3",".213",".282","28","6","0","13","47",".340",".622","0%"
"Ryan Vilade","TB","LF,RF","139","16","3","16","2",".234",".296","33","7","1","12","38",".356",".652","0%"
"Jon Berti","","2B,3B","111","14","1","9","7",".243",".299","27","4","0","9","26",".323",".622","0%"
"Eloy Jimenez","","RF,DH","27","3","1","3","0",".240",".293","6","1","0","2","6",".362",".655","0%"
"Mickey Gasper","BOS","IF,C","24","3","1","3","0",".225",".308","5","1","0","3","5",".334",".642","1%"
"Alex Jackson","MIN","C","42","5","1","5","0",".205",".261","9","2","0","3","14",".365",".626","0%"
"Max Anderson","DET","2B,3B","37","6","1","6","0",".256",".303","10","2","0","3","8",".372",".675","0%"
"Oswaldo Cabrera","NYY","3B","110","14","3","12","2",".231",".292","25","5","0","9","26",".350",".643","0%"
"Hao-Yu Lee","DET","2B,3B","24","3","1","3","1",".238",".313","6","1","0","3","6",".352",".665","0%"
"Ryan Bliss","SEA","2B","98","13","3","11","7",".217",".286","21","5","0","10","30",".349",".635","0%"
"Jack Suwinski","LAD","LF,CF,RF","88","12","4","12","2",".204",".292","18","4","0","11","32",".388",".680","0%"
"Jonathon Long","CHC","1B","36","5","1","5","0",".249",".338","9","1","0","5","9",".364",".702","0%"
"Bryce Johnson","SD","LF,CF,RF","136","16","2","12","6",".225",".290","31","6","1","13","41",".315",".605","0%"
"Willie MacIver","TOR","C","24","3","0","3","1",".218",".277","5","1","0","2","7",".309",".586","0%"
"Chadwick Tromp","ATL","C","43","4","1","4","0",".203",".256","9","2","0","3","12",".305",".561","0%"
"Austin Slater","NYM","LF,CF,RF","112","15","3","12","2",".231",".311","26","4","0","13","37",".359",".670","0%"
"Jorge Alfaro","KC","C","29","3","1","3","1",".208",".237","6","1","0","1","11",".313",".550","0%"
"Max Schuemann","NYY","2B,3B,SS,OF","48","6","1","4","2",".218",".299","11","2","0","6","13",".316",".615","0%"
"Mike Tauchman","NYM","LF,CF,RF","115","16","3","13","1",".230",".326","27","5","0","16","32",".352",".678","1%"
"Kyle McCann","COL","C","31","3","1","4","0",".211",".280","7","1","0","3","12",".351",".631","0%"
"Dylan Carlson","PHI","LF,CF,RF","90","11","2","10","1",".225",".306","20","4","0","10","24",".355",".662","0%"
"Jhonny Pereda","SEA","C","34","3","1","3","0",".223",".301","8","2","0","4","9",".307",".608","0%"
"Alex Verdugo","","LF,RF","101","12","2","10","1",".244",".303","25","5","0","9","17",".354",".657","0%"
"Nick Loftin","KC","2B,3B,LF","119","14","2","13","2",".239",".313","28","6","0","13","21",".354",".668","0%"
"Ben Rortvedt","NYM","C","34","3","1","3","0",".193",".270","7","1","0","4","10",".270",".540","0%"
"Josue Briceno","DET","C,1B","23","2","0","2","0",".229",".327","5","1","0","3","7",".363",".690","1%"
"Eric Haase","SF","C","21","2","0","2","0",".217",".274","5","1","0","2","7",".296",".570","0%"
"Rodolfo Duran","SD","C","15","2","0","2","0",".214",".252","3","1","0","1","4",".319",".570","0%"
"Drew Romo","CWS","C","23","2","0","2","0",".218",".264","5","1","0","1","6",".325",".589","1%"
"Will Banfield","CIN","C","23","2","0","2","0",".199",".235","4","1","0","1","7",".291",".526","0%"
"Jarred Kelenic","CWS","CF,RF","78","9","2","8","2",".216",".278","17","4","0","7","25",".356",".633","0%"
"Brandon Valenzuela","TOR","C,1B","20","2","0","2","0",".196",".257","4","1","0","2","6",".293",".550","3%"
"Joey Wiemer","WSH","LF,CF,RF","122","14","4","14","3",".206",".278","25","5","0","12","40",".341",".618","4%"
"Deyvison De Los Santos","MIA","1B,3B","80","9","3","10","1",".235",".277","19","3","0","5","22",".379",".656","1%"
"Sebastian Rivero","LAA","C","16","1","0","2","0",".203",".233","3","1","0","1","4",".277",".509","0%"
"Matt Thaiss","BOS","C","20","2","0","2","0",".218",".322","4","1","0","3","6",".314",".637","0%"
"Tomas Nido","DET","C","22","2","0","2","0",".217",".259","5","0","0","1","6",".273",".532","0%"
"Brian Serven","ATH","C","17","2","0","2","0",".190",".251","3","1","0","1","6",".285",".536","0%"
"Kemp Alderman","MIA","RF","15","2","0","2","0",".251",".289","4","1","0","1","4",".343",".632","0%"
"Blake Hunt","SD","C","16","2","0","2","0",".210",".257","3","1","0","1","4",".325",".583","0%"
"Shay Whitcomb","HOU","2B,3B","26","3","1","3","0",".220",".278","6","1","0","2","8",".415",".693","0%"
"Zach Dezenzo","HOU","LF,RF","115","14","4","14","1",".231",".292","27","5","0","10","38",".377",".669","0%"
"Shane McGuire","ATH","C","18","2","0","2","0",".204",".280","4","1","0","2","5",".272",".552","0%"
"Jace Jung","DET","3B","73","9","2","9","0",".217",".315","16","3","0","10","22",".351",".666","0%"
"Justyn-Henry Malloy","TB","LF,RF,DH","91","12","3","11","1",".233",".332","21","4","0","13","29",".366",".698","0%"
"Nacho Alvarez Jr.","ATL","3B","48","6","1","5","1",".239",".311","11","2","0","5","11",".327",".638","0%"
"Seby Zavala","","C","13","2","0","2","0",".175",".252","2","0","0","1","5",".289",".541","0%"
"Maximo Acosta","MIA","3B,SS","73","9","2","8","3",".228",".290","17","3","0","6","21",".343",".632","0%"
"Hayden Senger","NYM","C","16","2","0","2","0",".191",".235","3","0","0","1","5",".267",".502","0%"
"Sam Huff","BAL","C","11","1","0","1","0",".197",".253","2","0","0","1","4",".321",".574","0%"
"Maverick Handley","BAL","C","13","2","0","1","0",".196",".289","3","0","0","2","4",".256",".545","0%"
"Trey Sweeney","DET","SS","58","7","1","6","1",".215",".283","13","2","0","6","17",".331",".614","0%"
"Jason Delay","BOS","C","20","2","0","2","0",".199",".249","4","1","0","1","4",".260",".509","0%"
"Blake Sabol","TB","C","11","1","0","1","0",".202",".268","2","0","0","1","4",".324",".593","0%"
"Jacob Reimer","NYM","1B,3B","32","4","1","4","1",".235",".313","7","1","0","4","9",".383",".696","0%"
"Jose Miranda","SD","1B,3B","43","4","1","4","0",".226",".273","10","2","0","3","9",".336",".608","0%"
"Chad Wallach","ATH","C","17","1","1","2","0",".184",".238","3","1","0","1","6",".315",".553","0%"
"Justin Foscue","TEX","1B,2B","34","4","1","4","0",".223",".289","8","2","0","3","7",".362",".652","0%"
"Jose Herrera","TEX","C","14","2","0","1","0",".197",".281","3","0","0","2","4",".277",".559","0%"
"Leody Taveras","BAL","CF,RF","80","10","2","9","4",".240",".294","19","3","0","6","19",".368",".662","1%"
"Eliezer Alfonzo","LAD","C","8","1","0","1","0",".231",".275","2","0","0","0","1",".318",".593","0%"
"Dom Nunez","CLE","C","15","2","0","1","0",".168",".269","2","1","0","2","6",".267",".536","0%"
"Christian Koss","SF","2B,3B,SS","75","9","1","8","2",".238",".276","18","4","0","4","19",".342",".618","0%"
"Sandy Leon","ATL","C","13","1","0","1","0",".156",".232","2","0","0","1","5",".281",".513","0%"
"Braiden Ward","BOS","CF","51","7","0","4","6",".244",".310","12","3","1","5","13",".342",".652","0%"
"Johnathan Rodriguez","BAL","RF","85","10","3","11","1",".242",".308","21","4","0","8","27",".391",".699","0%"
"Justin Turner","","1B,3B","113","13","3","13","1",".239",".298","27","5","0","9","24",".359",".657","0%"
"Kameron Misner","KC","CF,RF","53","7","2","6","2",".200",".294","11","2","0","7","19",".343",".637","0%"
"Tommy Troy","ARI","2B","59","8","1","7","2",".237",".310","14","3","0","6","15",".353",".663","0%"
"Michael Helman","TEX","CF","82","10","2","9","2",".214",".262","18","4","0","5","21",".347",".609","0%"
"Juan Brito","CLE","1B,2B","93","11","2","11","1",".228",".307","21","5","0","11","21",".355",".662","0%"
"Jared Oliva","SF","LF,CF,RF","36","4","1","4","3",".228",".282","8","1","0","3","10",".357",".638","0%"
"Cooper Pratt","MIL","SS","40","4","1","4","1",".223",".293","9","2","0","4","9",".310",".603","1%"
"John Rave","KC","LF,CF,RF","92","12","2","10","3",".222",".295","21","4","1","10","27",".359",".654","0%"
"MJ Melendez","NYM","LF,DH","82","10","3","9","2",".208",".276","17","4","0","8","27",".375",".651","0%"
"Jorge Barrosa","ARI","LF,CF,RF","100","12","1","10","2",".227",".290","23","5","0","9","25",".325",".615","0%"
"Johan Rojas","PHI","CF","98","13","1","10","6",".244",".289","24","4","1","6","24",".350",".639","0%"
"Brett Harris","ATH","3B","92","11","2","10","1",".229",".299","21","4","0","9","22",".351",".650","0%"
"Rafael Flores","PIT","C,1B","53","6","2","6","1",".236",".296","13","2","0","5","16",".392",".688","0%"
"Yanquiel Fernandez","NYY","RF,DH","51","5","2","6","0",".222",".271","11","2","0","3","13",".362",".633","0%"
"Jorbit Vivas","WSH","2B,3B","67","8","1","7","1",".225",".305","15","3","0","8","11",".323",".628","0%"
"Bryan Torres","STL","2B,LF,CF,RF","32","4","0","3","1",".260",".332","8","2","0","3","6",".334",".666","0%"
"Junior Perez","CWS","LF,CF,RF","47","6","2","5","2",".199",".285","9","2","0","6","18",".352",".637","0%"
"Tristan Gray","MIN","2B,3B,SS","73","8","2","9","0",".214",".265","16","4","0","5","23",".354",".620","0%"
"Esmerlyn Valdez","PIT","1B,LF,RF","28","3","1","4","0",".228",".287","6","1","0","2","9",".377",".663","0%"
"Tirso Ornelas","SD","LF","61","7","1","6","1",".232",".296","14","3","0","6","14",".353",".650","0%"
"Tre' Morgan","TB","1B,OF","44","6","1","6","1",".243",".332","11","2","0","6","11",".355",".687","0%"
"Gabriel Gonzalez","MIN","LF,RF","52","6","1","6","0",".263",".314","14","3","0","4","11",".402",".716","0%"
"Nate Eaton","BOS","3B,CF,RF","63","8","1","7","3",".230",".279","15","3","0","4","17",".338",".618","0%"
"LaMonte Wade Jr.","CWS","1B,RF","70","9","2","8","0",".223",".327","16","3","0","11","19",".356",".683","0%"
"DJ LeMahieu","","1B,2B,3B","87","10","2","9","0",".242",".315","21","3","0","9","21",".340",".656","0%"
"Payton Eeles","BAL","2B,SS,LF","25","4","1","2","2",".225",".321","6","1","0","4","6",".307",".628","0%"
"Mark Canha","","LF,RF","75","9","2","8","1",".228",".300","17","3","0","8","18",".339",".639","0%"
"Kyle Farmer","ATL","1B,2B,3B,SS,DH","71","8","2","8","0",".227",".276","16","3","0","5","18",".345",".621","0%"
"Gio Urshela","","3B","69","7","1","8","0",".252",".297","17","4","0","4","14",".359",".656","0%"
"Chas McCormick","CHC","LF,CF,RF","64","8","2","7","2",".222",".286","14","2","0","6","20",".351",".637","1%"
"Brendan Rodgers","BOS","2B","65","7","1","7","0",".231",".283","15","3","0","5","19",".347",".630","0%"
"Ildemaro Vargas","ARI","1B,2B","87","9","1","9","1",".241",".284","21","4","1","5","11",".339",".623","75%"
"Nick Sogard","BOS","1B,2B","48","6","1","5","1",".238",".315","11","3","0","5","12",".325",".640","0%"
"Matthew Lugo","LAA","LF,CF","54","6","2","6","1",".221",".263","12","3","0","3","18",".356",".619","0%"
"Luis Urias","ARI","2B,3B","60","7","2","7","0",".226",".304","14","2","0","7","12",".355",".659","0%"
"Kyren Paris","LAA","2B,CF","55","7","2","6","3",".197",".277","11","2","0","6","22",".318",".595","0%"
"Will Wagner","SD","1B,3B","60","7","1","6","0",".244",".317","15","3","0","6","12",".333",".650","0%"
"Paul DeJong","DET","2B,3B,SS","54","7","2","8","1",".207",".258","11","2","0","4","20",".377",".635","0%"
"Billy Cook","PIT","LF,CF,RF","48","5","1","5","1",".221",".278","11","2","0","4","15",".352",".631","0%"
"Grant McCray","SF","LF,CF,RF","52","6","1","5","2",".209",".271","11","2","0","4","18",".329",".600","0%"
"Gabriel Rincones","PHI","LF,RF","57","9","2","8","2",".218",".313","12","3","0","8","19",".372",".685","0%"
"Christian Franklin","WSH","LF,CF,RF","45","6","1","5","1",".231",".314","10","2","0","5","13",".325",".639","0%"
"Stuart Fairchild","CLE","LF,CF,RF","34","4","1","4","1",".221",".283","7","2","0","3","10",".368",".651","0%"
"Tyler Callihan","PIT","2B,LF","39","5","1","4","1",".225",".290","9","2","0","4","12",".350",".640","0%"
"Orelvis Martinez","","2B,3B","48","5","2","6","0",".200",".265","10","2","0","4","15",".365",".629","0%"
"Ryan Kreidler","MIN","3B,CF","79","9","2","7","3",".194",".275","15","4","0","9","28",".302",".578","0%"
"Taylor Trammell","HOU","LF,CF","43","6","2","5","1",".209",".302","9","2","0","6","15",".370",".672","0%"
"Tanner Murray","CWS","2B,3B,SS,LF,RF","59","6","1","6","0",".227",".267","13","3","0","3","15",".342",".608","0%"
"Petey Halpin","CLE","CF","47","5","1","5","1",".216",".276","10","2","0","4","15",".330",".606","0%"
"Yohandy Morales","WSH","1B,3B","53","6","1","6","0",".230",".286","12","3","0","4","17",".346",".632","1%"
"Tyler Wade","","2B,LF,CF","48","6","0","4","2",".214",".286","10","2","0","5","14",".257",".543","0%"
"Mason McCoy","SD","SS","48","5","1","4","2",".198",".259","10","2","0","4","16",".274",".533","0%"
"Manuel Margot","","LF,CF,RF","49","5","1","5","0",".241",".288","12","2","0","3","10",".323",".611","0%"
"Jonatan Clase","TOR","LF,CF","29","4","1","3","2",".225",".292","7","2","0","3","9",".339",".631","0%"
"Ben Gamel","ATL","LF,RF","44","6","1","5","0",".223",".308","10","2","0","6","14",".353",".661","0%"
"Dairon Blanco","TEX","LF,CF,RF","23","3","0","2","4",".216",".267","5","1","0","2","7",".318",".585","0%"
"Enmanuel Valdez","PIT","1B","35","4","1","4","0",".224",".297","8","1","0","4","9",".363",".660","0%"
"Garrett Hampson","CIN","2B,LF,CF","48","6","0","4","1",".219",".283","11","2","0","4","15",".294",".577","0%"
"Tim Anderson","","2B,SS","57","5","0","4","1",".236",".269","13","2","0","3","16",".288",".557","0%"
"Akil Baddoo","MIL","LF","31","4","1","4","1",".215",".304","7","2","0","4","10",".356",".660","0%"
"Pedro Leon","PHI","RF","35","4","1","4","2",".207",".269","7","2","0","3","12",".354",".623","0%"
"Joey Meneses","ATH","1B","42","4","1","5","0",".241",".288","10","2","0","3","9",".367",".655","1%"
"Nick Madrigal","LAA","2B,3B","40","4","0","4","1",".256",".298","10","2","0","2","5",".341",".638","0%"
"Vidal Brujan","NYM","3B,SS,OF","40","5","1","4","1",".222",".287","9","2","0","4","9",".313",".601","0%"
"Gustavo Campero","LAA","RF","26","3","1","3","1",".240",".293","6","1","0","2","6",".343",".636","0%"
"Jared Young","NYM","1B,LF,DH","27","4","1","3","0",".216",".295","6","1","0","3","8",".359",".654","0%"
"Bryan De La Cruz","PHI","LF","31","3","1","4","0",".232",".279","7","2","0","2","9",".360",".639","0%"
"Ji Hwan Bae","NYM","CF,RF","34","5","0","3","3",".232",".311","8","2","0","4","10",".329",".639","0%"
"Brock Wilken","MIL","3B","50","7","2","7","0",".196",".300","10","2","0","7","21",".345",".645","0%"
"Drew Waters","KC","LF,CF,RF","46","6","1","4","1",".225",".288","10","2","0","4","15",".343",".631","0%"
"Tristan Peters","CWS","CF,RF","31","4","1","3","0",".226",".294","7","1","0","3","7",".321",".615","0%"
"DaShawn Keirsey","ATL","LF,CF,RF","32","4","1","3","3",".210",".265","7","1","0","2","10",".320",".584","0%"
"Victor Mesa Jr.","TB","RF","28","3","1","3","0",".232",".288","6","2","0","2","6",".364",".651","0%"
"Blake Dunn","CIN","LF,RF","26","3","0","2","1",".231",".303","6","1","0","3","9",".306",".610","0%"
"Abraham Toro","KC","1B,2B,3B","52","6","1","5","1",".237",".297","12","3","0","4","11",".371",".667","1%"
"Miles Mastrobuoni","SEA","2B,3B,LF,RF","40","5","0","3","2",".227",".307","9","2","0","5","8",".302",".610","0%"
"A.J. Vukovich","ARI","3B,LF","23","3","1","3","0",".234",".285","5","1","0","2","7",".361",".646","0%"
"Sterlin Thompson","COL","1B,LF","26","3","1","3","0",".255",".316","7","1","0","2","7",".376",".691","0%"
"Justin Dean","CHC","CF","18","2","0","2","1",".196",".274","4","1","0","2","6",".256",".530","0%"
"Kahlil Watson","CLE","LF,CF,RF","20","3","1","3","1",".212",".289","4","1","0","2","7",".343",".632","0%"
"Wade Meckler","LAA","CF","26","3","0","2","1",".232",".307","6","1","0","3","6",".305",".613","0%"
"Denzer Guzman","LAA","3B,SS","42","4","1","4","1",".209",".278","9","2","0","4","14",".330",".608","0%"
"Brett Wisely","ATL","2B","38","4","1","4","1",".222",".287","8","2","0","3","10",".317",".605","0%"
"Matt Koperniak","STL","LF,RF","23","3","0","3","0",".232",".282","5","1","0","2","5",".310",".592","0%"
"Michael Siani","BAL","CF","27","3","0","2","1",".198",".277","5","1","0","3","8",".267",".544","0%"
"Cesar Prieto","STL","2B,3B,SS","30","3","0","3","0",".240",".277","7","2","0","2","5",".337",".614","0%"
"Weston Wilson","BAL","2B,3B,LF","17","2","1","2","0",".198",".282","3","1","0","2","5",".322",".604","0%"
"James Triantos","CHC","2B,LF,CF","22","3","0","2","1",".256",".294","6","1","0","1","4",".322",".616","0%"
"Samad Taylor","SD","2B,RF","23","3","0","2","1",".223",".302","5","1","0","3","6",".319",".620","0%"
"Cameron Cauley","TEX","2B,SS,OF","26","3","1","3","1",".217",".272","6","1","0","2","8",".368",".640","0%"
"Matt Mervis","","1B","33","3","1","4","0",".199",".266","7","1","0","3","11",".365",".631","0%"
"Daniel Johnson","HOU","CF,RF","25","3","1","3","1",".215",".260","5","1","0","2","7",".385",".645","0%"
"Liover Peguero","PHI","1B,2B,SS","34","4","1","4","1",".221",".275","7","2","0","2","9",".346",".621","0%"
"Edwin Arroyo","CIN","2B,SS","28","3","0","3","0",".248",".292","7","1","0","2","6",".339",".631","4%"
"Bryan Ramos","BAL","3B","30","3","1","3","0",".211",".268","6","1","0","2","8",".326",".594","0%"
"Steward Berroa","PHI","CF,RF","18","2","0","2","2",".199",".295","4","1","0","3","6",".283",".579","0%"
"Jared Serna","MIA","2B,SS","29","3","0","3","1",".219",".279","6","1","0","2","6",".294",".573","0%"
"Kevin Newman","KC","1B,2B,3B,SS","25","3","0","3","0",".249",".286","6","1","0","1","5",".310",".596","0%"
"Rhylan Thomas","HOU","LF,RF","21","2","0","2","1",".256",".299","5","1","0","1","2",".297",".596","0%"
"Connor Joe","SEA","LF,RF","26","3","1","2","0",".209",".294","5","1","0","3","7",".324",".618","0%"
"Dominic Fletcher","PIT","CF,RF","20","2","0","2","0",".234",".277","5","1","0","1","5",".317",".594","0%"
"Luke Williams","ATL","2B,SS","26","3","0","2","2",".195",".253","5","1","0","2","8",".293",".546","0%"
"Nicky Lopez","CHC","3B","25","3","0","2","0",".258",".323","6","1","0","2","4",".296",".619","0%"
"Dustin Harris","CWS","LF,RF","25","3","1","2","1",".227",".298","6","1","0","3","7",".341",".639","0%"
"Kristian Robinson","ARI","CF,RF","13","2","0","2","0",".203",".289","3","0","0","2","5",".304",".594","0%"
"Michael Arroyo","SEA","2B","25","3","0","2","1",".229",".314","6","1","0","3","6",".315",".629","0%"
"Nick Morabito","NYM","CF","11","1","0","1","1",".239",".292","3","0","0","1","3",".324",".616","1%"
"Jose Azocar","ATL","LF,CF,RF","12","1","0","1","0",".252",".282","3","0","0","1","3",".293",".575","0%"
"Ronny Simon","PIT","2B,LF","20","2","0","2","1",".239",".310","5","1","0","2","4",".346",".656","0%"
"Cavan Biggio","HOU","1B,2B,RF","26","3","1","3","0",".201",".294","5","1","0","3","8",".296",".590","0%"
"Luis Vazquez","BAL","3B,SS","29","3","1","3","0",".223",".277","6","1","0","2","8",".331",".608","0%"
"RJ Schreck","TOR","RF","14","2","0","2","0",".206",".304","3","1","0","2","4",".335",".639","0%"
"Victor Bericoto","SF","1B","26","3","0","3","0",".230",".283","6","1","0","2","7",".339",".622","0%"
"Jase Bowen","SD","CF","11","1","0","1","0",".206",".245","2","0","0","1","4",".292",".537","0%"
"Donovan Solano","","1B","57","5","1","6","0",".246",".298","14","2","0","4","14",".349",".647","0%"
"Blaze Jordan","STL","1B,3B","16","2","0","2","0",".250",".294","4","1","0","1","2",".389",".683","0%"
"Garrett Stubbs","PHI","C,DH","24","3","0","2","0",".205",".271","5","1","0","2","7",".290",".562","0%"
"Jonah Bride","TEX","1B,3B","34","4","1","4","0",".218",".318","7","2","0","5","9",".331",".648","0%"
"Vimael Machin","COL","3B","18","2","0","2","0",".258",".318","5","1","0","2","4",".331",".648","0%"
"Ben Cowles","CHC","2B,3B,SS","19","2","0","2","1",".218",".273","4","1","0","1","6",".314",".587","0%"
"Brennen Davis","SEA","LF","10","1","0","1","0",".185",".275","2","0","0","1","4",".276",".551","0%"
"Tim Elko","CWS","1B","22","2","1","3","0",".230",".273","5","1","0","1","7",".345",".618","0%"
"Niko Kavadas","LAA","1B,LF,RF","20","2","1","2","0",".184",".274","4","1","0","2","9",".346",".619","0%"
"Trey Lipscomb","WSH","3B","23","2","0","2","0",".229",".270","5","1","0","1","5",".294",".564","0%"
"Anthony Seigler","BOS","3B","14","2","0","2","1",".210",".316","3","1","0","2","4",".296",".612","0%"
"Trei Cruz","DET","SS,LF,CF","18","2","0","2","0",".223",".317","4","1","0","3","6",".326",".643","0%"
"Jose Barrero","BAL","SS,CF","9","1","0","1","0",".191",".240","2","0","0","1","3",".311",".551","0%"
"Eduardo Valencia","DET","C,1B,DH","12","2","0","2","0",".229",".272","3","0","0","1","3",".332",".604","0%"
"Cristian Pache","NYM","LF,CF","10","1","0","1","0",".190",".270","2","0","0","1","4",".268",".538","0%"
"Aaron Schunk","ATL","2B,3B,SS","34","3","1","3","1",".227",".278","8","2","0","2","8",".339",".616","0%"
"Juan Yepez","","1B","15","2","0","2","0",".235",".292","3","1","0","1","3",".381",".673","0%"
"Alika Williams","ATH","2B,3B,SS","18","2","0","2","0",".230",".281","4","1","0","1","4",".320",".601","0%"
"Josh Kasevich","TOR","3B,SS","13","2","0","1","0",".255",".296","3","0","0","1","2",".285",".582","0%"
"Tsung-Che Cheng","BOS","2B,3B,SS","17","2","0","1","1",".201",".271","3","1","0","2","5",".277",".548","0%"
"Marco Luciano","NYY","2B,SS","22","2","1","2","0",".182",".283","4","1","0","3","9",".293",".576","0%"
"Davis Wendzel","PIT","3B","15","2","0","2","0",".205",".267","3","1","0","1","4",".324",".592","0%"
"Ryan Fitzgerald","LAD","2B,SS","18","2","0","2","0",".210",".287","4","1","0","2","5",".327",".615","0%"
"Trey Mancini","LAA","1B,LF,RF","22","3","0","2","0",".217",".267","5","1","0","1","6",".315",".583","2%"
"Jacob Amaya","ARI","SS","12","1","0","1","0",".210",".273","3","0","0","1","4",".305",".578","0%"
"Donovan Walton","LAA","2B","27","3","1","3","0",".226",".287","6","1","0","2","5",".327",".613","0%"
"Nate Furman","SF","2B","8","1","0","1","0",".246",".318","2","0","0","1","2",".349",".667","0%"
"Emmanuel Rivera","","1B,3B","13","1","0","1","0",".236",".289","3","1","0","1","3",".339",".628","0%"
"Vinny Capra","BOS","3B,SS","10","1","0","1","0",".227",".286","2","0","0","1","3",".322",".607","0%"
"Oliver Dunn","TB","3B","11","1","0","1","0",".198",".267","2","0","0","1","4",".320",".587","0%"
"Leandro Cedeno","SD","1B","6","1","0","1","0",".239",".281","1","0","0","0","2",".372",".653","0%"
"Ethan Murray","MIL","SS","18","2","0","2","0",".187",".254","3","1","0","2","6",".307",".560","0%"
"Scott Kingery","CHC","2B","8","1","0","1","0",".201",".252","2","0","0","1","3",".317",".569","0%"
"Sergio Alcantara","PHI","2B,3B,SS","11","1","0","1","0",".199",".286","2","0","0","1","3",".265",".552","0%"
"Patrick Wisdom","SEA","1B","12","2","1","2","0",".184",".262","2","0","0","1","5",".324",".586","0%"
"Luken Baker","ARI","1B,DH","9","1","0","1","0",".208",".288","2","0","0","1","3",".362",".650","0%"
"Tristin English","ATL","1B,3B,RF","6","1","0","1","0",".228",".266","1","0","0","0","1",".345",".611","0%"
"Grae Kessinger","NYM","2B,3B","8","1","0","1","0",".190",".262","1","0","0","1","2",".283",".545","0%"
"Jack Winkler","HOU","2B,3B,SS","11","1","0","1","1",".196",".251","2","0","0","1","3",".259",".511","0%"
"Carlos Rodriguez","SD","LF","4","0","0","0","0",".237",".300","1","0","0","0","1",".324",".624","0%"
"Jacob Stallings","","C","84","8","1","8","0",".197",".262","17","3","0","7","26",".292",".554","0%"
"Jason Heyward","","LF,RF","85","12","3","12","1",".218",".284","18","4","1","8","20",".373",".657","0%"
"Leo Jimenez","MIA","2B,3B","89","11","2","10","1",".233",".296","21","4","0","8","22",".361",".657","0%"
"Alexander Canario","","LF,CF,RF","71","8","3","8","1",".215",".283","15","3","0","7","26",".364",".648","0%"
"Hunter Renfroe","","RF","74","8","2","8","0",".218",".281","16","4","0","6","18",".369",".650","0%"
"Travis Jankowski","","LF,CF,RF","59","7","1","5","3",".221",".293","13","2","0","6","12",".279",".571","0%"
"Seth Brown","NYY","1B,LF,CF,RF","46","5","2","6","0",".235",".293","11","2","0","4","13",".387",".680","0%"
"Yuli Gurriel","","1B,DH","63","6","1","6","1",".211",".288","13","3","1","7","12",".328",".616","0%"
"Gavin Cross","KC","RF","41","5","1","4","1",".219",".269","9","2","0","3","12",".351",".620","0%"
"Rafael Lantigua","TOR","2B,3B","35","5","1","3","1",".221",".324","8","2","0","5","8",".315",".640","0%"
"Bob Seymour","","1B","31","4","1","4","1",".223",".287","7","1","0","3","10",".374",".662","0%"
"Peyton Wilson","KC","2B","42","5","1","4","1",".221",".288","9","2","0","4","12",".324",".613","0%"
"Corey Julks","DET","LF,RF","37","4","1","3","1",".236",".307","9","2","0","4","9",".357",".664","0%"
"Dakota Harris","STL","SS","40","4","1","4","1",".233",".268","9","2","0","2","8",".329",".597","0%"
"CJ Alexander","HOU","3B","42","5","1","5","0",".208",".258","9","2","0","3","14",".349",".607","0%"
"Raynel Delgado","TB","2B,SS","44","4","1","4","2",".216",".288","9","2","0","4","11",".309",".597","0%"
"Anthony Rendon","LAA","3B","35","4","1","3","1",".225",".302","8","2","0","4","7",".330",".631","0%"
"Chad Stevens","COL","2B","25","3","1","3","1",".237",".292","6","1","0","2","8",".356",".647","0%"
"Allan Castro","BOS","CF","25","3","1","3","1",".227",".298","6","1","0","3","7",".347",".645","0%"
"Kenedy Corona","NYY","LF,CF,RF","35","4","1","3","2",".195",".269","7","1","0","4","11",".297",".565","0%"
"Oscar Gonzalez","","LF","32","3","1","4","0",".234",".263","8","1","0","1","8",".364",".627","0%"
"Dasan Brown","","LF,CF","39","4","1","3","2",".195",".259","8","1","0","3","13",".297",".556","0%"
"Mike Boeve","MIL","1B","39","4","1","4","0",".230",".297","9","1","0","4","11",".347",".643","0%"
"Jack Brannigan","PIT","3B,SS","22","3","1","3","1",".226",".293","5","1","0","2","7",".331",".624","0%"
"Oscar Mercado","PHI","LF,RF","26","3","1","3","1",".217",".286","6","1","0","3","6",".327",".613","0%"
"Charles McAdoo","TOR","1B,3B","26","3","1","3","1",".218",".275","6","1","0","2","8",".354",".629","0%"
"Logan Davidson","TB","1B,3B","43","4","1","4","1",".205",".288","9","2","0","5","16",".314",".602","0%"
"Carlos Perez","HOU","C,1B","29","4","1","4","0",".212",".276","6","1","0","3","7",".377",".653","0%"
"Elehuris Montero","","1B,3B","24","3","1","3","0",".232",".284","6","1","0","2","7",".387",".671","1%"
"Bligh Madris","STL","1B","46","5","1","5","1",".179",".270","8","2","0","6","15",".308",".579","0%"
"Ralphy Velazquez","CLE","1B","34","4","1","4","0",".221",".296","7","2","1","4","9",".433",".728","1%"
"Jacob Hurtubise","MIL","LF","33","6","0","2","2",".195",".321","6","1","0","6","9",".286",".607","0%"
"Will Robertson","BAL","LF,CF,RF","28","3","1","4","0",".211",".292","6","1","0","3","11",".365",".657","0%"
"Carter Kieboom","PHI","1B,2B,3B","29","3","1","3","1",".215",".279","6","1","0","3","7",".305",".584","0%"
"Jacob Berry","MIA","2B,3B,RF","29","3","1","3","1",".217",".271","6","1","0","2","7",".323",".594","0%"
"Jose Ramos","NYM","RF","26","3","1","3","0",".213",".286","6","1","0","3","10",".357",".644","0%"
"Dylan O'Rae","MIL","2B,CF","39","4","0","3","2",".209",".293","8","1","0","5","11",".281",".574","0%"
"Tyler Nevin","","1B,3B,LF,RF","20","3","1","2","0",".242",".304","5","1","0","2","4",".389",".694","1%"
"Estevan Florial","","LF,CF,RF","17","2","1","2","1",".219",".291","4","1","0","2","6",".375",".666","0%"
"Carson McCusker","","LF,RF","30","3","1","3","1",".208",".274","6","2","0","3","11",".375",".648","0%"
"Connor Kaiser","KC","2B,SS","43","4","1","4","1",".189",".277","8","2","0","5","15",".283",".560","0%"
"Carson Taylor","SEA","C,1B","27","3","1","3","0",".205",".284","6","1","0","3","8",".325",".608","0%"
"Jordyn Adams","MIL","CF,RF","31","3","1","3","1",".196",".265","6","1","0","3","11",".294",".558","0%"
"Cam Devanney","","3B","31","3","1","3","1",".208",".286","6","2","0","3","9",".324",".609","0%"
"Brian Navarreto","MIA","C","35","3","1","4","0",".199",".253","7","1","0","3","9",".303",".556","0%"
"Jake Holton","SF","1B","25","3","1","3","0",".215",".290","5","1","0","3","8",".332",".622","0%"
"Sandro Fabian","","LF,RF","20","2","1","2","0",".233",".271","5","1","0","1","4",".377",".648","0%"
"Jason Vosler","","1B","20","2","1","2","0",".229",".281","5","1","0","1","5",".381",".662","0%"
"Jordan Diaz","","1B,2B,3B","20","2","1","2","0",".243",".288","5","1","0","1","4",".399",".687","0%"
"Nathan Martorella","MIA","1B","29","3","1","3","0",".203",".274","6","1","0","3","7",".313",".587","0%"
"Brandon Drury","KC","1B,2B,3B","27","3","1","2","0",".207",".270","6","1","0","2","7",".310",".580","0%"
"Will Wilson","SEA","2B,3B,SS","33","3","1","3","1",".195",".264","6","1","0","3","9",".303",".568","0%"
"Andrew Pintar","MIA","CF,RF","29","3","0","3","1",".214",".268","6","1","0","2","9",".292",".560","0%"
"Xavier Isaac","TB","1B","17","2","1","2","0",".214",".292","4","1","0","2","6",".346",".639","0%"
"Nathan Hickey","BOS","C,1B","26","3","1","3","0",".200",".280","5","1","0","3","9",".327",".607","0%"
"Eric Brown Jr.","MIL","2B,SS","40","4","0","3","1",".195",".254","8","2","0","3","10",".275",".528","0%"
"Edward Olivares","","LF,RF","18","2","1","2","0",".235",".288","4","1","0","1","4",".385",".674","0%"
"Jair Camargo","ATL","C","27","3","1","3","0",".198",".247","5","1","0","2","10",".325",".572","0%"
"Arjun Nimmala","TOR","SS","31","3","1","3","0",".200",".255","6","1","0","2","9",".288",".543","0%"
"Jared Walsh","","1B,RF","19","2","1","2","0",".187",".251","4","1","0","2","8",".317",".568","0%"
"Trey Cabbage","","1B,LF,RF","19","2","1","2","0",".222",".278","4","1","0","2","7",".378",".656","0%"
"Nick Maton","","3B,DH","28","3","1","3","0",".193",".298","5","1","0","4","9",".319",".617","0%"
"Albert Almora Jr.","","LF,CF,RF","15","2","0","2","0",".234",".282","4","1","0","1","3",".345",".627","0%"
"Aramis Garcia","ARI","C","26","3","1","2","0",".177",".242","5","1","0","2","10",".299",".541","0%"
"Ryan Noda","BAL","1B","25","4","1","2","0",".167",".308","4","1","0","5","11",".323",".631","0%"
"Mitch Haniger","","RF","16","2","1","2","0",".213",".280","3","1","0","2","5",".355",".635","0%"
"Jud Fabian","BAL","LF,CF","16","2","1","2","0",".186",".271","3","1","0","2","6",".323",".594","0%"
"Adam Duvall","","LF,CF,RF","20","2","1","2","0",".208",".263","4","1","0","1","7",".375",".637","2%"
"Michael Stefanic","ATH","2B,3B","16","2","0","2","0",".266",".345","4","1","0","2","3",".345",".690","0%"
"Joey Gallo","","1B,LF,CF,RF","19","3","1","2","0",".181",".289","3","1","0","3","8",".360",".649","1%"
"Braden Shewmake","HOU","2B,3B,SS","26","3","0","2","1",".202",".264","5","1","0","2","5",".301",".565","2%"
"Christian Cairo","PHI","SS","26","3","0","2","1",".204",".279","5","1","0","3","8",".278",".557","0%"
"Yohendrick Pinango","TOR","LF,RF","14","1","1","2","0",".203",".308","3","1","0","2","4",".358",".665","1%"
"Harold Ramirez","","LF,RF,DH","14","2","0","1","0",".258",".294","4","1","0","1","3",".357",".651","1%"
"Forrest Wall","","LF","11","1","0","1","1",".224",".291","3","0","0","1","3",".332",".623","0%"
"Andrew Pinckney","WSH","CF","20","2","0","2","1",".222",".269","4","1","0","1","7",".340",".610","0%"
"Daz Cameron","","LF,CF,RF","13","2","0","2","0",".219",".285","3","1","0","1","4",".368",".653","0%"
"Eguy Rosario","","3B","13","2","0","2","0",".212",".274","3","1","0","1","4",".363",".637","0%"
"Joshua Palacios","","LF,CF,RF","13","2","0","2","0",".232",".293","3","1","0","1","3",".358",".651","0%"
"David Villar","","1B","13","2","0","2","0",".214",".294","3","1","0","2","5",".367",".662","0%"
"Drew Avans","COL","LF,CF,RF","14","2","0","1","1",".237",".303","3","1","0","1","4",".346",".650","0%"
"Oscar Colas","","CF,RF","17","2","0","2","0",".213",".269","4","1","0","1","5",".338",".607","0%"
"Yolmer Sanchez","LAA","2B","24","3","0","2","0",".192",".279","5","1","0","3","8",".277",".556","0%"
"Owen Miller","CHC","1B,2B","25","2","0","2","1",".216",".269","5","1","0","2","5",".312",".581","0%"
"Jon Singleton","","1B,DH","14","2","0","2","0",".200",".299","3","1","0","2","5",".344",".642","0%"
"Nick Pratto","TEX","1B","14","2","0","2","0",".197",".267","3","1","0","1","5",".342",".609","0%"
"Yunior Severino","","1B,2B,3B","14","2","0","2","0",".212",".281","3","1","0","1","5",".352",".633","0%"
"Brennan Milone","ATH","1B","14","2","0","2","0",".226",".300","3","1","0","2","4",".356",".656","0%"
"Alex Ramirez","","RF","15","2","0","1","1",".206",".268","3","1","0","1","4",".297",".564","0%"
"David Dahl","","LF,RF","18","2","0","2","0",".229",".285","4","1","0","1","5",".362",".647","0%"
"Willie Calhoun","","RF,DH","18","2","0","2","0",".235",".305","4","1","0","2","3",".357",".662","0%"
"Austin Shenton","","1B","12","2","0","1","0",".215",".297","3","1","0","1","4",".366",".663","0%"
"Jax Biggers","HOU","SS","25","3","0","2","0",".198",".287","5","1","0","3","8",".269",".556","0%"
"Taylor Young","LAD","2B","13","1","0","1","1",".205",".284","3","1","0","1","4",".280",".563","0%"
"Nick Gordon","","2B,LF,CF","15","2","0","2","0",".226",".265","3","1","0","1","4",".358",".623","0%"
"Nick Senzel","LAD","3B,LF,CF,RF","15","2","0","2","0",".212",".280","3","1","0","1","4",".330",".610","0%"
"Andre Lipcius","","3B","15","2","0","2","0",".216",".283","3","1","0","1","4",".332",".616","0%"
"Zach Remillard","","2B,3B,OF","19","2","0","2","0",".208",".273","4","1","0","2","5",".299",".572","0%"
"Elijah Dunham","LAA","LF","19","2","0","2","0",".198",".271","4","1","0","2","7",".331",".602","0%"
"Tyler Gentry","DET","RF","13","2","0","1","0",".214",".281","3","1","0","1","4",".337",".618","0%"
"Pedro Ramirez","CHC","2B,3B","13","2","0","1","0",".235",".287","3","1","0","1","3",".315",".602","1%"
"Justice Bigbie","DET","LF,RF","13","2","0","1","0",".236",".297","3","1","0","1","3",".337",".633","0%"
"Riley Tirotta","TOR","3B","7","1","0","1","0",".207",".284","2","0","0","1","3",".318",".602","0%"
"Jadher Areinamo","TB","2B,3B,SS","7","1","0","1","0",".240",".284","2","0","0","0","1",".340",".624","0%"
"Tucker Flint","LAA","RF","16","2","0","2","0",".193",".271","3","1","0","2","7",".317",".589","0%"
"Luis Guillorme","","2B,3B","11","1","0","1","0",".225",".313","3","0","0","1","3",".298",".611","0%"
"Buddy Kennedy","SF","3B","11","1","0","1","0",".235",".314","3","0","0","1","3",".330",".644","0%"
"Carlos Mendoza","TOR","3B","11","1","0","1","0",".233",".317","3","0","0","1","2",".319",".636","0%"
"Kevin Kiermaier","","CF","20","2","0","2","0",".220",".268","4","1","0","1","6",".343",".610","1%"
"Cole Tucker","","3B,OF","20","2","0","2","0",".202",".272","4","1","0","2","6",".285",".557","0%"
"Logan Driscoll","TB","C","20","2","0","2","0",".215",".270","4","1","0","1","6",".334",".604","0%"
"Zach DeLoach","","LF,RF","14","2","0","1","0",".221",".294","3","1","0","1","5",".346",".641","0%"
"Luca Tresh","KC","C","14","1","0","2","0",".202",".258","3","1","0","1","4",".349",".607","0%"
"Billy McKinney","","LF,RF","16","1","1","1","0",".173",".259","3","1","0","2","5",".326",".586","0%"
"Jesus Bastidas","MIA","SS","17","2","0","2","0",".208",".265","3","1","0","1","5",".331",".596","0%"
"Kevin Pillar","","LF,CF,RF","12","1","0","1","0",".225",".268","3","1","0","1","3",".350",".618","0%"
"Pablo Reyes","SD","2B,3B,RF","12","1","0","1","0",".228",".293","3","1","0","1","3",".343",".636","0%"
"Ali Sanchez","NYY","C","12","1","0","1","0",".219",".274","3","0","0","1","3",".315",".589","0%"
"Luis De Los Santos","","3B","12","1","0","1","0",".209",".259","3","0","0","1","4",".306",".565","0%"
"Paul McIntosh","PHI","C","9","1","0","1","0",".215",".286","2","0","0","1","3",".328",".614","0%"
"Eddie Rosario","","LF,CF,RF,DH","13","1","0","1","0",".220",".273","3","1","0","1","3",".362",".636","0%"
"Jamie Westbrook","","2B,RF","13","1","0","1","0",".222",".289","3","1","0","1","3",".321",".611","0%"
"Bobby Dalbec","","1B,3B","13","1","0","1","0",".195",".262","3","0","0","1","6",".333",".595","0%"
"Alan Trejo","","2B,SS","13","1","0","1","0",".218",".262","3","1","0","1","4",".341",".603","0%"
"Rene Pinto","PHI","C","13","1","0","1","0",".207",".250","3","1","0","1","5",".357",".607","0%"
"Gage Workman","DET","3B,SS,LF,CF,RF","13","1","0","1","0",".202",".269","3","1","0","1","5",".333",".602","1%"
"Darren Baker","CWS","2B","13","1","0","1","0",".229",".286","3","0","0","1","3",".289",".575","0%"
"Matthew Batten","","1B","16","2","0","1","0",".198",".260","3","1","0","1","5",".288",".548","0%"
"Sean Bouchard","","LF,RF","10","1","0","1","0",".202",".296","2","0","0","1","4",".348",".643","0%"
"Jonathan Ornelas","NYY","3B,SS","14","1","0","1","0",".196",".258","3","0","0","1","4",".291",".549","0%"
"P.J. Higgins","CIN","C,1B","14","1","0","1","0",".220",".270","3","1","0","1","4",".327",".596","0%"
"Chuckie Robinson","LAD","C","17","2","0","1","0",".196",".248","3","1","0","1","5",".261",".509","0%"
"J.D. Davis","","1B,3B","11","1","0","1","0",".221",".287","2","0","0","1","3",".345",".632","0%"
"Mike Ford","","1B,DH","11","1","0","1","0",".204",".277","2","0","0","1","3",".340",".617","0%"
"Sam Hilliard","","LF,CF,RF","11","1","0","1","0",".214",".287","2","0","0","1","4",".381",".667","0%"
"Brewer Hicklen","ATL","CF,RF","11","1","0","1","0",".197",".265","2","0","0","1","4",".350",".615","0%"
"David Hensley","","2B,RF","11","1","0","1","0",".197",".293","2","1","0","2","4",".298",".591","0%"
"Sam Brown","WSH","1B","11","1","0","1","0",".224",".289","2","1","0","1","3",".337",".626","0%"
"Frederick Bencosme","BAL","2B,SS","11","1","0","1","0",".218",".274","2","1","0","1","2",".309",".583","0%"
"Michael A. Taylor","","LF,CF,RF","12","1","0","1","0",".197",".255","2","0","0","1","5",".333",".588","0%"
"Travis Blankenhorn","","LF,DH","12","1","0","1","0",".198",".261","2","1","0","1","4",".345",".605","0%"
"Jack Lopez","","2B","12","1","0","1","0",".209",".241","2","0","0","0","4",".303",".544","1%"
"Zack Short","DET","SS","12","1","0","1","0",".183",".285","2","0","0","2","4",".309",".594","0%"
"Clay Dungan","SD","SS","12","1","0","1","0",".198",".272","2","1","0","1","4",".310",".582","0%"
"Wilfred Veras","CWS","LF,RF","12","1","0","1","0",".213",".259","2","1","0","1","4",".333",".592","0%"
"Terrell Tatum","","LF","12","1","0","1","0",".200",".283","2","0","0","1","4",".292",".575","0%"
"Luke Ritter","DET","3B","13","1","0","1","0",".193",".267","2","0","0","1","5",".314",".581","0%"
""
""