"Player","Team","Positions","IP","K","W","SV","ERA","WHIP","ER","H","BB","HR","G","GS","L","CG","Rost%"
"Shohei Ohtani","LAD","SP,DH","118.7","143","9","0","3.37","1.11","44","93","39","14","23","23","5","1","100%"
"Tarik Skubal","DET","SP","193.3","234","14","0","2.72","0.98","58","149","40","19","31","31","7","1","99%"
"Paul Skenes","PIT","SP","186.4","221","13","0","2.80","1.04","58","147","48","15","31","31","7","1","99%"
"Garrett Crochet","BOS","SP","190.5","233","14","0","3.01","1.07","64","154","49","20","31","31","8","1","98%"
"Cristopher Sanchez","PHI","SP","192.4","189","13","0","3.19","1.15","68","173","47","16","31","31","8","1","99%"
"Yoshinobu Yamamoto","LAD","SP","159.8","174","12","0","3.28","1.12","58","130","48","16","27","27","6","0","99%"
"Hunter Brown","HOU","SP","179.9","194","12","0","3.44","1.18","69","153","59","19","31","31","8","1","93%"
"Chris Sale","ATL","SP","159.6","195","11","0","3.23","1.10","57","133","43","17","27","27","6","0","99%"
"Logan Gilbert","SEA","SP","167.8","187","11","0","3.37","1.06","63","138","40","22","29","29","7","1","97%"
"Bryan Woo","SEA","SP","187.1","189","13","0","3.40","1.06","71","157","40","24","31","31","9","0","99%"
"Logan Webb","SF","SP","198.1","189","13","0","3.27","1.17","72","187","45","16","32","32","9","1","92%"
"Cole Ragans","KC","SP","156.8","195","11","0","3.37","1.15","59","125","56","17","28","28","7","0","86%"
"Jacob deGrom","TEX","SP","162.9","180","11","0","3.48","1.06","63","134","39","22","28","28","8","0","99%"
"Max Fried","NYY","SP","183.5","173","14","0","3.31","1.17","68","161","54","17","30","30","8","1","99%"
"Mason Miller","SD","RP","65.1","101","4","33","2.52","0.99","18","39","25","6","63","0","2","0","99%"
"Freddy Peralta","NYM","SP","165.8","184","12","0","3.78","1.20","70","137","62","22","30","30","8","0","97%"
"Edwin Diaz","LAD","RP","65.3","90","5","37","3.04","1.06","22","47","23","7","64","0","2","0","76%"
"George Kirby","SEA","SP","171.4","168","12","0","3.55","1.11","68","156","33","21","30","30","8","0","98%"
"Jesus Luzardo","PHI","SP","177.3","198","12","0","3.66","1.18","72","154","55","22","31","31","9","0","94%"
"Joe Ryan","MIN","SP","168.4","185","11","0","3.80","1.11","71","146","40","25","29","29","9","0","97%"
"Dylan Cease","TOR","SP","170.2","200","11","0","3.67","1.21","69","142","64","20","31","31","9","0","99%"
"Framber Valdez","DET","SP","190.4","178","13","0","3.47","1.23","73","170","64","16","30","30","9","2","90%"
"Cade Smith","CLE","RP","69.4","89","5","31","2.89","1.07","22","53","21","6","70","0","3","0","97%"
"Andres Munoz","SEA","RP","63.1","80","4","32","2.90","1.12","20","45","25","5","64","0","3","0","92%"
"Jhoan Duran","PHI","RP","66.7","78","5","32","2.89","1.11","21","54","21","5","68","0","3","0","95%"
"Kyle Bradish","BAL","SP","142.3","153","9","0","3.59","1.19","57","123","45","16","26","27","7","0","78%"
"Eury Perez","MIA","SP","137.7","152","8","0","3.90","1.18","60","115","47","19","27","27","8","0","77%"
"Nolan McLean","NYM","SP","150.6","145","10","0","3.83","1.28","64","135","58","16","26","26","8","0","96%"
"Nick Pivetta","SD","SP","169.4","183","10","0","3.91","1.16","74","145","51","26","29","29","9","0","74%"
"Kevin Gausman","TOR","SP","179.2","176","12","0","3.94","1.21","78","165","53","24","30","30","9","1","97%"
"David Bednar","NYY","RP","63.3","77","4","33","3.25","1.12","23","49","21","7","64","0","3","0","90%"
"Aroldis Chapman","BOS","RP","59.8","83","4","31","3.00","1.14","20","42","26","5","62","0","3","0","95%"
"Devin Williams","NYM","RP","62.9","84","4","31","3.08","1.14","22","45","27","6","64","0","3","0","84%"
"Sonny Gray","BOS","SP","171.9","180","11","0","3.73","1.20","71","161","46","21","30","30","9","0","88%"
"Tyler Glasnow","LAD","SP","130.0","152","9","0","3.64","1.18","53","105","48","16","23","23","6","0","94%"
"Nathan Eovaldi","TEX","SP","162.4","156","11","0","3.62","1.14","65","144","41","19","27","27","8","1","90%"
"Jacob Misiorowski","MIL","SP","136.5","157","9","0","3.96","1.28","60","111","64","17","30","25","8","0","98%"
"Emmet Sheehan","LAD","SP","133.9","155","9","0","3.80","1.16","57","110","45","19","34","24","6","0","73%"
"Zack Wheeler","PHI","SP","141.2","160","10","0","3.27","1.08","51","115","37","16","23","23","6","0","96%"
"Michael King","SD","SP","157.0","164","10","0","3.84","1.24","67","139","56","20","28","29","8","1","92%"
"Brandon Woodruff","MIL","SP","145.6","154","10","0","3.76","1.14","61","126","40","20","26","27","8","0","80%"
"Nick Lodolo","CIN","SP","152.4","155","9","0","4.03","1.19","68","141","41","21","28","28","9","1","66%"
"Chase Burns","CIN","SP,RP","116.8","140","8","0","3.63","1.16","47","100","36","15","26","21","6","1","96%"
"Cam Schlittler","NYY","SP","126.7","127","8","0","4.02","1.29","57","114","49","15","24","24","7","0","98%"
"Luis Castillo","SEA","SP","177.9","167","11","0","3.88","1.19","77","162","50","25","30","30","9","0","64%"
"Ryan Helsley","BAL","RP","62.9","72","4","27","3.51","1.20","25","52","23","7","62","0","3","0","72%"
"Sandy Alcantara","MIA","SP","179.8","149","10","0","4.12","1.27","82","174","53","21","30","30","11","1","86%"
"Drew Rasmussen","TB","SP","154.9","140","10","0","3.64","1.17","63","140","41","18","30","30","8","0","88%"
"Daniel Palencia","CHC","RP","63.8","73","4","30","3.64","1.24","26","52","27","7","63","0","3","0","65%"
"Ryan Pepiot","TB","SP","167.6","171","10","0","4.05","1.22","75","145","60","24","31","31","10","0","39%"
"Raisel Iglesias","ATL","RP","64.7","69","4","27","3.62","1.14","26","56","17","8","66","0","3","0","89%"
"Spencer Strider","ATL","SP","154.5","183","10","0","3.95","1.21","68","134","54","20","27","27","8","0","90%"
"Jeff Hoffman","TOR","RP","62.7","75","4","26","3.64","1.17","25","50","23","8","64","0","3","0","52%"
"Blake Snell","LAD","SP","130.3","162","10","0","3.46","1.22","50","102","57","14","23","23","6","0","78%"
"MacKenzie Gore","TEX","SP","161.3","182","10","0","3.87","1.25","69","141","61","20","29","29","9","0","70%"
"Robbie Ray","SF","SP","170.9","176","10","0","4.17","1.28","79","153","66","24","30","30","10","1","79%"
"Ranger Suarez","BOS","SP","167.1","150","11","0","3.68","1.25","68","161","47","17","28","28","8","0","85%"
"Shota Imanaga","CHC","SP","154.6","142","10","0","4.09","1.15","70","144","35","27","27","27","8","0","94%"
"Gavin Williams","CLE","SP","166.0","169","10","0","3.98","1.31","73","146","71","21","30","30","9","0","94%"
"Bubba Chandler","PIT","SP","143.5","136","8","0","4.20","1.31","67","135","54","18","33","26","8","0","42%"
"Trevor Rogers","BAL","SP","149.0","129","9","0","4.08","1.29","68","143","49","18","27","27","8","1","47%"
"Tanner Bibee","CLE","SP","177.3","166","11","0","3.94","1.22","78","164","53","23","30","30","10","1","68%"
"Pete Fairbanks","MIA","RP","60.1","62","3","27","3.53","1.21","24","51","21","6","60","0","3","0","57%"
"Emilio Pagan","CIN","RP","65.3","72","3","27","3.93","1.18","29","55","22","10","66","0","3","0","59%"
"Edward Cabrera","CHC","SP","138.3","148","9","0","3.89","1.25","60","118","55","16","26","26","7","0","64%"
"Jack Flaherty","DET","SP","159.3","176","10","0","4.01","1.25","71","143","56","22","29","29","9","0","45%"
"Tatsuya Imai","HOU","SP","147.6","150","8","0","4.29","1.33","70","133","64","19","26","26","8","3","27%"
"Carlos Rodon","NYY","SP","145.3","152","10","0","3.98","1.22","64","124","53","20","26","26","8","0","72%"
"Aaron Nola","PHI","SP","169.1","167","11","0","4.15","1.22","78","161","45","25","29","29","9","0","50%"
"Cade Horton","CHC","SP","129.2","113","8","0","4.06","1.25","58","118","43","17","24","24","7","0","18%"
"Trey Yesavage","TOR","SP","114.5","132","7","0","3.79","1.24","48","93","49","14","29","21","6","0","80%"
"Carlos Estevez","KC","RP","62.7","56","3","29","4.24","1.27","30","58","22","8","63","0","3","0","39%"
"Ryan Walker","SF","RP","62.2","66","4","28","3.48","1.19","24","55","20","6","62","0","3","0","22%"
"Kenley Jansen","DET","RP","57.8","59","3","24","3.98","1.21","26","49","21","8","59","0","3","0","65%"
"Shane Baz","BAL","SP","152.5","150","9","0","4.20","1.28","71","141","54","21","28","28","9","0","30%"
"Josh Hader","HOU","RP","55.1","76","4","27","3.21","1.07","20","38","21","7","54","0","2","0","78%"
"Kris Bubic","KC","SP","140.7","137","9","0","3.77","1.26","59","131","47","15","30","24","7","0","53%"
"Matthew Boyd","CHC","SP","163.0","147","10","0","3.93","1.21","71","150","47","21","29","29","9","0","49%"
"Shane McClanahan","TB","SP","126.8","135","8","0","3.61","1.17","51","109","39","16","23","23","7","0","78%"
"Zac Gallen","ARI","SP","179.9","168","12","0","4.11","1.27","82","171","59","23","31","31","10","0","50%"
"Trevor Megill","MIL","RP","62.4","76","4","16","3.41","1.17","24","50","23","7","62","0","3","0","52%"
"Andrew Abbott","CIN","SP","167.9","153","10","0","4.21","1.26","78","159","53","26","29","29","10","1","53%"
"Abner Uribe","MIL","RP","69.2","81","4","18","3.12","1.20","24","53","31","5","69","0","3","0","55%"
"Gerrit Cole","NYY","SP","123.3","124","8","0","3.84","1.17","53","108","36","17","21","21","6","1","84%"
"Jack Leiter","TEX","SP","152.9","147","9","0","4.31","1.30","73","137","62","21","29","29","9","0","26%"
"Dennis Santana","PIT","RP","66.3","61","4","24","3.93","1.26","29","60","23","7","66","0","3","0","33%"
"Kodai Senga","NYM","SP","126.8","127","8","0","3.97","1.32","56","111","56","15","29","22","7","0","10%"
"Shane Smith","CWS","SP","157.4","148","8","0","4.26","1.29","74","144","59","21","29","29","10","0","4%"
"Jose Soriano","LAA","SP","171.0","156","10","0","3.82","1.34","73","157","73","14","31","30","10","0","95%"
"Merrill Kelly","ARI","SP","161.7","145","10","0","4.06","1.26","73","155","49","21","28","28","9","0","38%"
"Ryne Nelson","ARI","SP,RP","156.2","129","9","0","4.18","1.26","73","154","43","21","33","27","8","0","38%"
"Connelly Early","BOS","SP","44.7","45","3","0","3.72","1.28","18","40","17","4","15","7","2","0","38%"
"Ryan Weathers","NYY","SP","115.9","110","7","0","4.08","1.27","53","106","40","16","30","20","6","0","63%"
"Seranthony Dominguez","CWS","RP","61.3","69","3","20","3.88","1.29","26","51","28","7","64","0","4","0","39%"
"Griffin Jax","TB","SP,RP","66.1","83","4","16","3.01","1.08","22","53","19","6","67","0","3","0","30%"
"Noah Cameron","KC","SP","149.7","127","9","0","4.25","1.31","71","146","49","21","27","27","9","0","13%"
"Joe Musgrove","SD","SP","138.9","132","8","0","3.92","1.20","61","130","36","18","25","25","8","0","15%"
"Bryan Abreu","HOU","RP","68.0","90","4","9","3.19","1.17","24","51","29","7","68","0","3","0","29%"
"David Peterson","NYM","SP,RP","161.5","145","10","0","3.94","1.34","71","155","62","15","29","29","8","1","7%"
"Casey Mize","DET","SP","143.3","125","9","0","4.13","1.26","66","141","40","19","27","27","8","0","45%"
"Bryce Miller","SEA","SP","141.6","127","9","0","4.12","1.21","65","130","42","21","26","26","8","0","29%"
"Parker Messick","CLE","SP","125.0","116","7","0","4.11","1.30","57","120","43","16","23","23","8","0","91%"
"Cody Ponce","TOR","SP,RP","145.5","150","8","0","4.08","1.25","66","135","47","20","36","23","8","0","3%"
"Shane Bieber","TOR","SP","114.5","105","7","0","3.81","1.18","48","108","28","15","25","19","6","0","32%"
"Hunter Greene","CIN","SP","78.6","96","5","0","3.68","1.12","32","63","26","11","14","14","4","0","51%"
"Robert Suarez","ATL","RP","65.8","68","4","9","3.59","1.18","26","57","20","7","66","0","3","0","62%"
"Joey Cantillo","CLE","SP,RP","132.6","140","7","0","3.90","1.31","57","117","57","16","42","21","7","0","30%"
"Will Warren","NYY","SP","124.3","122","7","0","4.26","1.31","59","118","45","17","35","21","7","0","81%"
"Mitch Keller","PIT","SP","176.0","154","10","0","4.28","1.29","84","175","53","22","31","31","11","0","53%"
"Braxton Ashcraft","PIT","SP,RP","132.0","119","7","0","3.94","1.29","58","129","42","14","37","22","7","0","72%"
"Clay Holmes","NYM","SP","153.3","125","10","0","3.96","1.35","68","149","58","14","28","27","9","0","34%"
"Mike Burrows","HOU","SP,RP","131.3","131","7","0","4.14","1.26","60","121","45","19","30","25","7","0","10%"
"Brady Singer","CIN","SP","168.8","157","10","0","4.34","1.30","81","164","55","24","31","31","11","0","10%"
"Sean Manaea","NYM","SP,RP","123.2","128","7","0","4.07","1.21","56","110","39","18","36","20","6","0","7%"
"Robert Garcia","TEX","RP","62.7","68","4","20","3.59","1.21","25","54","22","7","65","0","3","0","6%"
"Andrew Painter","PHI","SP","111.6","97","6","0","4.66","1.38","58","113","41","17","29","20","7","0","13%"
"Yusei Kikuchi","LAA","SP","168.0","169","9","0","4.28","1.33","80","162","60","25","31","31","10","0","11%"
"Roki Sasaki","LAD","SP","111.8","109","7","0","4.19","1.31","52","102","44","14","32","19","6","1","28%"
"Grayson Rodriguez","LAA","SP","109.4","117","6","0","3.94","1.24","48","100","36","14","20","20","7","0","13%"
"Michael Wacha","KC","SP","165.6","129","10","0","4.32","1.29","80","165","49","22","29","29","10","0","75%"
"Brayan Bello","BOS","SP","157.1","129","10","0","4.26","1.35","74","156","55","18","28","28","9","0","7%"
"Zebby Matthews","MIN","SP","102.7","101","6","0","4.10","1.24","47","101","27","15","27","18","6","0","21%"
"Logan Henderson","MIL","SP","91.0","93","6","0","4.15","1.22","42","82","29","14","26","15","5","0","28%"
"Zach Eflin","BAL","SP","147.2","114","9","0","4.38","1.25","72","154","29","23","31","25","9","0","1%"
"Brandon Pfaadt","ARI","SP,RP","164.7","145","10","0","4.37","1.27","80","170","39","24","29","29","10","0","2%"
"Cade Cavalli","WSH","SP","133.0","114","7","0","4.29","1.35","63","132","47","16","25","25","8","0","11%"
"Chris Bassitt","BAL","SP","169.2","152","10","0","4.31","1.33","81","166","58","23","34","29","10","1","9%"
"Reynaldo Lopez","ATL","SP,RP","132.3","134","9","0","3.96","1.27","58","121","47","16","31","23","7","0","7%"
"Quinn Priester","MIL","SP,RP","125.3","104","8","0","4.11","1.30","57","122","41","15","22","22","7","0","10%"
"Grant Taylor","CWS","SP,RP","84.7","101","5","5","3.24","1.19","31","69","32","7","70","3","4","0","6%"
"Edwin Uceta","TB","RP","60.0","72","3","11","3.73","1.19","25","49","22","8","58","0","3","0","5%"
"Riley O'Brien","STL","RP","62.1","64","3","14","3.73","1.31","26","54","27","5","60","0","3","0","86%"
"Reid Detmers","LAA","SP,RP","137.9","152","8","0","4.18","1.28","64","126","51","19","32","24","8","0","29%"
"Bailey Ober","MIN","SP","157.2","142","9","0","4.35","1.21","76","152","38","26","28","28","9","1","40%"
"Luis Severino","ATH","SP","168.8","135","9","0","4.57","1.34","86","172","54","24","29","29","10","0","14%"
"Seth Lugo","KC","SP","161.0","135","9","0","4.43","1.33","79","161","53","24","28","28","10","0","40%"
"Mick Abel","MIN","SP","114.9","104","6","0","4.63","1.42","59","111","52","15","29","21","7","0","9%"
"Tyler Mahle","SF","SP","129.5","107","7","0","4.11","1.29","59","126","41","16","24","24","8","0","5%"
"Max Meyer","MIA","SP","126.1","117","7","0","4.28","1.31","60","124","42","17","28","23","8","0","55%"
"Jameson Taillon","CHC","SP","144.5","112","9","0","4.44","1.24","71","144","35","24","26","26","9","0","17%"
"Chad Patrick","MIL","SP,RP","140.9","133","8","0","4.34","1.28","68","134","47","22","27","26","8","0","8%"
"Ian Seymour","TB","SP,RP","114.5","111","6","0","4.04","1.22","51","105","35","16","38","17","6","0","9%"
"Clayton Beeter","WSH","RP","62.4","72","3","16","3.88","1.34","27","50","33","7","57","0","3","0","3%"
"Cristian Javier","HOU","SP","139.5","128","8","0","4.68","1.34","73","128","58","22","26","26","9","0","1%"
"Justin Steele","CHC","SP","85.9","81","6","0","3.58","1.18","34","78","23","9","16","15","4","0","9%"
"Jacob Lopez","ATH","SP","122.0","128","7","0","4.29","1.30","58","109","49","18","23","23","8","0","3%"
"Kyle Harrison","MIL","SP,RP","96.6","96","5","0","4.25","1.32","46","89","38","14","27","17","5","0","54%"
"Luis Gil","NYY","SP","102.0","101","6","0","4.37","1.34","50","87","50","14","38","14","5","0","2%"
"Grant Holmes","ATL","SP","129.9","129","8","0","4.24","1.33","61","124","50","17","33","21","7","0","18%"
"Matthew Liberatore","STL","SP","147.6","122","8","0","4.29","1.30","70","146","46","19","28","28","10","0","8%"
"Paul Sewald","ARI","RP","57.2","57","3","12","4.42","1.25","28","52","19","9","58","0","3","0","42%"
"Jeremiah Estrada","SD","RP","67.6","91","4","1","3.34","1.15","25","51","27","8","68","0","3","0","10%"
"Taylor Rogers","MIN","RP","58.1","61","3","16","4.14","1.34","27","53","25","7","60","0","3","0","1%"
"Garrett Cleavinger","TB","RP","63.1","78","4","7","3.41","1.15","24","49","24","7","66","0","3","0","6%"
"JoJo Romero","STL","RP","61.7","58","4","12","3.67","1.29","25","56","24","6","63","0","3","0","13%"
"Will Vest","DET","RP","66.7","67","4","6","3.41","1.20","25","59","21","6","66","0","3","0","4%"
"Kirby Yates","LAA","RP","55.8","67","3","11","4.02","1.28","25","45","26","8","57","0","3","0","4%"
"Robby Snelling","MIA","SP","86.4","77","5","0","4.15","1.34","40","85","31","11","16","16","6","0","6%"
"Taj Bradley","MIN","SP","138.9","132","8","0","4.32","1.30","67","132","49","19","31","25","8","0","71%"
"Victor Vodnik","COL","RP","62.8","59","3","19","4.31","1.46","30","62","30","7","61","0","4","0","3%"
"Jeffrey Springs","ATH","SP","162.4","138","9","0","4.62","1.32","83","162","52","27","29","29","10","0","28%"
"Kyle Finnegan","DET","RP","63.2","60","4","4","3.92","1.27","28","58","22","7","63","0","3","0","6%"
"Slade Cecconi","CLE","SP","152.9","127","8","0","4.47","1.26","76","154","40","25","28","28","10","0","4%"
"Chris Martin","TEX","RP","52.4","52","3","7","3.47","1.14","20","48","11","6","53","0","3","0","1%"
"Simeon Woods Richardson","MIN","SP","137.4","123","7","0","4.50","1.34","69","132","51","20","30","26","8","0","1%"
"Dustin May","STL","SP","147.5","131","8","0","4.33","1.31","71","139","54","18","30","25","9","0","11%"
"Jordan Romano","COL","RP","56.9","61","3","5","4.27","1.28","27","51","22","8","57","0","3","0","3%"
"Garrett Whitlock","BOS","RP","68.0","75","4","3","3.33","1.15","25","58","20","7","63","0","3","0","16%"
"Lucas Erceg","KC","RP","63.4","60","4","5","3.78","1.28","27","57","24","6","63","0","4","0","47%"
"Rhett Lowder","CIN","SP","114.2","88","6","0","4.57","1.36","58","118","37","16","28","20","7","0","5%"
"Tanner Scott","LAD","RP","63.2","72","4","4","3.55","1.22","25","52","25","7","63","0","3","0","36%"
"Eduardo Rodriguez","ARI","SP","133.9","119","8","0","4.42","1.37","66","135","48","18","28","24","8","0","39%"
"Matt Svanson","STL","RP","63.7","59","3","6","3.74","1.29","26","58","24","6","58","0","3","0","1%"
"Kevin Ginkel","ARI","RP","59.7","62","4","9","3.80","1.28","25","54","23","6","59","0","3","0","1%"
"Michael McGreevy","STL","SP","137.4","95","8","0","4.16","1.29","64","144","34","16","28","24","8","0","51%"
"Justin Sterner","ATH","RP","64.9","66","3","7","4.26","1.26","31","58","24","10","62","0","3","0","1%"
"Adrian Morejon","SD","RP","66.8","67","5","3","3.31","1.17","25","57","21","6","67","0","4","0","10%"
"Jose Berrios","TOR","SP","106.6","89","6","0","4.41","1.30","52","105","33","16","38","14","6","0","2%"
"Johan Oviedo","BOS","SP","95.9","92","5","0","4.30","1.34","46","88","41","12","32","15","5","0","0%"
"Braxton Garrett","MIA","SP","110.5","100","6","0","3.93","1.22","48","109","26","14","26","19","6","1","4%"
"Brandon Sproat","MIL","SP","87.6","74","5","0","4.22","1.33","41","83","34","10","29","14","5","0","5%"
"Luke Weaver","NYM","RP","65.5","70","4","5","3.97","1.21","29","58","22","9","61","0","3","0","5%"
"Robert Stephenson","LAA","RP","32.7","37","2","3","3.99","1.18","14","28","11","5","33","0","2","0","0%"
"Luis Morales","ATH","SP","113.7","101","6","0","4.59","1.36","58","108","46","17","27","20","7","0","0%"
"Spencer Schwellenbach","ATL","SP","72.8","70","5","0","3.52","1.12","28","66","16","9","12","12","3","0","21%"
"Landen Roupp","SF","SP","121.8","114","7","0","4.07","1.35","55","116","48","13","28","23","7","0","67%"
"Camilo Doval","NYY","RP","63.5","72","4","4","3.57","1.28","25","51","30","5","64","0","3","0","4%"
"Matt Brash","SEA","RP","61.6","73","3","3","3.23","1.21","22","50","24","5","62","0","3","0","6%"
"Jordan Leasure","CWS","RP","63.3","71","3","5","4.19","1.29","29","53","28","9","65","0","4","0","0%"
"Max Scherzer","TOR","SP","104.4","100","6","0","4.40","1.22","51","98","29","18","29","18","6","0","3%"
"Nick Martinez","TB","SP,RP","144.0","111","8","0","4.32","1.28","69","145","39","19","41","22","9","0","65%"
"Zack Littell","WSH","SP","145.6","108","7","0","4.54","1.26","74","152","31","24","26","25","9","0","2%"
"Payton Tolle","BOS","SP,RP","49.1","52","3","0","4.09","1.25","22","44","17","7","23","6","2","0","48%"
"Gregory Soto","PIT","RP","60.4","65","3","3","3.79","1.30","25","54","25","5","64","0","3","0","37%"
"Justin Verlander","DET","SP","141.3","117","8","0","4.42","1.31","69","139","46","20","26","26","8","0","3%"
"Cole Sands","MIN","SP,RP","67.0","65","4","4","3.93","1.23","29","62","20","8","65","0","3","0","1%"
"Jared Jones","PIT","SP","94.1","95","5","0","3.95","1.24","41","85","32","12","21","17","5","0","25%"
"Kumar Rocker","TEX","SP","97.8","88","5","0","4.22","1.29","46","95","32","13","30","17","6","0","3%"
"Foster Griffin","WSH","SP,RP","134.9","124","7","0","4.15","1.28","62","130","43","17","30","23","8","0","44%"
"Steven Matz","TB","SP,RP","122.5","103","6","0","4.17","1.28","57","123","33","17","34","20","7","0","15%"
"Michael Soroka","ARI","SP,RP","93.0","93","5","3","4.11","1.26","43","84","34","12","41","11","5","0","57%"
"Jose A. Ferrer","SEA","RP","67.7","64","4","3","3.22","1.17","24","59","20","5","67","0","3","0","3%"
"Justin Wrobleski","LAD","SP,RP","60.9","56","4","0","4.27","1.31","29","59","21","8","35","4","3","0","67%"
"Mark Leiter Jr.","ATH","RP","61.8","67","4","6","4.12","1.31","28","57","24","8","63","0","3","0","1%"
"Adrian Houser","SF","SP","143.9","104","8","0","4.35","1.37","70","149","48","16","26","26","9","0","2%"
"Hogan Harris","ATH","RP","66.3","64","3","11","4.39","1.40","32","61","31","8","57","0","3","0","6%"
"Matt Strahm","KC","RP","63.8","69","4","2","3.58","1.13","25","53","19","8","64","0","3","0","7%"
"Troy Melton","DET","SP,RP","55.0","51","3","0","4.10","1.26","25","52","18","8","31","5","3","0","2%"
"Tony Santillan","CIN","RP","68.1","72","3","4","4.21","1.33","32","60","30","9","69","0","3","0","9%"
"Kyle Leahy","STL","SP,RP","117.3","97","6","0","4.28","1.34","56","117","41","14","46","16","7","0","6%"
"Eric Lauer","LAD","SP,RP","66.9","62","4","0","4.31","1.28","32","63","22","10","41","4","3","0","2%"
"Lucas Giolito","SD","SP","111.8","101","7","0","4.63","1.37","58","110","44","17","22","20","7","0","11%"
"Didier Fuentes","ATL","SP,RP","43.1","41","3","0","4.47","1.32","21","42","15","7","28","4","3","0","5%"
"Jonah Tong","NYM","SP","30.7","34","2","0","3.59","1.25","12","25","13","3","11","5","2","0","3%"
"Phil Maton","CHC","RP","62.7","69","4","4","3.67","1.21","26","52","24","7","64","0","3","0","1%"
"Brad Keller","PHI","RP","66.6","61","4","2","4.05","1.33","30","62","27","7","61","0","3","0","7%"
"Andrew Kittredge","BAL","RP","59.6","60","4","4","3.73","1.19","25","55","16","8","60","0","3","0","1%"
"Calvin Faucher","MIA","RP","63.0","63","3","6","4.05","1.35","28","59","27","7","64","0","4","0","1%"
"Ben Joyce","LAA","RP","47.2","53","2","11","3.75","1.27","20","38","22","5","46","0","2","0","3%"
"Tyler Wells","BAL","SP,RP","68.1","61","4","0","4.27","1.18","32","63","18","12","43","4","4","0","1%"
"Shawn Armstrong","CLE","RP","66.9","66","3","3","3.80","1.21","28","60","21","8","66","0","3","0","1%"
"Tyler Rogers","TOR","RP","69.1","48","4","2","3.71","1.21","28","69","15","7","71","0","3","0","16%"
"Jacob Latz","TEX","SP,RP","101.3","97","5","0","4.35","1.38","49","91","49","13","44","11","5","0","23%"
"Hurston Waldrep","ATL","SP","58.5","50","4","0","4.41","1.42","29","57","26","7","11","11","4","0","2%"
"Carmen Mlodzinski","PIT","SP,RP","96.0","85","6","0","3.86","1.30","41","92","33","10","48","9","5","0","7%"
"Randy Vasquez","SD","SP","129.8","88","7","0","4.85","1.41","70","136","47","19","30","24","8","0","55%"
"Anthony Kay","CWS","SP,RP","133.0","111","6","0","4.50","1.39","67","132","53","18","36","21","9","1","3%"
"Dean Kremer","BAL","SP","115.5","98","7","0","4.40","1.30","57","114","36","17","31","18","7","0","4%"
"Cole Henry","WSH","RP","61.7","59","2","12","4.78","1.44","33","56","33","8","63","0","3","0","0%"
"Ben Brown","CHC","SP,RP","68.1","73","4","0","3.84","1.21","29","60","22","8","42","3","3","0","28%"
"Aaron Ashby","MIL","RP","74.0","76","4","1","3.74","1.36","31","65","36","6","59","2","4","0","30%"
"Jason Adam","SD","RP","56.2","60","3","1","3.49","1.17","22","45","21","6","56","0","3","0","15%"
"Ryan Weiss","HOU","SP,RP","83.0","80","4","0","4.31","1.32","40","77","32","11","37","9","5","0","0%"
"Louis Varland","TOR","RP","66.8","66","4","2","3.73","1.21","28","61","20","8","61","0","3","0","60%"
"Hunter Harvey","CHC","RP","51.6","56","3","4","3.41","1.13","20","43","15","5","51","0","2","0","1%"
"Lance McCullers Jr.","HOU","SP","99.1","96","5","0","4.55","1.44","50","93","49","13","27","18","6","0","6%"
"Jose Alvarado","PHI","RP","58.5","67","4","3","3.46","1.24","23","49","23","6","59","0","3","0","2%"
"Sean Burke","CWS","SP,RP","140.7","133","7","0","4.78","1.40","75","135","62","23","26","26","10","0","13%"
"Emerson Hancock","SEA","SP,RP","68.0","54","4","0","4.43","1.32","33","67","23","10","35","7","3","0","82%"
"Spencer Arrighetti","HOU","SP","91.7","91","5","0","4.60","1.37","47","85","40","14","25","15","6","0","52%"
"Alex Vesia","LAD","RP","62.0","78","4","2","3.58","1.16","25","47","25","8","64","0","3","0","16%"
"Michael Lorenzen","COL","SP,RP","143.0","114","6","0","5.09","1.45","81","154","52","24","26","26","10","0","1%"
"Hunter Barco","PIT","SP,RP","88.4","82","5","0","4.13","1.35","41","82","37","10","34","12","4","0","0%"
"Bryce Elder","ATL","SP","117.6","96","7","0","4.51","1.37","59","121","39","15","25","20","7","0","87%"
"Hunter Gaddis","CLE","RP","63.2","61","3","3","3.89","1.21","27","57","20","8","61","0","3","0","4%"
"River Ryan","LAD","SP","42.7","36","2","0","4.53","1.38","21","42","17","6","13","8","2","0","6%"
"Janson Junk","MIA","SP,RP","90.3","65","5","0","4.30","1.28","43","95","20","12","38","11","5","0","8%"
"Jose Quintana","COL","SP","139.8","96","7","0","5.10","1.50","79","156","54","20","25","25","10","0","1%"
"Robert Gasser","MIL","SP","72.3","68","4","0","3.96","1.24","32","67","23","9","33","9","4","0","1%"
"Joe Boyle","TB","SP,RP","79.6","88","4","0","4.05","1.35","36","65","43","9","27","12","5","0","2%"
"JR Ritchie","ATL","SP","26.2","22","2","0","4.59","1.39","13","26","11","3","5","5","1","0","10%"
"Walker Buehler","SD","SP","72.1","57","4","0","4.93","1.44","40","74","29","11","26","11","5","0","5%"
"Brad Lord","WSH","SP,RP","93.6","74","5","3","4.32","1.33","45","93","32","11","49","10","6","0","0%"
"Dylan Lee","ATL","RP","64.6","72","3","1","3.64","1.15","26","56","18","9","65","0","3","0","12%"
"Gabe Speier","SEA","RP","58.6","69","4","0","3.27","1.10","21","47","17","7","63","0","2","0","2%"
"Fernando Cruz","NYY","RP","59.1","80","4","2","3.61","1.23","24","45","27","7","59","0","3","0","6%"
"Aaron Civale","ATH","SP,RP","125.8","108","7","0","4.71","1.32","66","126","40","20","24","23","8","0","22%"
"Seth Halvorsen","COL","RP","48.3","44","2","2","4.62","1.47","25","48","22","6","48","0","3","0","0%"
"Richard Fitts","STL","SP","117.8","90","6","0","4.54","1.35","59","120","38","17","30","21","7","0","0%"
"Colin Rea","CHC","SP,RP","82.4","65","5","0","4.44","1.30","41","83","24","12","37","8","4","0","11%"
"Chris Paddack","CIN","SP,RP","130.9","98","6","0","4.76","1.32","69","139","34","22","31","23","8","0","1%"
"Bryan King","HOU","RP","64.8","64","4","1","3.64","1.19","26","58","19","8","66","0","3","0","6%"
"Drew Anderson","DET","RP","76.6","84","4","0","4.02","1.27","34","66","31","9","46","5","4","0","0%"
"Drew Pomeranz","LAA","SP,RP","56.4","61","3","3","3.90","1.23","24","49","20","7","59","0","3","0","1%"
"Alexis Diaz","TEX","RP","24.5","25","1","0","4.75","1.40","13","21","13","3","25","0","1","0","0%"
"Corbin Burnes","ARI","SP","44.2","40","3","0","3.68","1.22","18","40","14","5","7","7","2","0","20%"
"A.J. Puk","ARI","RP","34.8","40","2","5","3.41","1.16","13","29","11","4","34","0","1","0","1%"
"Bryan Baker","TB","RP","63.3","71","3","2","3.83","1.20","27","53","23","8","64","0","3","0","57%"
"Yimi Garcia","TOR","RP","52.9","59","3","4","3.71","1.19","22","44","19","6","53","0","3","0","0%"
"Elvis Alvarado","ATH","RP","59.5","63","3","3","4.22","1.37","28","52","29","8","57","0","3","0","0%"
"Scott Barlow","ATH","RP","56.7","60","3","3","4.27","1.38","27","49","29","6","59","0","3","0","1%"
"Ryan Thompson","ARI","RP","61.4","51","4","4","3.92","1.29","27","61","19","6","62","0","3","0","1%"
"Davis Martin","CWS","SP","148.9","115","7","0","4.62","1.37","76","151","52","21","28","27","10","0","87%"
"Thomas White","MIA","SP","26.3","27","1","0","4.23","1.41","12","24","14","3","5","5","2","0","4%"
"German Marquez","SD","SP","103.9","77","5","0","5.07","1.43","59","113","36","17","23","19","7","0","1%"
"Tyler Holton","DET","SP,RP","70.2","58","4","1","3.68","1.17","29","64","18","9","66","0","3","0","4%"
"Andre Pallante","STL","SP","129.2","90","7","0","4.33","1.41","62","133","50","13","29","23","9","0","6%"
"Kutter Crawford","BOS","SP","73.1","70","4","0","4.25","1.22","35","68","21","11","39","6","4","0","0%"
"Ryne Stanek","STL","RP","56.8","57","3","3","4.26","1.36","27","51","27","7","60","0","3","0","1%"
"Jared Koenig","MIL","RP","64.0","65","4","1","3.59","1.22","26","56","22","7","64","0","3","0","1%"
"Miles Mikolas","WSH","SP","144.2","95","7","0","4.81","1.32","77","158","33","24","27","27","10","0","1%"
"Chase Dollander","COL","SP,RP","118.3","102","5","0","5.27","1.50","69","124","54","19","30","22","9","0","13%"
"Orion Kerkering","PHI","RP","57.8","62","4","1","3.49","1.21","22","49","21","6","59","0","3","0","1%"
"Tobias Myers","NYM","SP,RP","66.3","56","4","0","4.17","1.28","31","65","20","9","43","4","3","0","1%"
"A.J. Minter","NYM","RP","48.4","54","3","1","3.46","1.17","19","39","17","6","49","0","2","0","1%"
"Kyle Freeland","COL","SP","161.0","118","7","0","5.05","1.42","90","186","43","26","29","29","12","0","1%"
"Keegan Akin","BAL","SP,RP","65.4","66","4","3","4.03","1.27","29","59","24","9","64","0","3","0","0%"
"Mason Montgomery","PIT","SP,RP","60.9","65","3","1","3.97","1.32","27","55","26","7","58","0","3","0","1%"
"Cody Bradford","TEX","SP","67.5","58","4","0","4.19","1.19","31","65","16","10","31","8","4","0","0%"
"Graham Ashcraft","CIN","RP","64.0","58","4","2","3.81","1.30","27","61","22","6","59","0","3","0","8%"
"Zach Agnos","COL","RP","57.8","46","3","3","5.01","1.46","32","60","24","9","57","0","4","0","0%"
"Brandon Williamson","CIN","SP","77.1","64","4","0","4.83","1.39","41","77","30","12","28","11","5","0","1%"
"Taijuan Walker","","SP,RP","115.8","81","6","0","5.00","1.43","64","123","42","19","39","17","7","0","0%"
"Luis Garcia","MIN","RP","57.1","51","3","0","4.02","1.35","25","55","22","6","57","0","3","0","0%"
"Justin Topa","MIN","RP","61.8","51","3","5","4.05","1.33","28","62","20","6","61","0","3","0","1%"
"Griffin Canning","SD","SP","97.9","86","5","0","4.49","1.35","49","95","37","15","27","16","6","0","2%"
"Eduard Bazardo","SEA","RP","66.4","68","3","1","3.67","1.19","27","56","23","8","65","0","3","0","3%"
"Jakob Junis","TEX","RP","63.0","54","3","0","4.06","1.21","28","60","16","8","57","0","3","0","10%"
"Kody Funderburk","MIN","RP","60.9","58","3","3","3.88","1.34","26","57","25","5","58","0","3","0","0%"
"Trevor McDonald","SF","SP,RP","69.8","54","4","0","4.35","1.37","34","71","25","8","26","9","4","0","15%"
"Christian Scott","NYM","SP","33.1","31","2","0","4.05","1.22","15","31","10","5","19","3","2","0","10%"
"Andrew Nardi","MIA","RP","53.8","65","3","0","3.72","1.22","22","45","21","6","55","0","3","0","0%"
"Jose Urquidy","PIT","RP","69.1","52","3","0","4.83","1.35","37","71","22","11","27","9","4","0","0%"
"Caleb Thielbar","CHC","RP","61.8","64","4","1","3.68","1.19","25","53","20","8","65","0","3","0","2%"
"Erik Miller","SF","RP","59.2","64","3","2","3.65","1.35","24","49","31","5","60","0","3","0","3%"
"JP Sears","SD","SP","48.9","41","3","0","4.57","1.27","25","48","14","9","20","6","3","0","0%"
"Quinn Mathews","STL","SP","40.2","37","2","0","4.50","1.51","20","37","23","4","8","8","3","0","1%"
"Justin Slaten","BOS","RP","59.6","56","4","1","3.92","1.26","26","55","20","7","57","0","3","0","1%"
"Erik Sabrowski","CLE","RP","59.0","72","3","1","3.91","1.36","26","47","34","6","58","0","3","0","26%"
"Clarke Schmidt","NYY","SP","28.0","26","2","0","3.95","1.24","12","25","10","4","12","4","1","0","1%"
"Ryan Johnson","LAA","RP","55.6","51","3","0","4.34","1.34","27","56","18","8","26","7","3","0","0%"
"Patrick Sandoval","BOS","SP","77.6","71","4","0","4.11","1.39","35","75","33","8","38","9","4","0","0%"
"Carlos Lagrange","NYY","SP","10.7","11","1","0","4.21","1.43","5","9","6","1","9","1","1","0","3%"
"Isaac Mattson","PIT","RP","62.0","60","3","2","4.25","1.36","29","56","28","8","59","0","3","0","1%"
"Anthony Bender","MIA","RP","58.7","55","3","1","3.93","1.30","26","54","23","6","60","0","3","0","1%"
"Steven Okert","HOU","RP","62.7","71","3","0","3.85","1.19","27","52","23","9","64","0","3","0","1%"
"Josiah Gray","WSH","SP","96.2","83","5","0","4.90","1.40","52","95","40","16","18","18","7","0","0%"
"Tyler Anderson","","SP","79.5","62","4","0","4.86","1.42","43","81","32","13","16","14","6","0","0%"
"Jake Irvin","WSH","SP","121.9","89","6","0","4.85","1.36","66","126","40","20","31","19","8","0","2%"
"Angel Zerpa","MIL","RP","59.7","55","3","0","3.66","1.26","24","55","20","6","60","0","3","0","0%"
"Jack Perkins","ATH","SP,RP","43.9","42","2","0","3.93","1.28","19","38","18","5","26","3","2","0","7%"
"J.T. Ginn","ATH","SP,RP","73.0","68","4","0","4.24","1.32","34","70","26","9","29","10","4","0","28%"
"Brooks Raley","NYM","RP","56.4","56","3","1","3.77","1.22","24","49","20","6","59","0","3","0","2%"
"Blake Treinen","LAD","RP","52.9","59","4","0","3.87","1.26","23","46","20","7","54","0","3","0","1%"
"Tyler Kinley","ATL","RP","62.0","67","3","0","4.09","1.29","28","54","26","8","63","0","3","0","1%"
"Liam Hendriks","CHC","RP","28.4","29","2","1","4.23","1.31","13","26","11","4","28","0","2","0","0%"
"Aaron Bummer","","RP","59.7","61","3","0","3.65","1.30","24","55","22","4","57","0","2","0","0%"
"Jordan Montgomery","TEX","SP","47.6","37","3","0","4.46","1.34","24","49","15","6","15","7","3","0","0%"
"Connor Phillips","CIN","RP","56.9","60","3","1","4.56","1.40","29","50","29","8","51","0","3","0","0%"
"Cole Winn","TEX","RP","63.1","54","3","4","4.36","1.38","31","58","29","8","56","0","3","0","1%"
"Bennett Sousa","HOU","RP","40.0","43","2","1","3.58","1.19","16","34","14","5","38","0","2","0","0%"
"Sean Newcomb","CWS","SP,RP","67.9","64","3","1","4.01","1.35","30","63","28","7","55","1","3","0","1%"
"Patrick Corbin","TOR","SP","76.7","61","4","0","4.85","1.42","41","83","26","12","16","14","5","0","2%"
"Gus Varland","WSH","RP","27.3","26","1","0","4.42","1.38","13","27","11","3","27","0","1","0","7%"
"Alex Cobb","","SP","32.1","27","2","0","4.12","1.32","15","31","11","3","8","5","2","0","0%"
"Wade Miley","","SP","32.4","20","2","0","4.64","1.44","17","34","12","4","8","6","2","1","0%"
"Tanner Banks","PHI","RP","62.1","58","3","0","3.96","1.23","27","59","18","8","61","0","3","0","0%"
"Jose Butto","SF","SP,RP","63.9","58","3","2","4.06","1.33","29","58","27","7","58","0","3","0","0%"
"Austin Gomber","ATL","SP","19.4","14","1","0","4.69","1.31","10","20","5","3","6","3","2","0","0%"
"Yennier Cano","BAL","RP","58.5","54","3","1","3.82","1.31","25","55","21","6","61","0","3","0","1%"
"Chase Silseth","LAA","RP","56.0","54","3","0","4.34","1.39","27","51","27","7","49","0","3","0","0%"
"Jordan Hicks","CWS","SP,RP","61.5","56","3","1","4.19","1.39","29","58","27","6","56","0","4","0","0%"
"Cal Quantrill","TEX","SP,RP","16.5","13","1","0","5.07","1.40","9","17","6","3","5","3","1","0","0%"
"Jack Dreyer","LAD","SP,RP","52.4","51","3","0","3.84","1.24","22","46","19","6","51","0","2","0","2%"
"David Festa","MIN","SP","51.4","52","3","0","4.16","1.28","24","48","18","7","21","7","3","0","0%"
"Braydon Fisher","TOR","RP","50.9","57","3","0","3.81","1.28","22","42","23","6","51","0","2","0","1%"
"Justin Lawrence","PIT","RP","56.3","55","3","1","4.09","1.38","26","51","26","5","54","0","3","0","0%"
"Chris Flexen","","RP","24.9","19","1","0","4.69","1.42","13","27","9","4","12","1","2","0","0%"
"Cole Irvin","LAD","SP,RP","10.6","7","0","0","4.90","1.39","6","12","3","2","2","2","1","0","2%"
"Elmer Rodriguez","NYY","SP","8.9","8","0","0","4.05","1.36","4","9","3","1","6","1","0","0","2%"
"Ken Waldichuk","WSH","SP,RP","36.6","35","2","0","4.60","1.41","19","34","17","5","32","0","2","0","0%"
"Spencer Turnbull","","SP,RP","32.3","27","2","0","4.90","1.48","18","33","15","4","9","5","2","0","0%"
"PJ Poulin","WSH","SP,RP","56.5","55","3","2","4.03","1.34","25","52","24","6","57","0","3","0","1%"
"Austin Voth","TOR","RP","3.9","3","0","0","5.43","1.39","2","4","2","1","4","0","0","0","0%"
"Cade Gibson","MIA","RP","51.9","41","3","0","4.18","1.38","24","51","21","5","45","0","3","0","0%"
"Tommy Henry","ARI","RP","6.5","6","0","0","5.56","1.62","4","8","3","1","2","2","1","0","0%"
"Jimmy Herget","COL","SP,RP","74.5","68","3","2","4.46","1.33","37","75","24","11","68","0","4","0","0%"
"Shelby Miller","CHC","RP","0.5","1","0","0","0.00","0.98","0","1","0","0","1","0","0","0","0%"
"Hagen Smith","CWS","SP","18.4","19","1","0","4.58","1.48","9","16","12","2","4","4","1","0","1%"
"Greg Weissert","BOS","RP","64.2","57","4","1","4.17","1.31","30","61","23","8","65","0","3","0","0%"
"Brant Hurter","DET","SP,RP","53.7","48","3","0","3.73","1.24","22","50","17","5","45","0","3","0","2%"
"Jonathan Loaisiga","ARI","RP","51.2","42","3","2","3.95","1.31","22","51","16","5","51","0","2","0","0%"
"Juan Mejia","COL","RP","64.3","67","3","3","4.48","1.41","32","61","30","8","63","0","4","0","1%"
"Pierce Johnson","CIN","RP","60.0","66","3","1","4.25","1.32","28","55","24","9","61","0","3","0","1%"
"Dane Dunning","SEA","SP,RP","16.5","14","1","0","4.36","1.31","8","16","6","2","8","2","1","0","0%"
"Cade Povich","BAL","SP","25.6","25","1","0","4.22","1.31","12","25","9","4","12","3","1","0","1%"
"Jose Leclerc","SD","RP","30.7","34","2","0","4.19","1.33","14","26","14","4","30","0","1","0","0%"
"Jordan Wicks","CHC","SP,RP","29.7","27","1","0","4.09","1.31","14","29","10","4","19","2","2","0","0%"
"Paul Blackburn","NYY","SP,RP","59.4","50","3","0","4.44","1.31","29","59","19","8","45","3","3","0","0%"
"Matt Festa","CLE","RP","59.0","58","3","0","4.05","1.27","27","53","22","7","60","0","3","0","1%"
"Kendall Graveman","","RP","27.5","23","2","0","4.78","1.47","15","27","14","4","29","0","1","0","0%"
"George Klassen","LAA","SP","41.9","40","2","0","4.62","1.42","22","40","19","6","18","5","3","0","0%"
"Hector Neris","","RP","21.5","23","1","0","4.52","1.37","11","19","10","3","22","0","2","0","0%"
"Vince Velasquez","CHC","SP,RP","8.7","9","0","0","4.58","1.45","4","8","5","1","8","0","0","0","0%"
"Colin Holderman","CLE","RP","42.0","40","2","0","4.20","1.36","20","39","18","5","42","0","2","0","0%"
"Trevor Williams","WSH","SP","28.5","23","1","0","4.61","1.38","15","31","9","4","19","2","2","0","0%"
"Javier Assad","CHC","SP,RP","65.6","53","3","0","4.19","1.34","31","63","25","8","40","4","3","0","1%"
"Brendon Little","TOR","RP","53.6","58","3","0","3.55","1.36","21","45","28","4","56","0","2","0","0%"
"Josh White","MIA","RP","42.7","45","3","0","3.95","1.29","19","38","17","5","41","0","2","0","0%"
"Ben Casparius","LAD","SP,RP","57.5","54","3","0","4.42","1.32","28","54","22","8","49","0","3","0","0%"
"Tommy Nance","TOR","RP","55.0","53","3","0","3.79","1.26","23","52","17","6","53","0","2","0","0%"
"Erick Fedde","CWS","SP,RP","109.8","80","5","0","4.97","1.43","61","114","43","17","24","19","8","0","2%"
"John Schreiber","KC","RP","62.5","58","3","1","4.12","1.30","29","58","23","8","66","0","3","0","0%"
"Walbert Urena","LAA","SP","37.4","28","2","0","4.90","1.57","20","39","19","5","33","1","2","0","7%"
"Hoby Milner","CHC","RP","61.3","52","3","0","3.84","1.27","26","60","18","6","62","0","3","0","0%"
"Hunter Dobbins","STL","SP","82.9","62","4","0","4.43","1.36","41","85","28","10","25","13","5","0","0%"
"AJ Blubaugh","HOU","SP,RP","41.7","37","2","0","4.51","1.37","21","39","18","6","29","3","2","0","1%"
"Mason Englert","TB","RP","59.8","56","3","0","4.08","1.25","27","57","18","8","53","0","3","0","0%"
"Tomoyuki Sugano","COL","SP","118.7","76","5","0","5.21","1.43","69","140","30","21","22","22","9","1","4%"
"Ryan Yarbrough","NYY","SP,RP","62.2","50","3","0","4.37","1.26","30","60","19","9","42","2","3","0","0%"
"Noah Schultz","CWS","SP","21.7","19","1","0","4.65","1.46","11","22","10","3","4","4","2","0","18%"
"Tim Herrin","CLE","RP","52.9","54","3","0","3.84","1.33","23","46","25","5","56","0","3","0","0%"
"Carter Baumler","TEX","SP,RP","47.0","41","2","0","4.60","1.42","24","45","22","6","45","0","2","0","0%"
"Danny Coulombe","BOS","RP","50.3","49","3","0","3.81","1.26","21","45","18","6","54","0","2","0","0%"
"Taylor Clarke","ARI","RP","58.7","48","3","1","4.32","1.29","28","59","17","8","56","0","3","0","2%"
"Brusdar Graterol","LAD","RP","40.7","34","3","0","3.45","1.19","16","37","11","3","40","0","1","0","0%"
"Gage Jump","ATH","SP","42.5","35","2","0","4.41","1.34","21","42","15","6","9","9","3","0","1%"
"Ryan Bergert","KC","SP","52.3","43","2","0","4.75","1.41","28","52","21","8","20","8","3","0","0%"
"Sam Bachman","LAA","RP","48.5","41","2","1","4.46","1.45","24","47","23","5","47","0","3","0","1%"
"Ricky Tiedemann","TOR","SP","16.6","17","1","0","4.30","1.40","8","15","8","2","10","2","1","0","1%"
"Cole Sulser","TB","RP","51.9","48","3","0","4.12","1.30","24","49","19","7","49","0","3","0","1%"
"Nick Mears","KC","RP","59.5","57","3","0","4.16","1.30","28","55","23","7","61","0","3","0","0%"
"Brock Burke","CIN","RP","61.7","56","3","1","4.21","1.31","29","60","21","8","63","0","3","0","1%"
"Ryan Zeferjahn","LAA","RP","59.9","67","3","1","4.42","1.38","29","52","31","9","60","0","3","0","1%"
"Stephen Kolek","KC","SP","67.9","47","4","0","4.35","1.37","33","72","22","7","30","8","4","0","4%"
"Wandy Peralta","SD","RP","58.1","50","3","0","3.85","1.34","25","53","24","6","60","0","3","0","0%"
"Julian Fernandez","WSH","RP","35.1","35","2","0","4.12","1.28","16","32","13","5","34","0","2","0","0%"
"Jack Kochanowicz","LAA","SP","75.4","48","3","0","5.02","1.49","42","83","29","10","30","10","5","0","7%"
"Jalen Beeks","TEX","RP","55.1","49","3","0","4.01","1.33","25","52","22","6","56","0","3","0","0%"
"Yoendrys Gomez","MIN","SP,RP","53.0","53","3","0","4.34","1.31","26","48","22","8","36","3","3","0","0%"
"Brent Headrick","NYY","RP","47.1","48","2","0","4.04","1.23","21","42","16","7","42","0","2","0","2%"
"Michael Kopech","","RP","33.7","37","2","0","4.56","1.42","17","28","20","5","33","0","2","0","0%"
"DL Hall","MIL","SP,RP","52.8","50","3","0","4.14","1.35","24","48","24","6","45","0","2","0","1%"
"Enyel De Los Santos","HOU","RP","59.1","57","3","0","4.31","1.29","28","54","22","9","59","0","3","0","2%"
"Kevin Kelly","TB","RP","44.6","39","2","0","3.85","1.19","19","42","11","5","44","0","2","0","10%"
"David Morgan","SD","RP","58.3","60","3","0","4.13","1.31","27","52","25","7","55","0","3","0","0%"
"Sawyer Gipson-Long","DET","SP,RP","29.7","27","1","0","4.09","1.21","13","28","8","4","20","2","2","0","0%"
"Hunter Bigge","TB","RP","47.7","49","2","0","4.17","1.33","22","43","21","7","45","0","2","0","0%"
"Jacob Webb","CHC","RP","54.5","51","3","0","4.26","1.29","26","49","22","7","54","0","3","0","1%"
"Luinder Avila","KC","RP","34.0","29","2","0","4.28","1.39","16","32","15","4","31","0","2","0","0%"
"Drey Jameson","ARI","RP","29.0","26","1","0","4.21","1.37","14","28","12","4","25","0","1","0","0%"
"Jovani Moran","BOS","RP","46.4","50","3","0","3.81","1.32","20","41","20","5","45","0","2","0","0%"
"Jose Suarez","ATH","RP","49.1","47","2","0","4.24","1.32","23","48","17","6","35","2","3","0","0%"
"Tanner McDougal","CWS","SP","39.8","35","2","0","4.64","1.45","21","39","19","5","16","6","2","0","0%"
"Jonathan Bowlan","PHI","RP","55.8","53","3","0","4.14","1.29","26","52","19","7","50","0","3","0","0%"
"Charlie Morton","","SP,RP","62.1","63","3","0","4.80","1.46","33","61","29","10","12","12","4","0","14%"
"Mason Fluharty","TOR","RP","42.4","44","2","0","3.99","1.29","19","37","18","5","43","0","2","0","1%"
"Alek Manoah","LAA","SP","58.1","50","3","0","5.01","1.42","32","58","25","9","11","11","4","0","0%"
"Jonathan Cannon","CWS","SP,RP","96.1","72","4","0","4.90","1.40","52","101","34","15","33","13","6","0","0%"
"Sam Hentges","SF","RP","32.6","32","2","0","3.59","1.27","13","30","11","3","33","0","1","0","0%"
"Anthony Banda","MIN","RP","56.3","55","3","1","4.33","1.37","27","52","25","7","56","0","3","0","0%"
"Joel Payamps","ATL","RP","52.0","48","3","0","4.10","1.27","24","50","16","7","53","0","2","0","0%"
"Drew Smith","MIN","RP","34.6","35","2","0","4.49","1.35","17","32","15","5","35","0","2","0","0%"
"Dietrich Enns","BAL","SP,RP","60.9","56","3","0","4.21","1.33","28","61","21","8","50","1","3","0","0%"
"Rob Zastryzny","MIL","RP","44.2","41","2","0","4.19","1.31","21","42","16","6","46","0","2","0","0%"
"Bradgley Rodriguez","SD","RP","44.5","41","3","0","4.18","1.39","21","41","21","5","43","0","2","0","1%"
"Adbert Alzolay","NYM","RP","41.3","40","2","0","4.16","1.25","19","38","14","6","40","0","2","0","8%"
"Mike Vasil","CWS","SP,RP","40.4","30","2","0","4.57","1.44","21","40","18","5","25","1","2","0","0%"
"Will Klein","LAD","RP","51.7","57","3","0","4.33","1.45","25","45","30","6","50","0","3","0","0%"
"Matt Gage","SF","RP","52.6","45","2","0","4.01","1.35","23","52","19","5","51","0","2","0","1%"
"Huascar Brazoban","NYM","SP,RP","52.5","50","3","0","4.08","1.34","24","47","23","6","49","0","3","0","1%"
"Brandon Eisert","CWS","SP,RP","47.1","46","2","0","4.23","1.31","22","45","17","6","47","0","3","0","0%"
"Evan Phillips","LAD","RP","24.8","26","2","0","3.48","1.16","10","21","8","3","26","0","1","0","0%"
"Brock Stewart","LAD","RP","33.2","38","2","0","3.97","1.26","15","28","14","4","34","0","1","0","0%"
"Felix Bautista","BAL","RP","10.7","14","1","0","3.24","1.18","4","8","5","1","11","0","1","0","1%"
"Andre Granillo","WSH","RP","42.0","41","2","0","4.34","1.35","20","38","19","6","39","0","2","0","0%"
"Grant Anderson","MIL","RP","57.3","58","3","0","4.17","1.31","27","52","23","8","56","0","3","0","0%"
"Trey Gibson","BAL","SP","11.8","11","0","0","4.23","1.36","6","11","5","1","3","3","1","0","0%"
"Brody Hopkins","TB","SP","8.5","8","0","0","4.53","1.47","4","8","4","1","2","2","1","0","1%"
"Keaton Winn","SF","SP,RP","47.9","42","3","0","4.15","1.30","22","47","15","6","34","2","2","0","5%"
"Spencer Bivens","SF","RP","68.7","52","3","0","4.18","1.34","32","70","22","8","61","0","4","0","0%"
"Jake Bird","NYY","RP","54.6","57","3","0","3.94","1.30","24","48","23","6","52","0","3","0","0%"
"Austin Warren","NYM","RP","40.9","37","3","0","4.31","1.31","20","38","15","5","38","0","2","0","0%"
"Carson Whisenhunt","SF","SP","43.6","34","2","0","4.43","1.38","21","44","16","6","15","7","3","0","0%"
"Hayden Harris","ATL","RP","40.3","45","2","0","3.95","1.30","18","35","18","5","40","0","2","0","0%"
"Jarlin Susana","WSH","SP","9.0","12","1","0","4.48","1.55","5","7","7","1","2","2","1","0","1%"
"Gavin Stone","LAD","SP","27.7","23","2","0","4.32","1.31","13","27","9","4","12","3","1","0","0%"
"Josh Sborz","TEX","RP","47.9","49","2","0","4.14","1.32","22","44","20","6","47","0","3","0","0%"
"Justin Martinez","ARI","RP","20.8","25","1","1","3.28","1.29","8","16","11","1","20","0","1","0","1%"
"Jon Gray","","RP","45.2","40","2","0","4.53","1.33","23","45","15","7","10","8","3","0","0%"
"Caleb Ferguson","CIN","RP","51.8","49","3","0","4.09","1.32","24","49","20","5","54","0","3","0","0%"
"Cooper Criswell","SEA","RP","60.5","50","3","0","4.08","1.30","27","59","19","7","41","3","3","0","0%"
"Caden Dana","LAA","SP","76.8","66","4","0","5.03","1.44","43","76","34","13","14","15","6","0","0%"
"Craig Yoho","MIL","RP","34.2","37","2","0","3.85","1.31","15","29","16","4","34","0","2","0","0%"
"Casey Legumina","TB","RP","48.0","47","3","0","4.16","1.31","22","44","19","6","47","0","3","0","0%"
"Lake Bachar","MIA","RP","51.4","52","3","0","4.31","1.34","25","47","22","7","49","0","3","0","0%"
"Edgardo Henriquez","LAD","RP","42.6","46","2","0","4.22","1.36","20","38","20","5","43","0","2","0","0%"
"Kade Strowd","ARI","RP","35.9","34","2","0","4.14","1.40","17","34","16","4","36","0","2","0","0%"
"Kai-Wei Teng","HOU","SP,RP","49.0","49","3","0","4.34","1.36","24","45","22","6","35","3","3","0","3%"
"Brenan Hanifee","DET","RP","58.4","43","3","0","3.94","1.30","26","59","17","6","55","0","3","0","0%"
"Dauri Moreta","","RP","27.8","34","2","0","3.87","1.23","12","21","13","3","28","0","1","0","0%"
"Blade Tidwell","SF","SP,RP","31.9","28","2","0","4.47","1.39","16","31","13","4","16","3","2","0","0%"
"Luis Medina","ATH","SP,RP","67.2","61","4","0","4.58","1.41","34","64","31","9","36","6","4","0","0%"
"Tyler Alexander","TEX","SP,RP","69.2","58","4","1","4.56","1.28","35","70","19","11","53","2","4","0","4%"
"Mitchell Parker","WSH","SP,RP","47.9","37","3","0","4.59","1.37","24","49","16","7","27","4","3","0","0%"
"Ryan Fernandez","STL","RP","43.8","45","2","0","4.11","1.35","20","40","20","5","42","0","2","0","0%"
"Yohan Ramirez","PIT","RP","51.9","53","3","0","4.13","1.34","24","47","22","5","49","0","3","0","1%"
"Ryan Brasier","TEX","RP","37.0","32","2","0","4.03","1.23","17","34","11","4","37","0","2","0","0%"
"Andrew Alvarez","WSH","SP","69.4","50","3","0","4.44","1.41","34","71","27","8","28","10","4","0","0%"
"JT Brubaker","SF","RP","55.9","46","2","0","4.35","1.35","27","55","21","7","48","0","3","0","0%"
"Yuki Matsui","SD","RP","46.9","47","2","0","4.19","1.33","22","41","21","6","47","0","2","0","0%"
"Michael Kelly","ATH","RP","57.7","49","3","3","4.63","1.41","30","56","25","8","56","0","3","0","0%"
"Tim Hill","NYY","RP","64.1","37","3","0","4.10","1.34","29","67","19","6","64","0","3","0","3%"
"Joel Peguero","SF","RP","42.2","35","2","3","4.49","1.43","21","42","18","5","41","0","2","0","0%"
"Caleb Kilian","SF","SP,RP","35.7","27","2","0","4.37","1.37","17","37","12","4","34","0","2","0","6%"
"Eric Orze","MIN","RP","58.4","59","3","1","4.16","1.35","27","53","26","7","55","0","3","0","0%"
"Jackson Jobe","DET","SP,RP","7.7","6","0","0","4.57","1.41","4","7","4","1","3","1","0","0","1%"
"DJ Herz","WSH","SP","27.4","30","2","0","4.07","1.34","12","23","13","3","19","2","2","0","0%"
"Shane Drohan","MIL","SP,RP","36.7","37","2","0","4.10","1.32","17","33","16","5","23","3","2","0","1%"
"Colin Selby","BAL","RP","38.4","40","2","0","4.00","1.32","17","34","16","4","37","0","2","0","0%"
"Tyler Phillips","MIA","RP","67.1","50","3","2","4.39","1.37","33","69","23","8","59","0","3","0","2%"
"Justin Bruihl","STL","RP","49.5","45","3","0","4.03","1.33","22","47","19","5","50","0","3","0","0%"
"Craig Kimbrel","NYM","RP","18.8","21","1","0","4.15","1.33","9","15","10","3","20","0","1","0","0%"
"Ryan Borucki","SF","RP","42.3","41","2","0","3.93","1.32","18","38","17","5","43","0","2","0","0%"
"Porter Hodge","CHC","RP","32.1","35","2","0","4.11","1.38","15","27","17","4","31","0","2","0","0%"
"Daniel Espino","CLE","SP","18.8","19","1","0","4.26","1.39","9","17","9","3","15","1","1","0","0%"
"Ian Hamilton","ATL","RP","26.2","28","1","0","3.99","1.35","12","23","12","3","25","0","1","0","0%"
"Marcus Stroman","","SP","59.0","43","4","0","4.53","1.43","30","61","24","6","13","11","4","0","0%"
"Chase Petty","CIN","SP","43.0","33","2","0","5.13","1.51","25","46","19","7","26","4","3","0","1%"
"Jason Foley","SF","RP","22.2","18","1","0","3.59","1.25","9","22","6","2","23","0","1","0","0%"
"Justin Wilson","","RP","33.5","35","2","0","3.91","1.27","15","30","12","4","34","0","2","0","0%"
"Carlos Vargas","SEA","RP","55.8","43","3","0","4.10","1.33","25","55","20","6","55","0","3","0","0%"
"Hayden Wesneski","HOU","SP","25.7","24","2","0","4.20","1.24","12","24","8","4","17","2","1","0","0%"
"Lucas Braun","ATL","SP","7.8","7","1","0","4.05","1.22","4","7","3","1","2","2","0","0","0%"
"Sam Moll","CIN","RP","46.0","45","2","0","4.21","1.35","21","42","20","5","48","0","2","0","0%"
"Coleman Crow","MIL","SP","19.3","20","1","0","3.73","1.20","8","17","6","2","16","1","1","0","1%"
"Brent Suter","LAA","SP,RP","63.5","50","3","0","4.39","1.32","31","65","19","9","59","0","3","0","0%"
"Daniel Lynch","KC","RP","59.1","45","3","0","4.36","1.34","29","60","19","8","53","0","3","0","3%"
"Andrew Hoffmann","ARI","RP","51.7","47","3","0","4.28","1.37","25","51","20","6","47","0","3","0","0%"
"Bailey Falter","KC","SP","69.3","50","4","0","4.68","1.35","36","70","23","11","41","5","4","0","0%"
"Yariel Rodriguez","TOR","RP","31.2","30","1","0","4.09","1.34","14","27","15","4","30","0","2","0","0%"
"Andrew Chafin","","RP","35.8","39","2","0","4.09","1.39","16","32","18","4","37","0","2","0","0%"
"Cionel Perez","","RP","53.1","45","2","2","4.37","1.49","26","51","28","5","53","0","2","0","0%"
"Matt Pushard","STL","RP","51.0","45","3","0","4.24","1.35","24","49","20","7","49","0","3","0","0%"
"Jose Fermin","LAA","RP","37.4","40","2","0","4.37","1.37","18","33","19","6","38","0","2","0","0%"
"Alex Lange","KC","RP","46.7","49","3","0","4.07","1.41","21","41","25","4","47","0","2","0","0%"
"Luis Perales","WSH","SP,RP","19.8","20","1","0","4.24","1.41","9","18","10","2","18","0","1","0","0%"
"Nick Raquet","BAL","RP","28.5","23","2","0","4.30","1.37","14","29","10","3","27","0","2","0","0%"
"Zack Kelly","BOS","SP,RP","54.9","53","3","0","4.33","1.38","26","50","26","7","52","0","3","0","0%"
"Ron Marinaccio","SD","RP","39.7","39","2","0","4.36","1.35","19","36","18","5","38","0","2","0","0%"
"Brady Basso","ATH","RP","32.4","29","2","0","4.16","1.31","15","31","11","4","29","0","1","0","0%"
"Kyle Hurt","LAD","RP","39.3","42","2","0","4.27","1.38","19","36","18","5","21","4","2","0","1%"
"Connor Prielipp","MIN","SP","46.8","44","2","0","4.16","1.35","22","45","18","5","30","4","2","0","12%"
"Kohl Drake","ARI","SP","15.6","13","1","0","4.51","1.39","8","16","6","2","4","3","1","0","0%"
"Chris Murphy","CWS","RP","50.9","46","2","0","4.29","1.39","24","47","24","6","44","0","3","0","0%"
"Jaden Hill","COL","RP","37.7","38","2","0","4.35","1.36","18","37","15","4","37","0","2","0","1%"
"Bryan Hudson","CWS","RP","33.4","33","2","0","3.92","1.31","15","29","14","4","32","0","2","0","1%"
"Nate Pearson","HOU","RP","45.2","45","2","0","4.39","1.36","22","41","20","6","43","0","2","0","0%"
"Mitch Bratt","ARI","SP","13.6","10","1","0","4.38","1.29","7","14","3","2","4","3","1","0","0%"
"Keider Montero","DET","SP,RP","53.8","45","3","0","4.53","1.35","27","54","19","8","26","4","3","0","10%"
"Gordon Graceffo","STL","RP","52.5","42","2","0","4.37","1.35","26","54","17","6","44","0","3","0","0%"
"Tyler Ferguson","CHC","RP","47.1","47","2","0","4.27","1.38","22","42","23","5","46","0","3","0","0%"
"Kyle Hart","SD","SP,RP","43.7","38","2","0","4.40","1.33","21","42","16","6","36","1","2","0","0%"
"Ryan Watson","BOS","SP,RP","28.2","24","2","0","4.33","1.35","14","28","10","3","28","0","1","0","0%"
"Brandyn Garcia","ARI","RP","42.7","38","2","0","4.16","1.44","20","42","20","4","42","0","3","0","0%"
"Jackson Rutledge","PHI","SP,RP","45.7","39","2","1","4.74","1.40","24","45","19","7","42","0","2","0","0%"
"Chase Lee","TOR","RP","25.6","25","1","0","4.03","1.26","11","24","8","4","24","0","1","0","0%"
"Joe Jimenez","ATL","RP","22.1","26","1","0","3.68","1.17","9","19","7","2","22","0","1","0","0%"
"Josh Simpson","SEA","RP","23.2","24","1","0","4.16","1.39","11","20","12","3","24","0","1","0","0%"
"Brennan Bernardino","COL","SP,RP","55.7","50","3","0","4.50","1.45","28","56","25","6","57","0","3","0","0%"
"Gregory Santos","SF","RP","31.5","28","2","0","3.90","1.39","14","30","13","2","30","0","1","0","0%"
"Triston McKenzie","SD","SP,RP","9.7","9","1","0","4.82","1.44","5","9","5","2","9","0","1","0","0%"
"Dylan Dodd","ATL","RP","40.3","35","2","0","4.20","1.28","19","41","11","6","37","0","2","0","0%"
"Cody Laweryson","MIN","RP","39.2","34","2","0","4.37","1.34","19","39","14","5","36","0","2","0","0%"
"Tommy Kahnle","BOS","RP","43.2","38","2","1","4.44","1.42","21","41","21","5","45","0","2","0","0%"
"Ryan Lambert","NYM","RP","27.9","32","1","0","4.06","1.35","13","23","14","3","28","0","2","0","0%"
"Yosver Zulueta","SEA","RP","30.7","32","2","0","3.81","1.33","13","26","15","3","29","0","1","0","0%"
"Luke Jackson","","RP","38.9","35","2","3","4.44","1.40","19","36","18","4","38","0","3","0","0%"
"Mike Clevinger","PIT","RP","38.0","30","2","0","4.72","1.40","20","39","14","6","34","1","2","0","0%"
"Yaramil Hiraldo","BAL","RP","34.0","36","2","0","4.13","1.26","16","31","12","5","33","0","1","0","0%"
"Codi Heuer","CLE","RP","24.7","25","1","0","3.92","1.30","11","22","9","3","22","0","1","0","0%"
"Griff McGarry","LAD","SP","25.8","29","1","0","4.24","1.44","12","21","16","3","22","0","1","0","0%"
"Ryan Gusto","MIA","SP,RP","45.4","39","2","0","4.55","1.37","23","46","16","6","27","4","3","0","0%"
"Travis Sykora","WSH","SP","16.5","17","1","0","4.91","1.58","9","16","11","2","16","1","1","0","1%"
"Rico Garcia","BAL","RP","51.5","53","2","0","4.44","1.36","25","47","23","8","49","0","2","0","33%"
"Garrett Hawkins","SD","RP","25.8","26","2","0","4.17","1.32","12","23","11","4","26","0","2","0","0%"
"Travis Adams","MIN","SP,RP","52.4","42","3","0","4.58","1.38","27","54","19","7","35","2","3","0","0%"
"Ty Johnson","TB","SP,RP","11.5","12","1","0","4.09","1.25","5","10","4","1","2","2","1","0","0%"
"Steven Cruz","KC","RP","40.9","37","2","0","4.19","1.34","19","37","18","4","41","0","2","0","0%"
"Richard Lovelady","WSH","RP","34.6","31","2","0","4.09","1.29","16","33","12","4","34","0","2","0","0%"
"Justin Hagenman","NYM","RP","22.3","20","1","0","4.13","1.22","10","22","6","3","19","0","1","0","0%"
"Martin Perez","ATL","SP","26.2","20","1","0","4.62","1.40","13","27","10","3","5","5","1","0","10%"
"Easton McGee","MIL","RP","34.0","29","2","0","4.08","1.28","15","33","11","4","31","0","1","0","0%"
"Brandan Bidois","PIT","RP","48.1","45","2","0","4.51","1.43","24","45","24","6","46","0","3","0","0%"
"Anthony Nunez","BAL","RP","21.4","23","2","0","3.92","1.30","9","19","9","2","21","0","1","0","2%"
"Tanner Gordon","COL","SP,RP","53.4","39","2","0","5.30","1.42","31","63","13","10","21","7","4","0","0%"
"Luke Little","CHC","RP","21.0","24","1","0","3.67","1.38","9","16","13","2","22","0","1","0","0%"
"Tristan Beck","SF","RP","28.1","24","1","0","4.09","1.27","13","27","9","3","22","0","1","0","0%"
"Ronel Blanco","HOU","SP","20.7","21","1","0","4.26","1.30","10","18","8","3","10","2","1","0","0%"
"Evan Sisk","PIT","RP","36.5","36","2","0","3.89","1.36","16","34","16","3","37","0","2","0","0%"
"Kyle Backhus","PHI","RP","45.5","44","2","0","4.32","1.35","22","43","19","6","47","0","3","0","0%"
"Juan Morillo","ARI","RP","45.8","42","2","0","4.31","1.48","22","44","24","5","47","0","2","0","9%"
"Konnor Pilkington","DET","RP","18.2","19","1","0","4.50","1.46","9","16","11","2","19","0","1","0","0%"
"Andrew Walters","CLE","RP","30.6","36","2","0","4.10","1.34","14","25","15","4","31","0","2","0","0%"
"Connor Brogdon","CLE","RP","50.6","51","2","0","4.52","1.35","25","48","21","8","49","0","3","0","0%"
"Ethan Roberts","CHC","RP","35.9","36","2","0","4.28","1.33","17","33","15","5","35","0","2","0","0%"
"Bobby Miller","LAD","SP","21.0","19","1","0","4.64","1.41","11","20","10","3","17","0","1","0","0%"
"Colton Gordon","HOU","SP,RP","30.3","25","1","0","4.41","1.30","15","31","9","5","22","1","1","0","0%"
"Nestor Cortes Jr.","","SP","32.4","29","2","0","4.49","1.28","16","31","11","6","6","6","2","0","0%"
"Grant Wolfram","BAL","RP","41.7","40","2","0","4.16","1.38","19","39","18","5","40","0","2","0","0%"
"Ethan Pecko","HOU","SP","10.9","10","1","0","4.13","1.38","5","10","6","2","3","3","1","0","0%"
"James McArthur","KC","RP","25.0","23","1","0","4.18","1.30","12","25","8","3","24","0","1","0","0%"
"Gunnar Hoglund","ATH","SP","44.8","34","2","0","4.90","1.36","24","47","14","8","22","5","3","0","0%"
"Steven Wilson","TB","RP","44.3","43","2","0","4.67","1.34","23","40","20","7","45","0","2","0","0%"
"Manuel Rodriguez","TB","RP","15.3","14","1","0","3.70","1.24","6","14","5","1","15","0","1","0","0%"
"Zak Kent","WSH","RP","45.3","44","2","0","4.28","1.39","22","42","21","5","42","0","2","0","0%"
"Andrew Morris","MIN","SP,RP","20.9","17","1","0","4.21","1.29","10","21","6","3","18","0","1","0","0%"
"Ryan Feltner","COL","SP","107.4","86","4","0","5.16","1.51","62","116","46","15","26","19","7","0","0%"
"Miguel Ullola","HOU","SP,RP","10.8","12","1","0","3.94","1.32","5","8","6","1","9","0","1","0","0%"
"Luis Gastelum","STL","RP","23.5","22","1","0","3.94","1.28","10","22","8","3","23","0","1","0","0%"
"Cristian Mena","ARI","SP,RP","19.5","18","1","0","4.17","1.34","9","19","8","2","12","2","1","0","0%"
"Tink Hence","STL","SP","13.9","13","1","0","4.18","1.36","6","13","6","2","5","2","1","0","0%"
"Zach Maxwell","CIN","RP","36.6","38","2","0","4.63","1.48","19","33","21","5","35","0","2","0","0%"
"David Davalillo","TEX","SP","16.3","15","1","0","3.86","1.23","7","14","7","2","4","4","1","1","0%"
"Dylan Smith","SF","RP","22.5","20","1","0","4.14","1.34","10","21","10","3","20","0","1","0","0%"
"Jason Alexander","HOU","SP,RP","44.2","34","2","0","4.63","1.40","23","46","16","6","20","5","2","0","0%"
"Yerry De los Santos","NYY","RP","37.4","30","2","0","4.13","1.35","17","36","14","4","35","0","2","0","0%"
"Ben Hess","NYY","SP","9.3","8","1","0","4.34","1.39","5","9","5","2","2","2","1","0","0%"
"Drew Thorpe","CWS","SP","41.3","32","2","0","4.73","1.37","22","42","15","6","9","7","3","0","0%"
"Reiver Sanmartin","SF","RP","24.2","18","1","0","4.10","1.37","11","25","8","2","23","0","1","0","0%"
"Karson Milbrandt","MIA","SP","11.8","10","0","0","4.67","1.50","6","12","6","2","12","0","1","0","0%"
"Nick Sandlin","DET","RP","40.1","41","2","0","4.37","1.33","19","35","18","6","41","0","2","0","0%"
"John Brebbia","MIN","RP","33.8","33","2","0","5.00","1.41","19","35","12","6","34","0","2","0","0%"
"Kervin Castro","NYY","RP","28.7","27","2","0","4.32","1.35","14","26","13","3","28","0","2","0","0%"
"Bowden Francis","TOR","SP","22.0","20","1","0","4.51","1.28","11","21","8","5","5","5","1","0","0%"
"Philip Abner","ARI","RP","27.9","26","1","0","4.23","1.36","13","27","11","3","29","0","1","0","0%"
"Luis Mey","CIN","RP","33.9","32","2","0","4.63","1.54","17","31","21","4","34","0","2","0","0%"
"Jose Corniell","TEX","SP,RP","19.4","18","1","0","3.66","1.17","8","16","6","2","15","0","1","0","0%"
"Emiliano Teodo","TEX","RP","15.9","16","1","0","4.63","1.54","8","14","11","2","16","0","1","0","0%"
"Kyle Nicolas","CIN","RP","39.0","40","2","0","4.28","1.41","19","36","19","5","37","0","2","0","0%"
"Kendry Rojas","MIN","SP","33.0","29","2","0","4.29","1.39","16","33","13","4","26","2","2","0","1%"
"Peyton Gray","TEX","RP","26.8","26","2","0","4.23","1.31","13","25","10","4","26","0","2","0","0%"
"Tony Gonsolin","","SP","16.4","16","1","0","4.65","1.35","8","15","7","3","3","3","1","0","0%"
"Tyler Gilbert","CWS","SP,RP","41.1","37","2","0","4.41","1.35","20","40","16","6","39","0","2","0","0%"
"Hunter Stratton","ATL","RP","23.5","22","1","0","4.19","1.31","11","22","8","3","23","0","1","0","0%"
"Michael Fulmer","SF","RP","13.6","14","1","0","4.04","1.30","6","12","6","2","13","0","1","0","0%"
"George Soriano","STL","RP","47.1","44","2","0","4.42","1.36","23","45","19","6","42","0","2","0","2%"
"Roddery Munoz","HOU","RP","51.5","52","3","0","4.61","1.39","26","47","24","8","44","0","3","0","0%"
"Kaleb Ort","LAA","RP","40.9","42","2","0","4.76","1.41","22","37","21","7","40","0","2","0","0%"
"Peyton Pallette","CLE","RP","45.5","44","2","0","4.52","1.38","23","43","20","6","43","0","2","0","0%"
"Zach McCambley","MIA","SP,RP","28.8","29","1","0","4.41","1.35","14","27","12","4","27","0","1","0","0%"
"Chad Green","","RP","31.9","28","2","0","4.55","1.32","16","32","11","5","32","0","2","0","0%"
"Paxton Schultz","WSH","RP","38.4","35","2","0","4.44","1.36","19","37","15","5","34","0","2","0","0%"
"Spencer Miles","TOR","SP,RP","21.3","20","1","0","4.42","1.36","10","20","9","3","21","0","1","0","1%"
"Carlos Rodriguez","MIL","RP","31.5","29","1","0","4.37","1.31","15","29","13","5","24","2","2","0","0%"
"RJ Petit","COL","RP","21.0","20","1","0","4.08","1.39","10","20","9","2","21","0","2","0","0%"
"Troy Taylor","SEA","RP","23.4","22","1","0","4.40","1.41","11","22","11","3","24","0","1","0","0%"
"Daysbel Hernandez","ATL","RP","27.6","29","1","0","4.32","1.44","13","24","16","3","27","0","2","0","0%"
"J.P. France","HOU","SP,RP","15.6","13","1","0","4.70","1.53","8","15","9","2","6","2","1","0","0%"
"Eduarniel Nunez","BAL","RP","36.4","37","2","0","4.43","1.48","18","33","21","4","35","0","2","0","0%"
"Jesse Scholtens","TB","SP,RP","32.4","29","1","0","4.41","1.32","16","32","11","5","27","0","2","0","4%"
"Michael Tonkin","","RP","25.9","24","1","0","4.74","1.32","14","25","10","4","20","0","1","0","0%"
"Beau Brieske","DET","RP","44.7","39","2","0","4.55","1.38","23","42","19","6","42","0","2","0","0%"
"Max Lazar","PHI","RP","34.3","27","2","0","4.40","1.32","17","34","11","5","32","0","2","0","0%"
"Brycen Mautz","STL","SP","15.9","14","1","0","4.20","1.32","7","15","5","2","14","0","1","0","0%"
"Joe Mantiply","TOR","RP","13.6","12","1","0","4.20","1.29","6","14","4","2","14","0","1","0","0%"
"Sammy Peralta","COL","RP","14.8","13","1","0","4.34","1.31","7","14","5","2","12","0","1","0","0%"
"John King","MIA","RP","50.0","32","2","0","4.12","1.39","23","55","15","5","49","0","2","0","1%"
"John Klein","MIN","SP,RP","32.4","28","2","0","4.64","1.36","17","32","12","4","25","2","2","0","0%"
"Grant Holman","PHI","RP","17.9","15","1","0","4.36","1.38","9","17","7","2","18","0","1","0","0%"
"Jedixson Paez","BOS","SP","44.8","35","2","0","4.42","1.32","22","46","13","6","41","0","2","0","0%"
"Nick Burdi","","RP","12.1","14","1","0","3.55","1.33","5","9","7","1","12","0","1","0","0%"
"Robinson Ortiz","SEA","SP,RP","28.7","27","2","0","4.17","1.40","13","25","15","3","29","0","2","0","0%"
"Jhony Brito","SD","RP","18.8","15","1","0","4.22","1.32","9","19","6","2","17","0","1","0","0%"
"Franco Aleman","CLE","RP","19.3","22","1","0","4.16","1.38","9","17","10","2","19","0","1","0","0%"
"Trent Thornton","CHC","RP","24.6","21","1","0","4.27","1.29","12","24","8","3","23","0","1","0","0%"
"Albert Suarez","BAL","SP,RP","21.5","18","1","0","4.57","1.36","11","22","7","3","18","0","1","0","0%"
"Zach Pop","PHI","RP","31.0","25","2","0","4.53","1.40","16","32","12","4","32","0","2","0","0%"
"Dylan Ross","NYM","RP","25.9","28","1","0","4.00","1.36","11","22","13","3","26","0","1","0","0%"
"Jose Castillo","","RP","21.0","22","2","0","3.64","1.31","9","19","9","2","19","0","1","0","0%"
"Joey Lucchesi","LAA","RP","29.2","22","1","0","4.27","1.39","14","29","11","3","26","0","1","0","0%"
"Luis Curvelo","TEX","RP","40.2","36","2","0","4.52","1.35","20","37","17","6","39","0","2","0","0%"
"Ty Adcock","SD","RP","24.8","23","1","0","4.47","1.34","12","24","10","4","24","0","1","0","0%"
"Alex Carrillo","NYM","RP","20.9","23","1","0","4.34","1.36","10","18","11","3","19","0","1","0","0%"
"Jorge Lopez","","RP","26.7","22","1","0","4.62","1.35","14","27","9","4","27","0","1","0","0%"
"Michel Otanez","TEX","RP","17.9","22","1","0","4.23","1.44","8","15","11","2","18","0","1","0","0%"
"Bailey Horn","DET","RP","30.4","28","2","0","4.37","1.43","15","29","15","4","30","0","2","0","0%"
"Tim Mayza","PHI","RP","34.4","29","2","0","4.14","1.35","16","35","12","4","35","0","1","0","0%"
"Lazaro Estrada","TOR","SP,RP","23.9","21","1","0","4.58","1.29","12","23","8","4","21","0","1","0","0%"
"Paul Gervase","LAD","RP","26.0","28","2","0","4.57","1.38","13","23","13","4","25","0","1","0","0%"
"Sean Guenther","DET","RP","15.8","12","1","0","3.87","1.30","7","15","5","2","15","0","1","0","0%"
"Pedro Avila","CLE","RP","22.8","21","1","0","4.50","1.41","11","22","10","2","18","0","1","0","0%"
"Chase Shugart","PHI","RP","35.0","29","2","0","4.58","1.38","18","34","14","5","32","0","2","0","0%"
"Danny Young","ATL","RP","16.4","17","1","0","3.89","1.34","7","14","7","2","17","0","1","0","0%"
"Evan Reifert","TB","RP","10.2","11","1","0","4.07","1.38","5","9","5","1","10","0","1","0","0%"
"Jhancarlos Lara","ATL","SP,RP","12.2","14","1","0","4.33","1.47","6","11","7","1","12","0","1","0","0%"
"Wikelman Gonzalez","CWS","SP,RP","42.7","42","2","0","4.73","1.50","22","38","26","5","39","0","2","0","0%"
"Keegan Thompson","COL","RP","47.3","46","2","0","4.76","1.43","25","47","21","7","42","0","3","0","0%"
"Trevor Stephan","CLE","RP","17.0","16","1","0","4.32","1.33","8","16","7","2","17","0","1","0","0%"
"Derek Law","ARI","RP","19.1","16","1","0","4.28","1.36","9","19","7","2","19","0","1","0","0%"
"Mason Barnett","ATH","SP","29.2","25","1","0","4.81","1.43","16","29","12","4","18","3","1","0","0%"
"Chris Roycroft","STL","RP","45.5","37","2","0","4.39","1.46","22","45","21","5","43","0","3","0","0%"
"Peter Lambert","HOU","SP,RP","14.7","14","1","0","4.49","1.37","7","14","6","2","12","0","1","0","23%"
"James Karinchak","ATL","RP","25.5","30","1","0","4.33","1.39","12","21","14","4","25","0","1","0","0%"
"Tyler Samaniego","BOS","RP","25.9","22","2","0","4.39","1.42","13","26","11","3","25","0","2","0","0%"
"Kolby Allard","CLE","SP,RP","22.9","17","1","0","4.60","1.37","12","24","7","3","19","0","1","0","0%"
"Colin Poche","","RP","17.7","16","1","0","4.67","1.41","9","16","9","3","19","0","1","0","0%"
"Alek Jacob","SD","RP","32.4","29","1","0","4.82","1.42","17","32","14","5","30","0","2","0","0%"
"Cade Winquest","STL","SP","30.7","25","1","0","4.71","1.40","16","31","12","4","28","0","2","0","0%"
"Scott Alexander","","RP","25.7","17","1","0","4.37","1.38","12","27","9","3","29","0","2","0","0%"
"Domingo Gonzalez","SEA","RP","17.2","16","1","0","4.37","1.37","8","16","8","2","17","0","1","0","0%"
"Josh Walker","BAL","RP","30.1","33","2","0","4.79","1.46","16","28","16","5","26","0","2","0","0%"
"Cameron Foster","BAL","RP","25.9","23","2","0","4.52","1.39","13","26","10","4","25","0","2","0","0%"
"Brandon Walter","HOU","SP","5.6","5","0","0","3.98","1.12","2","5","1","1","1","1","0","0","0%"
"Riley Martin","CHC","RP","17.9","19","1","0","4.04","1.42","8","16","10","2","17","0","1","0","0%"
"Carson Seymour","SF","SP,RP","29.1","25","2","0","4.32","1.40","14","30","11","4","16","2","2","0","0%"
"Joel Kuhnel","ATH","RP","11.0","8","1","0","4.10","1.34","5","12","3","1","11","0","1","0","7%"
"Brandon Waddell","NYM","RP","16.4","14","1","0","4.80","1.44","9","17","7","3","7","0","1","0","0%"
"Joey Gerber","NYM","SP,RP","14.9","15","1","0","4.54","1.32","8","14","6","2","13","0","0","0","0%"
"Mason Black","KC","SP,RP","48.2","39","2","0","4.92","1.46","26","49","21","7","31","3","3","0","0%"
"AJ Smith-Shawver","ATL","SP","9.9","10","0","0","4.08","1.30","4","9","4","1","7","1","0","0","1%"
"Drew Sommers","DET","RP","19.8","17","1","0","3.92","1.36","9","19","8","2","20","0","1","0","0%"
"David Sandlin","CWS","SP,RP","19.7","17","1","0","4.46","1.33","10","19","7","3","20","0","1","0","0%"
"Cam Booser","TB","RP","18.0","20","1","0","4.41","1.42","9","17","9","3","19","0","1","0","0%"
"Taylor Rashi","ARI","RP","19.7","19","1","0","4.51","1.47","10","18","11","2","12","0","1","0","0%"
"Osvaldo Bido","CWS","SP,RP","20.9","19","1","0","4.66","1.39","11","20","9","3","15","0","1","0","0%"
"Austin Peterson","CLE","SP","29.3","21","1","0","4.66","1.31","15","31","8","5","15","3","2","0","0%"
"Cole Wilcox","SEA","RP","21.8","17","1","0","4.35","1.35","11","21","8","3","20","0","1","0","0%"
"Jonathan Pintaro","NYM","SP,RP","22.9","22","1","0","4.03","1.37","10","21","10","2","19","2","1","0","0%"
"Ryan Harbin","","RP","23.1","22","1","0","4.61","1.55","12","22","14","3","23","0","1","0","0%"
"Angel Bastardo","BOS","SP","16.7","16","1","0","4.30","1.38","8","15","8","2","13","1","1","0","0%"
"Ryan Burr","","SP,RP","11.0","16","1","0","3.68","1.23","5","9","5","1","12","0","1","0","0%"
"Rafael Montero","NYY","RP","29.7","28","1","0","4.45","1.40","15","27","15","4","30","0","1","0","0%"
"Tyson Neighbors","BAL","RP","16.8","17","1","0","4.22","1.32","8","14","8","2","17","0","1","0","0%"
"Tate Kuehner","MIL","SP","11.4","10","1","0","4.35","1.41","5","10","6","1","11","0","1","0","0%"
"Michael Grove","TB","RP","17.4","19","1","0","4.15","1.24","8","16","6","3","12","1","1","0","0%"
"John Rooney","TB","RP","17.5","21","1","0","3.85","1.37","8","14","11","2","13","0","1","0","0%"
"Brandon Young","BAL","SP","24.3","21","1","0","4.41","1.33","12","25","8","4","18","2","1","0","3%"
"Josh Winckowski","TOR","RP","18.1","16","1","0","3.73","1.27","8","18","6","2","12","1","1","0","0%"
"Jake Bennett","BOS","SP","19.6","15","1","0","4.58","1.38","10","20","7","2","18","0","1","0","1%"
"Michael Petersen","MIA","RP","37.1","36","2","0","4.39","1.35","18","35","15","5","36","0","2","0","0%"
"Tayler Saucedo","LAA","RP","24.5","22","1","0","4.33","1.43","12","24","11","3","25","0","1","0","0%"
"Joe Rock","CWS","SP,RP","19.0","15","1","0","4.41","1.35","9","19","6","3","11","2","1","0","0%"
"Nick Anderson","ATH","RP","41.0","37","2","1","4.68","1.40","21","41","16","7","40","0","2","0","0%"
"Angel Perdomo","","RP","7.7","9","0","0","4.61","1.40","4","6","4","1","7","0","0","0","0%"
"Angel Chivilli","NYY","RP","27.1","24","1","0","4.59","1.37","14","27","10","4","25","0","1","0","0%"
"Shane Murphy","CWS","RP","18.2","13","1","0","4.58","1.31","9","19","5","3","17","0","1","0","0%"
"Shawn Dubin","","RP","21.6","20","1","0","4.32","1.40","10","21","9","2","17","0","1","0","0%"
"Miguel Castro","LAA","RP","12.7","11","1","0","4.65","1.38","7","12","6","2","13","0","1","0","0%"
"Scott Effross","DET","RP","15.5","11","1","0","4.43","1.40","8","17","5","1","16","0","1","0","0%"
"Roansy Contreras","","SP,RP","33.4","24","2","0","4.98","1.47","19","35","14","6","22","1","2","0","0%"
"Nolan Hoffman","PHI","SP,RP","15.3","15","1","0","4.42","1.44","8","15","8","2","15","0","1","0","0%"
"Ronan Kopp","LAD","SP,RP","15.6","17","1","0","4.30","1.47","7","13","10","2","15","0","1","0","0%"
"Jorge Alcala","","RP","18.9","19","1","0","4.85","1.35","10","18","8","4","18","0","1","0","0%"
"Garrett Acton","MIN","RP","20.0","20","1","0","4.55","1.35","10","18","9","3","20","0","1","0","0%"
"Duncan Davitt","CWS","SP","21.0","17","1","0","4.58","1.35","11","22","7","3","19","0","1","0","0%"
"Ty Madden","DET","RP","20.9","19","1","0","4.60","1.38","11","20","9","3","13","2","1","0","1%"
"Jose Espada","BAL","RP","15.8","17","1","0","4.48","1.36","8","14","8","2","14","0","1","0","0%"
"Trent Harris","SF","RP","7.5","7","0","0","4.44","1.31","4","7","3","1","8","0","0","0","0%"
"A.J. Causey","ATH","RP","12.1","10","1","0","4.40","1.38","6","12","5","2","12","0","1","0","0%"
"Daniel Robert","PHI","RP","9.1","10","0","0","4.27","1.28","4","8","4","1","10","0","0","0","0%"
"Marc Church","TEX","RP","26.0","25","1","0","4.98","1.59","14","25","16","3","26","0","2","0","0%"
"Riley Gowens","CWS","SP","11.8","11","1","0","4.72","1.34","6","12","4","2","12","0","1","0","0%"
"Jayden Murray","HOU","RP","26.1","22","1","0","4.49","1.40","13","25","11","4","25","0","1","0","0%"
"Packy Naughton","STL","SP,RP","14.0","13","1","0","4.27","1.35","7","14","5","2","14","0","1","0","0%"
"Jake Bloss","TOR","SP","16.0","13","1","0","4.62","1.41","8","16","7","2","14","0","1","0","0%"
"Eli Morgan","KC","RP","32.0","27","2","0","4.68","1.36","17","31","12","5","30","0","2","0","0%"
"Wilber Dotel","PIT","SP","13.4","11","1","0","4.65","1.40","7","13","5","2","12","0","1","0","0%"
"Sauryn Lao","","RP","7.2","6","0","0","3.94","1.29","3","7","3","1","5","0","0","0","0%"
"Collin Snider","CHC","RP","11.9","10","1","0","4.54","1.37","6","12","4","2","12","0","1","0","0%"
"Winston Santos","TEX","SP","16.6","20","1","0","4.33","1.38","8","15","8","3","4","4","1","0","0%"
"Francis Pena","SD","RP","9.0","7","1","0","4.44","1.48","4","9","4","1","9","0","1","0","0%"
"Welinton Herrera","COL","RP","24.0","24","1","0","4.45","1.43","12","24","11","3","24","0","2","0","0%"
"Yilber Diaz","ARI","RP","19.9","19","1","0","4.71","1.50","10","19","11","3","17","0","1","0","0%"
"Prelander Berroa","CWS","RP","29.2","30","1","0","4.59","1.50","15","26","17","4","28","0","2","0","0%"
"Alan Rangel","PHI","SP,RP","23.0","19","1","0","4.74","1.36","12","23","8","4","14","2","1","0","0%"
"Jose Franco","CIN","SP,RP","14.6","14","1","0","4.77","1.40","8","14","6","2","14","0","1","0","0%"
"Easton Lucas","","SP,RP","22.9","22","1","0","4.32","1.40","11","21","11","3","12","1","2","0","1%"
"Henry Baez","ATH","SP","13.1","10","1","0","4.32","1.41","6","13","5","1","11","0","0","0","0%"
"Kyle Wright","CHC","SP","14.7","13","1","0","4.64","1.40","8","14","6","2","6","1","1","0","0%"
"Julian Merryweather","MIN","RP","13.5","14","1","0","4.24","1.39","6","12","7","2","13","0","1","0","0%"
"Mitch Spence","KC","SP,RP","30.0","24","1","0","4.54","1.36","15","32","9","4","25","1","2","0","0%"
"Carlos Hernandez","CLE","RP","22.6","23","1","0","4.39","1.36","11","21","10","3","22","0","1","0","0%"
"Gavin Hollowell","CHC","RP","23.0","23","1","0","4.43","1.40","11","21","12","3","22","0","1","0","0%"
"Tyler Uberstine","BOS","SP","11.8","10","1","0","4.63","1.38","6","12","4","2","4","2","1","0","0%"
"Jack Neely","CHC","RP","17.0","18","1","0","4.59","1.45","9","15","9","2","17","0","1","0","0%"
"Chris Devenski","PIT","RP","19.4","16","1","0","4.56","1.32","10","19","6","3","18","0","1","0","0%"
"Jeff Criswell","COL","RP","12.6","12","1","0","4.77","1.47","7","13","6","2","12","0","1","0","0%"
"Christian Roa","CHC","RP","33.1","31","2","0","4.43","1.44","16","30","17","4","32","0","2","0","0%"
"Joey Estes","ATH","SP","28.6","21","1","0","4.90","1.29","16","29","8","5","23","1","2","0","0%"
"Tom Cosgrove","HOU","RP","13.2","12","1","0","4.46","1.40","7","12","7","2","13","0","1","0","0%"
"Robert Stock","NYM","SP,RP","19.0","21","1","0","4.27","1.45","9","17","11","3","13","1","1","0","0%"
"Kevin Herget","NYM","RP","9.2","8","1","0","4.40","1.23","4","9","3","2","5","0","0","0","0%"
"Randy Dobnak","SEA","RP","12.1","9","1","0","4.48","1.42","6","12","5","1","9","0","1","0","0%"
"Tyler Mattison","DET","RP","12.8","12","1","0","4.80","1.57","7","12","8","2","13","0","1","0","0%"
"Jake Miller","CLE","SP","9.6","7","1","0","4.56","1.41","5","10","4","1","9","0","1","0","0%"
"Jake Woodford","MIL","RP","19.2","15","1","0","5.17","1.54","11","21","9","3","11","1","1","0","0%"
"Chen Zhong-Ao Zhuang","ATH","SP","7.7","6","0","0","4.64","1.28","4","8","2","1","8","0","0","0","0%"
"Orlando Ribalta","WSH","RP","46.6","44","2","0","4.84","1.48","25","45","24","7","46","0","2","0","0%"
"Juan Burgos","ARI","RP","23.7","20","1","0","4.49","1.43","12","23","10","3","24","0","1","0","0%"
"Seth Martinez","BOS","RP","14.6","12","1","0","4.56","1.37","7","14","6","2","14","0","1","0","0%"
"Dax Fulton","MIA","SP","22.4","19","1","0","4.42","1.45","11","22","11","2","18","1","1","0","0%"
"Bryan Hoeing","SD","RP","6.1","5","0","0","4.50","1.36","3","6","2","1","5","0","0","0","0%"
"Isaiah Campbell","ARI","RP","14.1","10","1","0","4.69","1.41","7","15","5","2","13","0","1","0","0%"
"Daison Acosta","SD","RP","12.6","14","1","0","4.17","1.38","6","11","7","2","12","0","0","0","0%"
"Corbin Martin","CHC","RP","9.8","9","1","0","4.60","1.45","5","9","5","1","10","0","1","0","0%"
"Adam Macko","TOR","SP,RP","14.1","13","1","0","4.53","1.40","7","13","6","2","12","1","1","0","0%"
"Austin Love","STL","SP","21.7","18","1","0","4.68","1.44","11","21","10","3","21","0","1","0","0%"
"Julian Aguiar","CIN","SP","31.6","23","1","0","4.86","1.36","17","33","10","5","24","2","2","0","0%"
"Joe Ross","ARI","RP","27.5","22","1","0","4.50","1.40","14","28","10","3","25","1","1","0","0%"
"Kyle Keller","BOS","RP","19.8","19","1","0","4.96","1.46","11","19","10","3","19","0","1","0","0%"
"Lou Trivino","PHI","RP","22.8","20","1","0","4.58","1.40","12","22","10","3","23","0","1","0","0%"
"Dom Hamel","NYY","SP,RP","23.3","21","1","0","4.73","1.44","12","23","11","4","21","0","1","0","0%"
"Carson Fulmer","PIT","SP,RP","17.8","15","1","0","4.31","1.46","9","18","8","2","10","1","1","0","0%"
"Ryan Loutos","SEA","RP","19.7","17","1","0","4.48","1.42","10","19","9","3","20","0","1","0","0%"
"Ixan Henderson","STL","SP","15.0","13","1","0","3.89","1.36","7","13","8","1","12","1","1","0","0%"
"Alex Faedo","","SP,RP","11.8","12","1","0","4.20","1.27","6","11","5","2","8","1","1","0","0%"
"Jhonathan Diaz","SEA","RP","6.9","5","0","0","4.49","1.34","3","7","2","1","5","1","0","0","0%"
"Tucker Davidson","PHI","RP","7.3","6","0","0","4.45","1.38","4","7","3","1","7","0","0","0","0%"
"Jake Eder","LAD","RP","19.3","16","1","0","4.84","1.42","10","20","8","3","17","0","1","0","0%"
"Eric Cerantola","KC","RP","14.6","15","1","0","4.47","1.46","7","13","8","2","14","0","1","0","0%"
"K.C. Hunt","TB","SP","6.2","5","0","0","4.30","1.31","3","6","2","1","6","0","0","0","0%"
"Jose Urena","","SP,RP","37.7","25","2","0","5.01","1.54","21","41","17","7","12","5","3","0","0%"
"Zach Franklin","CWS","RP","9.5","10","0","0","4.22","1.34","4","9","4","1","9","0","1","0","0%"
"Josh Staumont","CIN","RP","11.3","11","1","0","4.74","1.46","6","10","6","1","11","0","1","0","0%"
"Alex Hoppe","SEA","RP","17.9","17","1","0","4.32","1.45","9","17","9","2","18","0","1","0","0%"
"Josh Fleming","TOR","RP","14.9","8","1","0","4.46","1.43","7","16","5","2","9","0","1","0","0%"
"Jayvien Sandridge","BAL","RP","19.2","22","1","0","4.62","1.53","10","17","12","3","20","0","1","0","0%"
"Sam Benschoter","CIN","RP","14.6","11","1","0","4.74","1.41","8","15","5","2","13","0","1","0","0%"
"Ben Bowden","ATH","RP","12.6","13","1","0","4.66","1.51","7","11","8","2","14","0","1","0","0%"
"Andrew Sears","DET","SP","6.0","5","0","0","4.36","1.37","3","6","2","1","6","0","0","0","0%"
"Scott McGough","","RP","22.1","21","1","0","5.07","1.45","12","22","10","4","19","0","1","0","0%"
"Scott Blewett","STL","RP","22.5","17","1","0","4.82","1.43","12","24","9","3","20","0","1","0","0%"
"Genesis Cabrera","PHI","RP","21.7","20","1","0","4.62","1.40","11","21","10","3","21","0","1","0","0%"
"Nabil Crismatt","TEX","SP,RP","20.5","16","1","0","5.05","1.44","12","23","7","5","11","1","1","0","3%"
"Doug Nikhazy","CHC","SP,RP","28.5","25","1","0","4.74","1.48","15","28","14","4","20","2","2","0","0%"
"Caleb Boushley","","RP","25.9","19","2","0","4.52","1.39","13","28","9","4","15","1","1","0","0%"
"Mitch Farris","LAA","SP,RP","20.2","19","1","0","4.99","1.49","11","20","10","3","4","4","2","0","0%"
"Tyler Schweitzer","CWS","SP,RP","13.8","10","1","0","4.73","1.43","7","15","5","2","14","0","1","0","0%"
"Enoli Paredes","BAL","RP","9.6","11","1","0","3.75","1.35","4","8","6","1","8","0","1","0","0%"
"Tanner Houck","BOS","SP","16.1","13","1","0","4.40","1.35","8","16","6","2","7","1","1","0","0%"
"Guillo Zuniga","","RP","7.3","6","0","0","4.47","1.39","4","7","3","1","7","0","0","0","0%"
"Tanner Rainey","DET","RP","12.2","12","0","0","4.50","1.42","6","11","7","2","12","0","0","0","0%"
"Sam Aldegheri","LAA","SP","27.2","20","1","0","5.32","1.55","16","29","13","4","7","4","2","0","0%"
"Thomas Harrington","PIT","SP,RP","22.4","17","1","0","4.72","1.38","12","23","7","3","10","3","2","0","0%"
"Shinnosuke Ogasawara","WSH","SP,RP","12.6","9","1","0","4.43","1.35","6","13","4","2","10","0","1","0","0%"
"Dillon Tate","","RP","13.0","12","1","0","4.15","1.34","6","12","6","1","13","0","1","0","0%"
"Trenton Denholm","CLE","RP","9.1","6","0","0","4.96","1.38","5","10","3","1","2","2","1","0","0%"
"William Kempner","MIA","RP","21.5","21","1","0","4.71","1.48","11","20","12","3","21","0","2","0","0%"
"Bryan Sammons","DET","RP","18.6","17","1","0","4.60","1.42","10","18","9","4","4","1","1","0","0%"
"Joe La Sorsa","PIT","RP","16.9","12","1","0","4.40","1.41","8","17","7","2","16","0","1","0","0%"
"Rolddy Munoz","ATL","RP","17.5","16","1","0","4.46","1.47","9","17","9","2","17","0","1","0","0%"
"Ryder Ryan","LAD","RP","9.3","7","1","0","4.71","1.44","5","10","4","1","9","0","1","0","0%"
"Marco Raya","MIN","SP,RP","23.4","21","1","0","4.72","1.48","12","23","11","3","23","0","1","0","0%"
"Josh Ekness","MIA","RP","16.7","15","1","0","4.50","1.42","8","16","8","2","16","0","1","0","0%"
"Landon Knack","LAD","SP","22.6","20","1","0","4.98","1.40","13","22","9","4","13","3","1","0","0%"
"Blake Walston","ARI","RP","10.0","9","1","0","4.96","1.49","6","10","5","1","5","1","1","0","0%"
"Michael Darrell-Hicks","PIT","RP","9.7","8","0","0","4.66","1.45","5","10","4","1","9","0","0","0","0%"
"T.J. McFarland","","RP","22.4","14","1","0","4.45","1.40","11","24","7","2","30","0","1","0","0%"
"Yovanny Cruz","NYY","SP,RP","13.8","13","1","0","4.91","1.49","8","13","8","2","14","0","1","0","0%"
"Logan Gillaspie","SD","RP","20.3","15","1","0","4.65","1.37","10","21","7","3","19","0","1","0","0%"
"Blas Castano","COL","SP,RP","11.6","9","0","0","4.44","1.38","6","12","4","1","10","0","1","0","0%"
"Cam Sanders","PIT","RP","31.3","31","1","0","4.67","1.51","16","29","19","4","30","0","2","0","0%"
"Tyson Miller","CWS","RP","18.5","15","1","0","4.98","1.48","10","18","9","3","18","0","1","0","0%"
"Zach Brzykcy","MIA","RP","16.0","16","1","0","4.90","1.55","9","16","9","2","16","0","1","0","0%"
"Dylan Coleman","NYY","RP","10.2","10","0","0","4.95","1.73","6","9","9","1","11","0","0","0","0%"
"Robinson Pina","","SP,RP","10.5","9","1","0","4.27","1.28","5","11","3","2","8","1","1","0","0%"
"Matt Bowman","MIN","RP","19.2","16","1","0","4.61","1.37","10","20","7","3","18","0","1","0","0%"
"Yunior Marte","CIN","RP","13.2","12","1","0","4.96","1.46","7","13","6","2","13","0","1","0","0%"
"Lyon Richardson","CIN","RP","22.3","18","1","0","4.73","1.53","12","22","12","2","18","0","1","0","0%"
"Ryan Rolison","CHC","RP","30.5","23","1","0","4.60","1.42","16","31","12","4","28","0","2","0","0%"
"Dan Altavilla","MIN","RP","36.5","30","1","0","4.75","1.47","19","35","18","5","36","0","2","0","0%"
"Bryse Wilson","PHI","SP,RP","22.5","16","1","0","4.98","1.43","12","25","7","4","12","2","1","0","0%"
"Vinny Nittoli","","RP","4.5","4","0","0","5.56","1.36","3","4","2","1","3","0","0","0","0%"
"Zach Penrod","WSH","RP","10.0","9","0","0","4.45","1.54","5","10","5","1","10","0","1","0","0%"
"Ben Lively","CLE","SP","7.5","6","0","0","4.82","1.34","4","8","3","2","2","2","1","0","1%"
"Chayce McDermott","LAD","SP,RP","15.7","16","1","0","4.72","1.48","8","15","9","2","12","1","1","0","0%"
"Alexander Alberto","TB","RP","7.3","6","0","0","5.14","1.51","4","8","3","1","7","0","0","0","0%"
"Seth Johnson","PHI","SP,RP","20.5","18","1","0","4.74","1.48","11","20","10","3","18","0","1","0","0%"
"Brian Van Belle","TB","SP,RP","11.6","9","1","0","4.26","1.33","6","13","3","2","5","1","1","0","0%"
"John Curtiss","ARI","RP","22.1","17","1","0","4.89","1.38","12","23","8","4","18","0","2","0","0%"
"Matt Waldron","SD","SP","16.0","13","1","0","4.92","1.39","9","17","5","3","4","2","1","0","0%"
"Zack Thompson","STL","RP","13.6","13","1","0","4.50","1.45","7","13","7","2","10","1","1","0","0%"
"Jaden Woods","PIT","RP","5.2","4","0","0","5.19","1.45","3","5","3","1","5","0","0","0","0%"
"Dale Stanavich","","RP","3.6","3","0","0","5.01","1.61","2","4","2","0","3","0","0","0","0%"
"Pete Hansen","STL","SP","8.6","6","0","0","4.81","1.45","5","10","3","1","2","2","1","0","0%"
"Dugan Darnell","DET","RP","11.7","12","1","0","4.24","1.41","6","10","7","1","8","0","1","0","0%"
"Robby Ahlstrom","TEX","RP","7.7","7","0","0","4.60","1.47","4","8","4","1","8","0","0","0","0%"
"Luis Guerrero","TB","RP","21.8","20","1","0","4.91","1.50","12","20","13","3","20","0","1","0","0%"
"Jack Little","DET","RP","13.1","11","1","0","4.47","1.37","7","13","6","2","8","0","1","0","0%"
"Marco Gonzales","SD","SP","7.8","5","0","0","4.96","1.44","4","8","3","1","2","2","0","0","1%"
"Braden Nett","ATH","SP","26.3","22","1","0","4.84","1.51","14","27","13","3","14","3","2","0","0%"
"Jackson Kowar","BAL","RP","28.1","26","1","0","4.75","1.44","15","27","13","4","27","0","2","0","0%"
"Dylan Ray","ARI","SP","9.6","6","0","0","5.43","1.51","6","11","4","1","2","1","0","0","0%"
"Bryce Jarvis","ARI","RP","29.0","22","1","0","5.43","1.64","18","31","17","5","18","1","2","0","0%"
"Jose De Leon","","SP,RP","26.7","25","1","1","5.23","1.61","16","27","16","5","6","6","2","0","0%"
"Shaun Anderson","LAA","RP","13.6","9","1","0","5.08","1.42","8","15","4","2","13","0","1","0","0%"
"Eric Torres","BAL","RP","5.9","6","0","0","5.00","1.56","3","6","4","1","6","0","0","0","0%"
"Connor Seabold","DET","RP","22.5","18","1","0","4.83","1.38","12","23","8","4","21","0","1","0","0%"
"Sam Long","","RP","21.0","19","1","0","4.92","1.50","12","21","11","3","22","0","2","0","0%"
"Ben Kudrna","KC","SP","14.6","11","1","0","5.06","1.51","8","16","7","2","8","2","1","0","0%"
"Jairo Iriarte","CWS","RP","13.2","11","0","0","5.19","1.63","8","13","9","2","12","0","1","0","0%"
"Carson Spiers","CIN","SP,RP","6.9","6","0","0","5.10","1.51","4","8","3","1","2","1","0","0","0%"
"Freddy Tarnok","","SP,RP","11.1","11","1","0","4.87","1.49","6","10","7","2","7","1","1","0","0%"
"Jurrangelo Cijntje","STL","SP","9.1","7","1","0","4.47","1.43","5","9","4","2","2","2","1","0","1%"
"Yoniel Curet","DET","SP","10.2","9","0","0","4.95","1.53","6","10","6","1","5","2","1","0","0%"
"Victor Mederos","ATL","SP,RP","21.9","17","1","0","4.94","1.47","12","22","10","3","19","0","1","0","0%"
"Tejay Antone","CIN","RP","18.7","16","1","0","4.99","1.49","10","19","8","3","18","0","1","0","0%"
"Hunter Strickland","","RP","29.8","23","1","0","4.93","1.43","16","29","13","5","29","0","2","0","0%"
"Nate Lavender","NYM","RP","14.2","15","1","0","4.74","1.44","8","13","8","2","14","0","1","0","0%"
"Gavin Collyer","TEX","RP","21.3","21","1","0","4.94","1.48","12","20","12","3","21","0","1","0","0%"
"Joel Hurtado","LAA","SP","9.3","6","0","0","5.18","1.54","5","10","4","1","8","0","1","0","0%"
"Anthony Molina","ATL","RP","19.2","14","1","0","5.38","1.56","11","22","8","3","11","0","1","0","0%"
"McCade Brown","COL","SP","26.7","25","1","0","5.20","1.47","15","27","12","4","9","4","2","0","0%"
"Juan Sanchez","SF","RP","14.0","13","1","0","4.77","1.49","7","14","7","2","14","0","1","0","0%"
"Casey Lawrence","SEA","RP","8.3","4","0","0","5.32","1.44","5","10","2","1","2","2","1","0","0%"
"Carson Palmquist","COL","SP,RP","23.7","22","1","0","5.08","1.50","13","24","12","4","18","1","2","0","0%"
"Ky Bush","CWS","SP","13.5","10","1","0","4.85","1.49","7","13","7","2","5","2","1","0","0%"
"Carlos Carrasco","ATL","SP","11.7","9","0","0","5.31","1.49","7","13","4","2","2","2","1","0","0%"
"Riley Cornelio","WSH","SP","16.3","12","1","0","5.20","1.53","9","17","8","3","10","2","1","0","0%"
"Max Kranick","WSH","RP","6.3","5","1","0","4.29","1.27","3","6","2","1","4","0","0","0","0%"
"Jared Lyons","CIN","SP","7.9","6","0","0","5.35","1.48","5","8","3","1","2","2","1","0","0%"
"Jean Cabrera","PHI","SP","11.8","8","0","0","4.88","1.47","6","12","5","1","3","3","1","0","0%"
"Matt Krook","ATH","RP","8.1","9","1","0","4.46","1.61","4","7","7","1","9","0","1","0","0%"
"Tayler Scott","ATL","RP","15.9","16","1","0","5.11","1.53","9","15","9","2","15","0","1","0","0%"
"Thomas Hatch","ARI","SP,RP","15.5","12","1","0","5.02","1.46","9","17","6","2","7","0","1","0","0%"
"Elvin Rodriguez","","RP","10.1","8","1","0","4.90","1.43","6","11","4","2","3","3","1","0","0%"
"Lucas Sims","CWS","RP","30.8","30","1","0","5.32","1.55","18","28","20","5","32","0","2","0","0%"
"Enmanuel De Jesus","DET","SP,RP","32.7","27","1","0","4.66","1.44","17","33","14","4","31","0","1","0","0%"
"Austin Pope","","RP","8.6","9","1","0","4.72","1.57","5","9","5","1","5","0","1","0","0%"
"Gabriel Hughes","COL","SP","26.5","19","1","0","5.03","1.47","15","30","9","4","19","2","2","0","0%"
"Connor Thomas","MIL","RP","10.9","8","1","0","4.54","1.47","6","12","4","2","4","1","1","0","0%"
"Anthony Misiewicz","CIN","RP","9.1","8","1","0","5.45","1.38","6","9","4","2","10","0","1","0","0%"
"Bradley Blalock","MIA","SP","20.1","14","1","0","5.21","1.52","12","22","8","3","16","1","1","0","0%"
"Andry Lara","WSH","RP","19.5","14","1","0","4.87","1.51","11","21","9","3","13","0","1","0","0%"
"Valente Bellozo","COL","SP,RP","12.7","9","0","0","5.05","1.41","7","14","4","2","10","1","1","0","0%"
"Tyler Zuber","MIA","RP","14.9","15","1","0","5.27","1.50","9","14","8","2","12","0","1","0","0%"
"Austin Cox","","RP","13.8","13","1","0","5.22","1.56","8","15","7","3","10","0","1","0","0%"
"Carson Ragsdale","","SP,RP","12.4","11","1","0","5.08","1.61","7","13","8","2","5","1","1","0","0%"
"Anthony Maldonado","HOU","RP","12.6","13","1","0","5.35","1.59","8","13","8","2","11","0","1","0","0%"
"Anthony Veneziano","","RP","15.3","13","1","0","4.71","1.60","8","16","9","2","15","1","1","0","0%"
"Nick Hernandez","ATH","RP","8.3","9","0","0","5.04","1.41","5","8","4","1","7","0","0","0","0%"
"Darren McCaughan","CIN","SP,RP","10.1","8","1","0","5.36","1.44","6","11","4","3","4","1","1","0","0%"
"Antonio Senzatela","COL","SP,RP","84.7","52","3","0","5.45","1.57","51","104","29","13","45","6","6","0","11%"
"Logan VanWey","HOU","RP","11.7","11","0","0","5.20","1.67","7","11","8","2","10","0","0","0","0%"
"Luis Peralta","CHC","RP","32.1","31","1","0","5.30","1.61","19","33","18","5","33","0","2","0","0%"
"Beau Burrows","PIT","RP","13.3","11","1","0","5.08","1.58","8","13","8","2","14","0","1","0","0%"
"Tayron Guerrero","BOS","RP","28.5","23","1","0","5.05","1.52","16","30","13","4","28","0","1","0","0%"
"Davis Daniel","CIN","SP","18.3","14","1","0","5.42","1.53","11","20","8","4","6","2","2","0","0%"
"Omar Cruz","SD","RP","10.2","10","1","0","5.27","1.71","6","10","8","1","6","1","1","0","0%"
"Sean Reynolds","","RP","17.1","16","1","0","4.99","1.69","10","15","14","2","13","0","1","0","0%"
"Sem Robberse","STL","SP","12.3","9","1","0","5.14","1.63","7","14","7","2","10","1","1","0","0%"
"Jared Shuster","STL","RP","11.8","9","1","0","5.34","1.65","7","14","6","2","7","1","1","0","0%"
"Eduardo Salazar","MIN","RP","13.6","11","1","0","5.28","1.69","8","15","8","2","14","0","1","0","0%"
"Michael Mercado","PHI","RP","10.3","9","1","0","5.26","1.75","6","10","8","2","6","0","1","0","0%"
"Wilmer Flores","","SP","1.5","1","0","0","6.21","1.38","1","2","1","0","1","1","0","0","0%"
"Owen White","","SP,RP","11.8","8","1","0","5.32","1.69","7","13","8","2","6","1","1","0","0%"
"Bryce Montes de Oca","WSH","RP","7.5","8","0","0","4.22","1.43","4","6","4","1","8","0","0","0","0%"
"Nick Frasso","LAD","SP,RP","11.2","9","1","0","5.24","1.75","7","12","8","2","11","1","1","0","0%"
"Sean Sullivan","COL","SP","8.6","6","0","0","5.27","1.42","5","10","3","1","2","2","1","0","0%"
"Alec Marsh","KC","SP","2.3","2","0","0","3.90","1.52","1","3","1","1","1","1","0","0","0%"
"Nestor German","BAL","SP","2.2","2","0","0","4.04","1.35","1","2","1","1","1","1","0","0","0%"
"Levi Wells","BAL","SP","1.8","2","0","0","5.10","1.70","1","2","1","1","1","1","0","0","0%"
"Nathan Wiles","","RP","7.4","6","1","0","4.86","1.42","4","8","3","2","6","1","0","0","0%"
"Michael Arias","NYY","RP","12.5","13","1","0","5.77","2.04","8","12","14","2","11","0","1","0","0%"
"Logan Allen","CLE","SP","113.0","91","6","0","4.55","1.41","57","115","44","16","25","20","8","0","0%"
"Luis Garcia","NYY","SP","35.7","36","2","0","4.10","1.24","16","32","12","5","21","4","2","0","4%"
"Hagen Danner","CIN","C,RP","18.0","16","1","0","4.75","1.39","10","19","6","3","18","0","1","0","0%"
"Christian Montes De Oca","ARI","RP","11.2","9","1","0","4.83","1.39","6","11","5","2","5","0","1","0","0%"
"Adisyn Coffey","CWS","RP","8.0","7","0","0","4.48","1.42","4","8","4","1","8","0","1","0","0%"
"Collin Baumgartner","COL","RP","4.2","4","0","0","5.12","1.50","2","4","2","1","4","0","0","0","0%"
"Casey Kelly","","RP","8.7","4","1","0","5.69","1.84","6","11","5","2","5","1","0","0","0%"
""
""