season,player,projected_points,primary_position,eligible_positions,adp
2021,2021_SP_248,703.19,SP,SP,1.0
2021,2021_SP_270,687.08,SP,SP,1.0
2021,2021_SP_276,681.86,SP,SP,1.0
2021,2021_SS_136,687.9,SS,SS,2.2
2021,2021_SP_277,653.03,SP,SP,3.4
2021,2021_1B_032,634.04,1B,1B,3.7
2021,2021_3B_098,582.78,3B,3B,6.2
2021,2021_3B_127,661.6,3B,3B;SS,6.4
2021,2021_OF_172,640.99,OF,OF,7.0
2021,2021_SP_255,560.13,SP,SP,7.9
2021,2021_3B_105,557.33,3B,3B,9.8
2021,2021_SP_324,588.81,SP,SP,10.5
2021,2021_SP_260,594.55,SP,SP,12.5
2021,2021_SP_269,526.56,SP,SP,12.7
2021,2021_SP_281,727.31,SP,SP,13.3
2021,2021_SS_139,597.77,SS,SS,14.7
2021,2021_SP_251,552.92,SP,SP;RP,14.8
2021,2021_SS_132,520.37,SS,SS,16.2
2021,2021_3B_109,568.64,3B,3B,17.3
2021,2021_RP_350,558.4,RP,RP,17.4
2021,2021_1B_043,557.78,1B,1B,17.8
2021,2021_2B_072,597.01,2B,2B,18.2
2021,2021_1B_030,605.39,1B,1B,19.5
2021,2021_2B_068,533.63,2B,2B,25.5
2021,2021_SS_131,540.7,SS,SS,26.2
2021,2021_RP_338,491.89,RP,RP;SP,27.9
2021,2021_3B_112,515.4,3B,3B;SS,28.0
2021,2021_1B_033,573.24,1B,1B,29.0
2021,2021_2B_082,530.04,2B,2B,29.6
2021,2021_SP_249,533.52,SP,SP;RP,30.6
2021,2021_SP_256,531.74,SP,SP;RP,31.2
2021,2021_SP_294,507.84,SP,SP,32.9
2021,2021_SP_298,564.5,SP,SP,33.8
2021,2021_OF_207,541.83,OF,OF,34.8
2021,2021_SP_283,568.94,SP,SP,36.0
2021,2021_1B_054,526.85,1B,1B,36.5
2021,2021_1B_034,579.83,1B,1B,38.0
2021,2021_SS_138,489.2,SS,SS,38.4
2021,2021_SP_291,557.26,SP,SP,38.7
2021,2021_SP_250,532.51,SP,SP,39.6
2021,2021_SP_312,529.82,SP,SP;RP,40.0
2021,2021_OF_173,590.6,OF,OF,40.7
2021,2021_SS_146,493.91,SS,SS,41.0
2021,2021_3B_106,522.87,3B,3B,41.8
2021,2021_OF_199,560.68,OF,OF,43.7
2021,2021_SS_135,530.37,SS,SS,43.8
2021,2021_OF_168,577.65,OF,OF;1B,44.1
2021,2021_SP_284,593.67,SP,SP,44.3
2021,2021_1B_038,525.01,1B,1B;OF,45.8
2021,2021_SS_143,548.35,SS,SS,45.8
2021,2021_SS_149,502.63,SS,SS,48.0
2021,2021_SP_272,503.13,SP,SP,48.3
2021,2021_2B_073,510.95,2B,2B,49.2
2021,2021_C_001,467.56,C,C,53.0
2021,2021_1B_039,475.94,1B,1B,53.2
2021,2021_SP_257,560.29,SP,SP,54.1
2021,2021_RP_336,527.42,RP,RP;SP,54.1
2021,2021_SP_286,517.99,SP,SP,55.2
2021,2021_OF_228,551.12,OF,OF,58.9
2021,2021_SS_140,502.07,SS,SS,59.4
2021,2021_SS_134,502.42,SS,SS,59.5
2021,2021_SS_158,506.99,SS,SS,60.9
2021,2021_SS_155,490.1,SS,SS,61.2
2021,2021_SS_148,520.5,SS,SS,61.5
2021,2021_RP_330,480.19,RP,RP;SP,61.9
2021,2021_1B_029,542.14,1B,1B,62.6
2021,2021_OF_181,585.52,OF,OF,63.7
2021,2021_OF_178,589.55,OF,OF,66.0
2021,2021_SS_142,512.3,SS,SS;3B,69.4
2021,2021_3B_108,499.83,3B,3B;SS,70.6
2021,2021_OF_188,505.34,OF,OF,71.1
2021,2021_OF_176,517.14,OF,OF,74.5
2021,2021_OF_196,574.32,OF,OF,76.4
2021,2021_OF_177,551.05,OF,OF,76.7
2021,2021_C_012,491.33,C,C,78.6
2021,2021_OF_167,508.43,OF,OF,79.1
2021,2021_SP_288,514.47,SP,SP,79.2
2021,2021_1B_031,530.0,1B,1B,80.1
2021,2021_SP_266,499.28,SP,SP,80.6
2021,2021_SP_259,499.95,SP,SP;RP,82.7
2021,2021_3B_107,495.23,3B,3B,82.9
2021,2021_SS_147,492.23,SS,SS,83.5
2021,2021_SS_156,522.43,SS,SS;3B,84.5
2021,2021_2B_071,480.73,2B,2B,85.5
2021,2021_1B_047,509.11,1B,1B,85.8
2021,2021_1B_040,536.87,1B,1B;3B,86.6
2021,2021_SP_253,551.83,SP,SP,88.6
2021,2021_1B_037,518.24,1B,1B,89.7
2021,2021_SP_261,508.52,SP,SP,90.1
2021,2021_SP_262,519.57,SP,SP;RP,90.2
2021,2021_2B_078,510.53,2B,2B,91.0
2021,2021_OF_201,490.72,OF,OF,91.1
2021,2021_SS_157,451.94,SS,SS,91.3
2021,2021_SS_151,460.69,SS,SS;2B,91.6
2021,2021_SP_254,504.3,SP,SP,91.9
2021,2021_SS_150,498.14,SS,SS,92.4
2021,2021_SS_144,482.35,SS,SS,95.9
2021,2021_SP_258,535.66,SP,SP,98.1
2021,2021_3B_100,504.38,3B,3B,98.4
2021,2021_SS_133,498.04,SS,SS,99.7
2021,2021_RP_340,476.28,RP,RP,100.7
2021,2021_1B_050,497.79,1B,1B,101.3
2021,2021_SP_271,496.95,SP,SP,102.2
2021,2021_SP_268,470.31,SP,SP,103.9
2021,2021_C_004,479.02,C,C,104.9
2021,2021_SP_252,536.14,SP,SP;RP,105.6
2021,2021_SS_145,492.11,SS,SS,105.9
2021,2021_OF_170,516.36,OF,OF,107.0
2021,2021_1B_044,532.12,1B,1B,110.4
2021,2021_SP_274,517.46,SP,SP,111.5
2021,2021_2B_080,503.95,2B,2B;OF,112.4
2021,2021_RP_367,464.91,RP,RP,112.5
2021,2021_SS_162,459.12,SS,SS,112.6
2021,2021_C_003,444.97,C,C,112.8
2021,2021_OF_183,536.98,OF,OF,113.5
2021,2021_SP_279,487.53,SP,SP,114.5
2021,2021_1B_060,470.78,1B,1B,115.5
2021,2021_1B_046,498.03,1B,1B,116.6
2021,2021_SP_264,498.78,SP,SP,118.7
2021,2021_SP_267,501.87,SP,SP,120.3
2021,2021_3B_129,526.27,3B,3B,120.6
2021,2021_1B_042,482.4,1B,1B,123.6
2021,2021_3B_103,534.97,3B,3B;SS,123.6
2021,2021_SP_290,498.86,SP,SP;RP,123.6
2021,2021_C_006,471.78,C,C,125.4
2021,2021_2B_069,480.38,2B,2B,125.5
2021,2021_RP_329,453.77,RP,RP,127.4
2021,2021_OF_209,571.11,OF,OF,128.0
2021,2021_C_021,452.86,C,C,128.1
2021,2021_C_002,459.73,C,C,128.2
2021,2021_3B_097,536.04,3B,3B;1B,129.4
2021,2021_3B_125,446.95,3B,3B,130.7
2021,2021_1B_059,503.28,1B,1B,132.1
2021,2021_RP_357,441.25,RP,RP,132.9
2021,2021_C_016,400.67,C,C,136.2
2021,2021_3B_124,479.81,3B,3B,136.9
2021,2021_RP_333,463.79,RP,RP,137.5
2021,2021_1B_036,495.52,1B,1B;OF,139.3
2021,2021_SS_141,488.7,SS,SS,139.3
2021,2021_RP_351,481.6,RP,RP,140.0
2021,2021_3B_111,460.53,3B,3B,140.9
2021,2021_C_005,435.91,C,C,142.4
2021,2021_3B_102,467.31,3B,3B,142.7
2021,2021_SP_247,483.92,SP,SP,143.1
2021,2021_C_023,442.85,C,C,143.4
2021,2021_1B_048,491.03,1B,1B,146.4
2021,2021_2B_065,480.06,2B,2B,148.4
2021,2021_3B_115,444.68,3B,3B,148.8
2021,2021_2B_067,460.9,2B,2B;OF,149.0
2021,2021_3B_126,460.31,3B,3B,149.2
2021,2021_OF_193,508.4,OF,OF,149.7
2021,2021_OF_171,487.55,OF,OF,150.9
2021,2021_1B_055,473.74,1B,1B,152.3
2021,2021_C_025,448.92,C,C,152.7
2021,2021_SP_263,491.22,SP,SP,154.0
2021,2021_RP_332,435.49,RP,RP,154.0
2021,2021_SS_152,437.08,SS,SS,155.0
2021,2021_RP_343,479.25,RP,RP,155.8
2021,2021_SP_280,467.88,SP,SP,159.3
2021,2021_SS_137,490.03,SS,SS,159.4
2021,2021_1B_045,472.6,1B,1B,160.7
2021,2021_3B_121,437.39,3B,3B,162.8
2021,2021_3B_122,447.77,3B,3B,162.9
2021,2021_SP_296,457.96,SP,SP,167.8
2021,2021_RP_331,425.14,RP,RP,168.0
2021,2021_OF_191,491.64,OF,OF,168.7
2021,2021_2B_089,414.89,2B,2B,169.1
2021,2021_SP_265,449.84,SP,SP,169.3
2021,2021_RP_334,452.29,RP,RP;SP,169.7
2021,2021_2B_076,458.72,2B,2B,170.3
2021,2021_1B_035,461.49,1B,1B,170.9
2021,2021_1B_053,451.52,1B,1B,171.6
2021,2021_2B_087,427.9,2B,2B,172.9
2021,2021_3B_114,456.74,3B,3B,173.5
2021,2021_2B_066,482.46,2B,2B,178.5
2021,2021_C_026,376.76,C,C,179.1
2021,2021_OF_221,489.09,OF,OF,179.8
2021,2021_3B_116,472.31,3B,3B,180.5
2021,2021_2B_075,464.08,2B,2B,180.6
2021,2021_OF_227,492.26,OF,OF,181.3
2021,2021_SP_323,452.57,SP,SP;RP,182.3
2021,2021_2B_070,475.52,2B,2B,184.7
2021,2021_SS_154,429.35,SS,SS,185.1
2021,2021_2B_064,465.42,2B,2B,187.1
2021,2021_SS_160,427.48,SS,SS;2B,187.3
2021,2021_2B_079,429.41,2B,2B,187.8
2021,2021_RP_356,397.18,RP,RP,188.5
2021,2021_3B_104,462.73,3B,3B;SS,188.7
2021,2021_SS_159,424.19,SS,SS,188.8
2021,2021_2B_085,449.34,2B,2B,189.4
2021,2021_SS_153,414.01,SS,SS,190.4
2021,2021_2B_090,446.03,2B,2B,191.1
2021,2021_SP_304,418.37,SP,SP,191.4
2021,2021_2B_063,483.9,2B,2B,192.7
2021,2021_3B_123,449.4,3B,3B,193.1
2021,2021_RP_363,447.88,RP,RP,194.4
2021,2021_OF_190,414.26,OF,OF,194.7
2021,2021_2B_084,455.32,2B,2B,199.9
2021,2021_RP_352,414.39,RP,RP,200.2
2021,2021_C_018,399.62,C,C,200.5
2021,2021_OF_169,496.88,OF,OF,201.3
2021,2021_OF_204,426.24,OF,OF,202.2
2021,2021_OF_174,477.23,OF,OF,205.0
2021,2021_SS_161,424.73,SS,SS;3B,206.7
2021,2021_SP_282,448.1,SP,SP,206.7
2021,2021_OF_184,426.31,OF,OF;1B,206.9
2021,2021_SP_326,468.45,SP,SP,207.2
2021,2021_RP_354,385.75,RP,RP,207.3
2021,2021_3B_101,463.31,3B,3B,207.6
2021,2021_OF_186,445.98,OF,OF,209.1
2021,2021_C_011,404.72,C,C,210.4
2021,2021_C_015,407.31,C,C,210.8
2021,2021_OF_175,474.17,OF,OF,212.9
2021,2021_3B_119,459.41,3B,3B,213.3
2021,2021_OF_233,435.12,OF,OF;1B,215.0
2021,2021_RP_349,410.75,RP,RP,216.1
2021,2021_C_017,438.96,C,C,216.7
2021,2021_2B_095,410.83,2B,2B,217.2
2021,2021_SP_275,440.4,SP,SP,217.6
2021,2021_OF_192,422.9,OF,OF,217.8
2021,2021_2B_083,447.64,2B,2B,218.1
2021,2021_OF_180,432.81,OF,OF,220.8
2021,2021_SP_285,421.02,SP,SP,221.3
2021,2021_OF_213,437.65,OF,OF,221.5
2021,2021_3B_099,434.63,3B,3B,223.2
2021,2021_3B_113,454.37,3B,3B,223.5
2021,2021_SP_289,464.36,SP,SP,224.0
2021,2021_SP_299,395.98,SP,SP;RP,224.5
2021,2021_3B_110,445.58,3B,3B;SS,225.6
2021,2021_2B_096,443.82,2B,2B,226.2
2021,2021_SP_318,443.71,SP,SP,227.1
2021,2021_2B_086,440.75,2B,2B,228.0
2021,2021_SP_300,441.92,SP,SP,228.1
2021,2021_SP_316,407.05,SP,SP;RP,229.3
2021,2021_C_008,422.27,C,C,235.7
2021,2021_2B_081,413.97,2B,2B,237.2
2021,2021_2B_092,406.87,2B,2B,237.8
2021,2021_SP_325,384.69,SP,SP,238.0
2021,2021_SP_308,431.66,SP,SP,238.4
2021,2021_RP_359,409.71,RP,RP,238.4
2021,2021_OF_187,422.71,OF,OF,239.0
2021,2021_SP_295,426.19,SP,SP,241.3
2021,2021_SS_163,390.37,SS,SS;2B,244.2
2021,2021_RP_347,394.07,RP,RP;SP,244.5
2021,2021_2B_074,397.03,2B,2B,245.3
2021,2021_1B_052,433.49,1B,1B,246.3
2021,2021_2B_093,391.91,2B,2B,247.8
2021,2021_SS_166,417.85,SS,SS,248.2
2021,2021_C_024,381.57,C,C,248.8
2021,2021_RP_345,406.6,RP,RP,249.1
2021,2021_SP_306,414.76,SP,SP,249.4
2021,2021_C_013,396.88,C,C,249.8
2021,2021_3B_118,441.02,3B,3B,252.6
2021,2021_RP_372,441.48,RP,RP,252.6
2021,2021_OF_242,406.4,OF,OF,252.7
2021,2021_2B_088,396.0,2B,2B,254.5
2021,2021_OF_211,390.79,OF,OF,255.7
2021,2021_RP_355,360.04,RP,RP;SP,256.0
2021,2021_3B_130,379.19,3B,3B,256.8
2021,2021_1B_051,416.16,1B,1B;OF,258.0
2021,2021_OF_185,438.04,OF,OF,258.6
2021,2021_1B_041,434.12,1B,1B,260.9
2021,2021_3B_128,456.36,3B,3B,261.6
2021,2021_OF_197,398.31,OF,OF,262.1
2021,2021_1B_056,424.35,1B,1B,264.9
2021,2021_SP_278,431.44,SP,SP;RP,265.8
2021,2021_2B_077,396.52,2B,2B,266.0
2021,2021_1B_049,439.84,1B,1B,267.1
2021,2021_SP_303,422.22,SP,SP;RP,268.3
2021,2021_C_009,408.42,C,C,268.7
2021,2021_RP_341,405.72,RP,RP,268.7
2021,2021_SP_292,396.86,SP,SP,271.3
2021,2021_OF_210,388.27,OF,OF,272.9
2021,2021_OF_229,464.7,OF,OF,274.7
2021,2021_SP_305,367.69,SP,SP,275.9
2021,2021_RP_337,414.13,RP,RP,276.7
2021,2021_C_010,383.7,C,C,277.4
2021,2021_RP_360,370.51,RP,RP,277.5
2021,2021_OF_222,420.0,OF,OF,278.5
2021,2021_SP_317,414.49,SP,SP;RP,279.8
2021,2021_C_019,380.05,C,C,280.2
2021,2021_OF_179,431.04,OF,OF,280.6
2021,2021_RP_364,357.81,RP,RP,281.0
2021,2021_3B_120,439.13,3B,3B,283.0
2021,2021_RP_346,413.12,RP,RP,284.1
2021,2021_1B_061,435.15,1B,1B,284.3
2021,2021_RP_344,360.5,RP,RP,285.6
2021,2021_SP_314,418.57,SP,SP,286.4
2021,2021_OF_205,404.7,OF,OF;1B,287.2
2021,2021_RP_335,398.42,RP,RP;SP,288.4
2021,2021_SS_164,393.91,SS,SS,288.8
2021,2021_RP_342,382.52,RP,RP,291.8
2021,2021_OF_202,382.01,OF,OF;1B,293.3
2021,2021_1B_057,412.1,1B,1B,293.4
2021,2021_OF_195,396.21,OF,OF,295.4
2021,2021_OF_206,383.26,OF,OF,295.6
2021,2021_2B_091,385.12,2B,2B,297.1
2021,2021_SP_302,378.95,SP,SP,298.2
2021,2021_SP_273,427.19,SP,SP,298.4
2021,2021_SP_287,407.19,SP,SP;RP,299.2
2021,2021_1B_058,424.7,1B,1B;OF,300.5
2021,2021_OF_220,388.15,OF,OF,300.5
2021,2021_OF_208,409.33,OF,OF,301.0
2021,2021_OF_217,355.96,OF,OF;1B,302.0
2021,2021_OF_232,414.46,OF,OF,303.9
2021,2021_SP_311,398.59,SP,SP,304.6
2021,2021_OF_203,410.74,OF,OF,304.8
2021,2021_OF_198,398.09,OF,OF;1B,305.6
2021,2021_SP_320,418.85,SP,SP,305.9
2021,2021_RP_369,377.41,RP,RP,308.4
2021,2021_SP_293,382.86,SP,SP,308.5
2021,2021_OF_182,447.99,OF,OF,308.6
2021,2021_RP_358,356.92,RP,RP;SP,310.3
2021,2021_SP_297,375.51,SP,SP,313.6
2021,2021_C_020,368.72,C,C,315.8
2021,2021_3B_117,412.02,3B,3B,317.5
2021,2021_C_027,345.7,C,C,318.8
2021,2021_SP_313,378.53,SP,SP,319.6
2021,2021_OF_234,391.9,OF,OF,320.4
2021,2021_RP_361,355.47,RP,RP,321.0
2021,2021_SP_307,375.01,SP,SP,321.9
2021,2021_SS_165,393.92,SS,SS;2B,323.7
2021,2021_RP_370,366.11,RP,RP,325.0
2021,2021_C_022,353.15,C,C,325.4
2021,2021_C_028,329.61,C,C,325.8
2021,2021_RP_362,337.2,RP,RP,325.9
2021,2021_OF_194,401.88,OF,OF,326.6
2021,2021_OF_231,325.33,OF,OF;1B,328.7
2021,2021_SP_321,349.89,SP,SP,329.0
2021,2021_RP_366,329.74,RP,RP,329.3
2021,2021_OF_219,327.53,OF,OF,331.9
2021,2021_RP_339,407.59,RP,RP,333.2
2021,2021_OF_212,347.28,OF,OF,333.5
2021,2021_SP_310,359.31,SP,SP,337.7
2021,2021_SP_328,289.18,SP,SP,337.9
2021,2021_RP_368,327.04,RP,RP,338.4
2021,2021_OF_216,386.78,OF,OF,338.6
2021,2021_RP_353,341.67,RP,RP,338.8
2021,2021_OF_223,378.39,OF,OF,338.9
2021,2021_1B_062,381.94,1B,1B,339.8
2021,2021_RP_348,363.21,RP,RP,339.8
2021,2021_OF_215,381.97,OF,OF,340.1
2021,2021_C_007,351.5,C,C,340.4
2021,2021_SP_319,286.62,SP,SP,342.6
2021,2021_SP_322,351.11,SP,SP,344.2
2021,2021_C_014,323.92,C,C,344.3
2021,2021_OF_214,326.98,OF,OF,344.4
2021,2021_OF_189,410.06,OF,OF,346.7
2021,2021_OF_218,400.6,OF,OF,346.9
2021,2021_RP_373,303.89,RP,RP,346.9
2021,2021_OF_239,383.19,OF,OF;1B,348.9
2021,2021_OF_230,359.34,OF,OF;1B,349.5
2021,2021_RP_371,307.71,RP,RP,350.9
2021,2021_SP_309,373.29,SP,SP,351.3
2021,2021_OF_246,319.74,OF,OF,351.8
2021,2021_2B_094,341.31,2B,2B;SS,352.9
2021,2021_SP_301,338.28,SP,SP,353.4
2021,2021_OF_245,296.55,OF,OF,354.4
2021,2021_OF_226,311.71,OF,OF,355.5
2021,2021_SP_327,347.39,SP,SP,356.3
2021,2021_OF_200,424.95,OF,OF,356.5
2021,2021_OF_244,292.44,OF,OF,358.5
2021,2021_OF_236,286.28,OF,OF,359.1
2021,2021_OF_238,305.9,OF,OF;1B,361.2
2021,2021_SP_315,297.75,SP,SP;RP,361.7
2021,2021_RP_365,312.32,RP,RP,362.1
2021,2021_OF_224,312.32,OF,OF;1B,364.1
2021,2021_OF_225,279.61,OF,OF;1B,364.2
2021,2021_OF_240,322.66,OF,OF;1B,368.2
2021,2021_OF_243,289.89,OF,OF,368.6
2021,2021_OF_237,263.69,OF,OF,372.6
2021,2021_OF_235,282.27,OF,OF,379.0
2021,2021_OF_241,258.56,OF,OF,382.7
2022,2022_1B_043,630.39,1B,1B,1.0
2022,2022_1B_051,579.92,1B,1B;OF,1.0
2022,2022_SS_139,596.81,SS,SS,1.0
2022,2022_SP_249,677.32,SP,SP,1.0
2022,2022_SP_297,650.37,SP,SP,1.0
2022,2022_SP_250,625.75,SP,SP,1.7
2022,2022_SP_267,620.33,SP,SP,2.7
2022,2022_SP_305,581.01,SP,SP,3.0
2022,2022_SS_133,624.01,SS,SS;3B,3.1
2022,2022_SS_143,574.77,SS,SS,4.4
2022,2022_1B_041,609.25,1B,1B;OF,6.6
2022,2022_SP_256,561.39,SP,SP,10.0
2022,2022_SP_251,654.01,SP,SP,11.1
2022,2022_SP_300,538.34,SP,SP,12.0
2022,2022_OF_173,625.16,OF,OF,13.4
2022,2022_3B_099,463.97,3B,3B,14.4
2022,2022_3B_123,595.07,3B,3B;SS,15.4
2022,2022_SS_131,559.56,SS,SS;3B,16.4
2022,2022_1B_031,533.8,1B,1B,23.9
2022,2022_OF_190,621.02,OF,OF,23.9
2022,2022_C_001,514.61,C,C,24.5
2022,2022_3B_097,533.71,3B,3B,24.7
2022,2022_3B_104,493.27,3B,3B,24.9
2022,2022_SP_254,522.3,SP,SP;RP,25.3
2022,2022_1B_047,569.73,1B,1B,25.9
2022,2022_SP_248,605.84,SP,SP,27.2
2022,2022_SP_262,540.22,SP,SP,27.5
2022,2022_1B_048,597.01,1B,1B,27.6
2022,2022_RP_332,528.42,RP,RP,28.2
2022,2022_OF_182,592.28,OF,OF;1B,28.5
2022,2022_RP_336,503.3,RP,RP,29.7
2022,2022_SP_258,514.92,SP,SP,33.1
2022,2022_3B_114,556.49,3B,3B,34.6
2022,2022_SP_306,554.66,SP,SP;RP,35.0
2022,2022_SP_266,521.11,SP,SP,35.7
2022,2022_C_012,488.52,C,C,37.2
2022,2022_OF_179,589.95,OF,OF;1B,40.9
2022,2022_C_003,486.29,C,C,41.6
2022,2022_C_006,473.12,C,C,42.4
2022,2022_SP_263,531.1,SP,SP,43.4
2022,2022_1B_030,517.66,1B,1B,44.9
2022,2022_SP_299,547.16,SP,SP,45.8
2022,2022_1B_037,549.59,1B,1B,46.1
2022,2022_2B_065,535.14,2B,2B,47.1
2022,2022_SS_135,482.74,SS,SS;2B,47.6
2022,2022_C_016,483.1,C,C,47.7
2022,2022_3B_098,517.35,3B,3B;1B,47.7
2022,2022_OF_171,595.9,OF,OF,48.2
2022,2022_SP_281,486.33,SP,SP,49.0
2022,2022_SP_272,516.54,SP,SP,50.9
2022,2022_2B_068,481.56,2B,2B,51.0
2022,2022_SS_155,548.99,SS,SS,53.7
2022,2022_2B_087,472.91,2B,2B,54.0
2022,2022_OF_191,533.89,OF,OF,54.2
2022,2022_SP_288,554.18,SP,SP,55.5
2022,2022_SS_136,502.54,SS,SS;2B,56.5
2022,2022_SP_253,518.45,SP,SP,57.0
2022,2022_SS_132,473.19,SS,SS,57.2
2022,2022_3B_106,554.61,3B,3B,58.7
2022,2022_RP_349,516.71,RP,RP,58.7
2022,2022_1B_040,499.96,1B,1B,59.0
2022,2022_RP_334,450.69,RP,RP,60.1
2022,2022_SP_247,515.2,SP,SP,61.2
2022,2022_SS_144,451.03,SS,SS,62.3
2022,2022_SP_285,465.63,SP,SP;RP,62.7
2022,2022_OF_189,557.66,OF,OF;1B,65.3
2022,2022_2B_064,448.39,2B,2B;OF,68.6
2022,2022_C_019,469.89,C,C,68.8
2022,2022_3B_102,540.15,3B,3B,69.7
2022,2022_OF_224,521.28,OF,OF,71.1
2022,2022_SP_259,490.19,SP,SP,71.2
2022,2022_SS_148,433.42,SS,SS;2B,73.3
2022,2022_3B_101,491.82,3B,3B,74.0
2022,2022_1B_038,487.25,1B,1B,74.9
2022,2022_2B_076,530.15,2B,2B,76.7
2022,2022_SS_146,455.68,SS,SS,76.7
2022,2022_1B_058,555.74,1B,1B,79.2
2022,2022_SS_141,475.27,SS,SS,79.4
2022,2022_SP_252,503.48,SP,SP,79.5
2022,2022_OF_170,509.98,OF,OF,80.6
2022,2022_1B_039,525.38,1B,1B,81.1
2022,2022_SS_149,502.97,SS,SS,81.3
2022,2022_SS_154,477.56,SS,SS,81.6
2022,2022_SP_270,522.53,SP,SP,82.1
2022,2022_OF_174,528.76,OF,OF,82.6
2022,2022_2B_079,473.02,2B,2B,87.0
2022,2022_OF_229,504.62,OF,OF,87.3
2022,2022_SP_320,492.86,SP,SP,88.2
2022,2022_SS_159,510.76,SS,SS;3B,88.4
2022,2022_RP_350,444.57,RP,RP,90.6
2022,2022_SS_157,439.9,SS,SS,90.8
2022,2022_SS_152,494.05,SS,SS,90.9
2022,2022_SS_150,481.75,SS,SS,92.3
2022,2022_RP_338,470.99,RP,RP,92.4
2022,2022_3B_108,532.79,3B,3B,95.6
2022,2022_SP_323,443.07,SP,SP,95.9
2022,2022_SS_140,462.98,SS,SS,96.2
2022,2022_SP_273,477.81,SP,SP,97.8
2022,2022_SS_145,459.15,SS,SS;3B,99.3
2022,2022_OF_200,521.34,OF,OF,99.3
2022,2022_2B_074,461.97,2B,2B,100.7
2022,2022_1B_056,452.72,1B,1B,102.1
2022,2022_SP_302,498.46,SP,SP,102.9
2022,2022_3B_124,518.84,3B,3B;1B,103.1
2022,2022_SP_268,518.82,SP,SP;RP,103.7
2022,2022_OF_194,506.39,OF,OF,104.8
2022,2022_1B_033,498.87,1B,1B,105.5
2022,2022_1B_045,478.94,1B,1B,108.4
2022,2022_OF_198,550.81,OF,OF,109.6
2022,2022_3B_113,470.63,3B,3B,109.8
2022,2022_SS_142,449.35,SS,SS;2B,110.2
2022,2022_RP_346,444.34,RP,RP,111.9
2022,2022_2B_070,465.03,2B,2B,114.6
2022,2022_OF_186,520.57,OF,OF,116.3
2022,2022_1B_044,466.97,1B,1B;OF,116.4
2022,2022_SS_134,482.26,SS,SS,116.6
2022,2022_2B_072,470.66,2B,2B,116.7
2022,2022_1B_059,455.74,1B,1B,117.7
2022,2022_SP_274,479.59,SP,SP,118.2
2022,2022_SS_163,484.11,SS,SS,119.9
2022,2022_RP_347,477.36,RP,RP,120.1
2022,2022_1B_042,494.15,1B,1B,120.3
2022,2022_1B_034,493.52,1B,1B,121.0
2022,2022_1B_036,509.43,1B,1B;OF,121.1
2022,2022_RP_356,430.95,RP,RP,122.4
2022,2022_SP_309,515.24,SP,SP,122.8
2022,2022_SP_275,424.38,SP,SP,123.1
2022,2022_SS_166,439.64,SS,SS,123.4
2022,2022_C_010,415.58,C,C,125.9
2022,2022_1B_032,513.97,1B,1B,126.1
2022,2022_C_018,421.78,C,C,127.7
2022,2022_2B_077,465.95,2B,2B,129.5
2022,2022_1B_035,504.26,1B,1B,132.6
2022,2022_SP_260,476.04,SP,SP,132.8
2022,2022_OF_168,493.7,OF,OF,133.1
2022,2022_OF_175,506.85,OF,OF,136.5
2022,2022_3B_109,516.85,3B,3B,137.6
2022,2022_SP_271,476.99,SP,SP,138.3
2022,2022_3B_115,462.52,3B,3B,138.6
2022,2022_2B_075,483.82,2B,2B,138.8
2022,2022_SP_261,475.94,SP,SP,141.4
2022,2022_SP_287,413.65,SP,SP;RP,141.5
2022,2022_RP_348,453.13,RP,RP,144.4
2022,2022_SP_269,481.62,SP,SP,144.8
2022,2022_SP_278,452.48,SP,SP,145.0
2022,2022_OF_184,441.34,OF,OF;1B,145.7
2022,2022_3B_118,467.14,3B,3B,146.9
2022,2022_SP_319,486.33,SP,SP;RP,148.5
2022,2022_3B_105,466.04,3B,3B,148.6
2022,2022_3B_110,492.02,3B,3B,149.4
2022,2022_SS_137,476.58,SS,SS,149.9
2022,2022_1B_029,546.25,1B,1B;OF,150.2
2022,2022_RP_364,428.66,RP,RP,151.1
2022,2022_SS_153,443.39,SS,SS,153.0
2022,2022_OF_188,467.26,OF,OF,153.8
2022,2022_SP_291,466.44,SP,SP,153.8
2022,2022_SS_147,454.01,SS,SS,154.7
2022,2022_C_024,394.33,C,C,156.7
2022,2022_SS_156,434.18,SS,SS;3B,157.2
2022,2022_2B_089,428.09,2B,2B,159.4
2022,2022_C_025,425.46,C,C,161.2
2022,2022_2B_067,457.11,2B,2B,162.4
2022,2022_SP_264,470.4,SP,SP,163.5
2022,2022_SS_158,481.62,SS,SS,166.5
2022,2022_SP_280,460.65,SP,SP;RP,166.6
2022,2022_RP_344,421.7,RP,RP,167.1
2022,2022_C_023,410.04,C,C,168.2
2022,2022_C_004,404.1,C,C,168.4
2022,2022_1B_055,446.65,1B,1B;OF,168.5
2022,2022_3B_119,454.18,3B,3B,171.6
2022,2022_3B_122,474.94,3B,3B,172.5
2022,2022_SP_303,414.91,SP,SP,172.8
2022,2022_SP_318,458.38,SP,SP,173.0
2022,2022_SP_257,473.01,SP,SP,173.1
2022,2022_2B_069,434.77,2B,2B,173.3
2022,2022_OF_193,442.47,OF,OF,176.8
2022,2022_2B_091,492.67,2B,2B,177.6
2022,2022_SP_255,501.51,SP,SP;RP,177.9
2022,2022_RP_333,419.49,RP,RP,178.2
2022,2022_SP_283,424.58,SP,SP,180.5
2022,2022_SS_161,465.06,SS,SS,182.2
2022,2022_RP_337,448.11,RP,RP,184.1
2022,2022_3B_127,435.51,3B,3B;1B,184.5
2022,2022_RP_373,418.01,RP,RP,184.6
2022,2022_2B_082,424.61,2B,2B,185.8
2022,2022_1B_060,465.2,1B,1B;OF,185.9
2022,2022_1B_050,487.59,1B,1B,188.2
2022,2022_2B_071,455.23,2B,2B,190.2
2022,2022_OF_172,466.28,OF,OF,190.6
2022,2022_3B_107,468.78,3B,3B;1B,191.3
2022,2022_OF_180,409.09,OF,OF,191.4
2022,2022_3B_116,442.48,3B,3B,191.9
2022,2022_OF_185,432.35,OF,OF;1B,192.9
2022,2022_OF_235,429.28,OF,OF;1B,194.7
2022,2022_SP_317,443.87,SP,SP,194.8
2022,2022_RP_331,432.61,RP,RP,195.0
2022,2022_OF_211,456.24,OF,OF,197.5
2022,2022_OF_169,494.22,OF,OF,198.0
2022,2022_2B_090,399.02,2B,2B,199.1
2022,2022_3B_103,443.93,3B,3B,199.6
2022,2022_2B_063,470.62,2B,2B,202.7
2022,2022_3B_100,475.79,3B,3B;1B,202.9
2022,2022_1B_062,456.31,1B,1B,203.5
2022,2022_1B_054,465.9,1B,1B,204.0
2022,2022_SS_138,457.88,SS,SS;2B,208.4
2022,2022_2B_093,396.91,2B,2B,208.8
2022,2022_RP_339,416.45,RP,RP,209.2
2022,2022_2B_080,419.87,2B,2B,210.2
2022,2022_3B_111,475.44,3B,3B;1B,210.5
2022,2022_SP_293,411.5,SP,SP,212.0
2022,2022_C_008,411.58,C,C,212.8
2022,2022_RP_335,417.93,RP,RP,214.2
2022,2022_OF_183,425.11,OF,OF,215.1
2022,2022_RP_355,374.69,RP,RP,215.1
2022,2022_SP_276,460.86,SP,SP,215.4
2022,2022_OF_236,464.41,OF,OF;1B,215.6
2022,2022_1B_053,452.2,1B,1B,216.5
2022,2022_SS_162,404.3,SS,SS,216.8
2022,2022_RP_329,433.35,RP,RP,218.2
2022,2022_3B_126,418.89,3B,3B,218.5
2022,2022_SS_160,371.94,SS,SS,218.7
2022,2022_2B_085,464.77,2B,2B,219.7
2022,2022_C_005,428.09,C,C,222.3
2022,2022_SP_279,429.89,SP,SP,222.3
2022,2022_SP_265,438.81,SP,SP;RP,223.6
2022,2022_1B_049,424.37,1B,1B,223.7
2022,2022_SS_165,384.71,SS,SS;3B,224.7
2022,2022_2B_073,454.91,2B,2B,224.8
2022,2022_3B_117,417.18,3B,3B;1B,224.8
2022,2022_2B_095,438.85,2B,2B;OF,225.3
2022,2022_2B_081,430.93,2B,2B,228.5
2022,2022_C_002,395.91,C,C,228.6
2022,2022_SP_294,433.68,SP,SP;RP,231.6
2022,2022_RP_363,409.17,RP,RP,231.7
2022,2022_3B_125,396.48,3B,3B,232.2
2022,2022_2B_096,410.95,2B,2B,232.7
2022,2022_OF_195,453.73,OF,OF,235.5
2022,2022_2B_083,401.32,2B,2B,236.3
2022,2022_OF_167,461.41,OF,OF,238.6
2022,2022_RP_345,425.97,RP,RP,240.0
2022,2022_OF_209,417.55,OF,OF,240.4
2022,2022_SP_295,413.15,SP,SP,241.3
2022,2022_OF_205,422.99,OF,OF,242.3
2022,2022_SP_292,399.28,SP,SP,244.7
2022,2022_SP_327,434.52,SP,SP,244.7
2022,2022_C_021,404.05,C,C,248.7
2022,2022_RP_341,382.93,RP,RP,250.9
2022,2022_SP_277,450.25,SP,SP,251.1
2022,2022_OF_176,443.64,OF,OF,253.2
2022,2022_3B_120,430.22,3B,3B;1B,253.3
2022,2022_OF_215,352.87,OF,OF,254.4
2022,2022_OF_196,440.24,OF,OF,254.9
2022,2022_SS_164,412.21,SS,SS,255.4
2022,2022_OF_187,412.36,OF,OF,255.4
2022,2022_2B_092,436.73,2B,2B;OF,255.5
2022,2022_C_013,402.48,C,C,256.2
2022,2022_OF_177,450.67,OF,OF,257.4
2022,2022_3B_112,429.06,3B,3B,258.7
2022,2022_C_009,400.49,C,C,260.9
2022,2022_2B_066,406.42,2B,2B,261.0
2022,2022_RP_359,368.25,RP,RP,261.2
2022,2022_C_014,402.84,C,C,261.5
2022,2022_RP_330,432.04,RP,RP,261.7
2022,2022_SP_284,358.92,SP,SP,263.0
2022,2022_SP_282,402.03,SP,SP,263.1
2022,2022_RP_357,337.63,RP,RP,266.8
2022,2022_1B_061,381.39,1B,1B,267.6
2022,2022_3B_128,394.3,3B,3B,269.0
2022,2022_RP_362,357.23,RP,RP;SP,269.0
2022,2022_RP_342,367.08,RP,RP;SP,270.7
2022,2022_3B_130,374.43,3B,3B,271.8
2022,2022_SP_296,440.97,SP,SP,272.6
2022,2022_SP_314,435.36,SP,SP,273.8
2022,2022_OF_204,398.13,OF,OF,274.5
2022,2022_C_027,379.4,C,C,275.5
2022,2022_OF_192,387.96,OF,OF,276.0
2022,2022_2B_078,394.33,2B,2B;SS,277.0
2022,2022_C_015,350.77,C,C,278.4
2022,2022_OF_225,383.75,OF,OF,279.5
2022,2022_C_028,355.55,C,C,279.6
2022,2022_2B_094,396.18,2B,2B,280.7
2022,2022_OF_220,424.61,OF,OF,280.9
2022,2022_SP_289,384.76,SP,SP,281.0
2022,2022_2B_084,413.65,2B,2B,281.9
2022,2022_RP_371,369.5,RP,RP;SP,283.6
2022,2022_1B_057,412.32,1B,1B,284.7
2022,2022_1B_046,428.82,1B,1B,284.9
2022,2022_2B_088,401.22,2B,2B;OF,285.8
2022,2022_OF_208,378.12,OF,OF,288.6
2022,2022_OF_178,435.5,OF,OF,289.6
2022,2022_OF_199,390.99,OF,OF,289.6
2022,2022_RP_343,361.3,RP,RP,290.0
2022,2022_SP_307,355.26,SP,SP,292.0
2022,2022_SP_298,375.94,SP,SP,293.1
2022,2022_RP_365,375.82,RP,RP,297.1
2022,2022_SP_322,401.45,SP,SP,297.9
2022,2022_SS_151,422.04,SS,SS,298.1
2022,2022_SP_311,366.45,SP,SP,298.6
2022,2022_C_007,368.35,C,C,299.2
2022,2022_1B_052,465.36,1B,1B,299.5
2022,2022_SP_326,329.35,SP,SP,303.1
2022,2022_OF_213,407.46,OF,OF,303.5
2022,2022_C_011,392.28,C,C,303.8
2022,2022_SP_290,399.21,SP,SP,304.1
2022,2022_OF_222,381.13,OF,OF,304.5
2022,2022_RP_354,378.19,RP,RP,304.9
2022,2022_3B_129,409.2,3B,3B,305.2
2022,2022_OF_197,419.35,OF,OF,308.3
2022,2022_OF_231,381.0,OF,OF,308.9
2022,2022_SP_316,340.65,SP,SP,311.0
2022,2022_RP_340,390.15,RP,RP;SP,311.6
2022,2022_SP_286,389.93,SP,SP;RP,312.2
2022,2022_C_017,346.14,C,C,314.2
2022,2022_OF_203,372.05,OF,OF,316.0
2022,2022_RP_360,385.73,RP,RP;SP,317.0
2022,2022_SP_321,314.08,SP,SP,318.1
2022,2022_C_020,339.88,C,C,318.9
2022,2022_OF_206,367.34,OF,OF;1B,318.9
2022,2022_SP_310,375.73,SP,SP,319.1
2022,2022_2B_086,384.98,2B,2B;SS,319.6
2022,2022_SP_313,326.4,SP,SP,320.7
2022,2022_OF_218,384.73,OF,OF;1B,321.5
2022,2022_SP_328,365.93,SP,SP;RP,323.0
2022,2022_RP_368,279.88,RP,RP;SP,323.3
2022,2022_OF_181,423.33,OF,OF,323.9
2022,2022_RP_369,346.98,RP,RP,324.8
2022,2022_3B_121,397.09,3B,3B,325.0
2022,2022_OF_246,368.37,OF,OF,325.4
2022,2022_SP_304,384.4,SP,SP;RP,325.8
2022,2022_OF_239,321.43,OF,OF,329.1
2022,2022_OF_201,394.95,OF,OF,329.3
2022,2022_OF_212,350.56,OF,OF;1B,329.9
2022,2022_RP_358,330.73,RP,RP,331.2
2022,2022_OF_217,332.41,OF,OF,332.8
2022,2022_OF_240,322.56,OF,OF,333.5
2022,2022_C_022,343.56,C,C,335.5
2022,2022_RP_352,326.03,RP,RP;SP,338.7
2022,2022_OF_214,383.52,OF,OF;1B,340.6
2022,2022_RP_366,321.87,RP,RP,341.5
2022,2022_SP_308,384.13,SP,SP,342.2
2022,2022_OF_221,321.87,OF,OF,343.2
2022,2022_OF_210,319.18,OF,OF,343.4
2022,2022_OF_228,365.9,OF,OF,343.9
2022,2022_OF_219,397.74,OF,OF,345.0
2022,2022_RP_351,309.74,RP,RP,348.4
2022,2022_RP_361,350.06,RP,RP,349.8
2022,2022_RP_372,294.16,RP,RP,350.0
2022,2022_SP_324,295.99,SP,SP,350.7
2022,2022_RP_353,358.97,RP,RP,350.8
2022,2022_RP_370,315.64,RP,RP,350.8
2022,2022_SP_325,337.43,SP,SP,351.3
2022,2022_OF_216,329.57,OF,OF;1B,351.4
2022,2022_RP_367,393.59,RP,RP,351.8
2022,2022_SP_301,338.73,SP,SP;RP,352.1
2022,2022_OF_223,321.57,OF,OF,353.3
2022,2022_OF_226,360.54,OF,OF,353.3
2022,2022_OF_237,330.57,OF,OF,354.0
2022,2022_OF_238,336.37,OF,OF,356.9
2022,2022_OF_234,253.22,OF,OF,360.3
2022,2022_OF_227,279.43,OF,OF,360.6
2022,2022_OF_245,239.11,OF,OF,360.7
2022,2022_C_026,298.61,C,C,361.3
2022,2022_OF_230,286.16,OF,OF,361.3
2022,2022_SP_312,342.49,SP,SP,362.7
2022,2022_OF_207,353.22,OF,OF;1B,363.6
2022,2022_SP_315,299.25,SP,SP;RP,365.0
2022,2022_OF_243,228.22,OF,OF,366.3
2022,2022_OF_242,298.06,OF,OF,368.5
2022,2022_OF_241,254.23,OF,OF,368.8
2022,2022_OF_244,229.88,OF,OF;1B,370.5
2022,2022_OF_202,341.62,OF,OF,370.8
2022,2022_OF_232,326.35,OF,OF,372.9
2022,2022_OF_233,288.46,OF,OF,376.7
2023,2023_1B_042,625.37,1B,1B,1.0
2023,2023_SS_146,555.82,SS,SS;3B,1.0
2023,2023_SS_153,544.1,SS,SS,1.0
2023,2023_SP_278,673.54,SP,SP,1.0
2023,2023_SS_141,541.02,SS,SS,1.2
2023,2023_C_011,538.51,C,C,1.5
2023,2023_SP_256,672.82,SP,SP,2.4
2023,2023_OF_192,663.61,OF,OF,3.3
2023,2023_RP_334,549.01,RP,RP,5.9
2023,2023_SP_258,555.71,SP,SP,8.8
2023,2023_C_022,534.67,C,C,11.1
2023,2023_SS_138,541.33,SS,SS,11.8
2023,2023_SP_259,555.78,SP,SP,11.9
2023,2023_SS_142,557.33,SS,SS;3B,12.4
2023,2023_3B_110,569.34,3B,3B,12.5
2023,2023_3B_097,625.83,3B,3B,13.9
2023,2023_SP_262,692.41,SP,SP,14.0
2023,2023_SP_289,639.48,SP,SP;RP,14.1
2023,2023_OF_171,653.54,OF,OF,19.4
2023,2023_SS_165,523.72,SS,SS,20.7
2023,2023_RP_350,553.67,RP,RP,22.4
2023,2023_RP_356,580.79,RP,RP;SP,22.6
2023,2023_SS_131,581.46,SS,SS,23.6
2023,2023_SP_264,594.94,SP,SP,25.3
2023,2023_SP_248,543.89,SP,SP,25.8
2023,2023_2B_073,541.34,2B,2B,28.1
2023,2023_RP_337,514.56,RP,RP,28.8
2023,2023_2B_068,556.81,2B,2B,28.9
2023,2023_2B_063,512.34,2B,2B,30.6
2023,2023_RP_333,539.04,RP,RP,31.7
2023,2023_SP_297,579.55,SP,SP,32.2
2023,2023_OF_174,616.11,OF,OF,32.5
2023,2023_1B_046,586.16,1B,1B,32.6
2023,2023_SS_164,518.38,SS,SS,34.9
2023,2023_RP_341,520.92,RP,RP,35.4
2023,2023_SP_249,560.35,SP,SP,36.1
2023,2023_RP_331,549.42,RP,RP,38.9
2023,2023_SP_257,543.17,SP,SP;RP,40.0
2023,2023_1B_040,589.39,1B,1B,40.1
2023,2023_RP_339,545.15,RP,RP;SP,40.1
2023,2023_2B_091,534.48,2B,2B,41.9
2023,2023_SP_247,530.1,SP,SP,45.1
2023,2023_SS_139,494.56,SS,SS,45.9
2023,2023_SP_269,532.37,SP,SP,46.2
2023,2023_1B_053,517.26,1B,1B,48.3
2023,2023_3B_107,593.6,3B,3B;SS,50.7
2023,2023_2B_080,494.7,2B,2B,51.0
2023,2023_2B_089,517.63,2B,2B,51.5
2023,2023_SS_143,477.92,SS,SS;3B,52.8
2023,2023_RP_329,548.91,RP,RP;SP,54.1
2023,2023_SS_147,533.94,SS,SS;2B,54.4
2023,2023_SP_282,523.98,SP,SP,55.2
2023,2023_SS_163,494.28,SS,SS;3B,55.9
2023,2023_SP_252,520.14,SP,SP,56.0
2023,2023_SS_132,507.18,SS,SS,56.2
2023,2023_SS_133,476.55,SS,SS,56.4
2023,2023_SP_270,564.07,SP,SP;RP,58.3
2023,2023_1B_036,572.42,1B,1B;3B,58.6
2023,2023_SP_266,496.72,SP,SP,60.2
2023,2023_2B_066,521.1,2B,2B;SS,60.3
2023,2023_1B_033,508.88,1B,1B,61.4
2023,2023_1B_050,560.84,1B,1B,63.2
2023,2023_OF_186,563.39,OF,OF,64.2
2023,2023_RP_338,487.46,RP,RP,66.3
2023,2023_SP_263,527.38,SP,SP,68.1
2023,2023_SS_150,497.9,SS,SS,69.3
2023,2023_3B_122,532.66,3B,3B,71.0
2023,2023_C_005,486.9,C,C,71.4
2023,2023_C_013,432.5,C,C,71.7
2023,2023_OF_172,524.72,OF,OF,72.2
2023,2023_SP_291,552.73,SP,SP,73.0
2023,2023_1B_032,514.12,1B,1B,73.2
2023,2023_SS_144,461.96,SS,SS;3B,74.6
2023,2023_3B_115,496.24,3B,3B,76.1
2023,2023_OF_199,518.28,OF,OF,76.7
2023,2023_SP_253,518.72,SP,SP,76.7
2023,2023_1B_029,501.96,1B,1B,77.1
2023,2023_3B_109,532.94,3B,3B,77.8
2023,2023_1B_039,491.79,1B,1B;3B,79.5
2023,2023_3B_100,511.76,3B,3B,81.1
2023,2023_SP_272,477.87,SP,SP,81.1
2023,2023_SP_255,529.05,SP,SP,81.4
2023,2023_1B_037,528.73,1B,1B,82.0
2023,2023_3B_121,508.34,3B,3B,83.2
2023,2023_C_009,476.28,C,C,83.5
2023,2023_SS_136,460.72,SS,SS,83.6
2023,2023_SS_151,495.76,SS,SS;2B,86.3
2023,2023_SP_261,508.92,SP,SP,86.8
2023,2023_2B_064,485.68,2B,2B,88.6
2023,2023_SP_267,515.39,SP,SP,88.9
2023,2023_SP_251,560.38,SP,SP;RP,91.0
2023,2023_1B_056,501.48,1B,1B;3B,93.0
2023,2023_SS_155,477.97,SS,SS,93.3
2023,2023_2B_065,473.87,2B,2B,95.7
2023,2023_OF_178,471.34,OF,OF;1B,96.0
2023,2023_2B_070,468.31,2B,2B,96.7
2023,2023_RP_352,491.02,RP,RP;SP,96.7
2023,2023_1B_031,505.75,1B,1B;OF,96.9
2023,2023_1B_035,496.38,1B,1B,97.0
2023,2023_OF_170,506.81,OF,OF,97.7
2023,2023_3B_099,481.43,3B,3B,99.0
2023,2023_C_017,413.51,C,C,99.6
2023,2023_SS_140,480.99,SS,SS,100.1
2023,2023_SS_134,473.87,SS,SS,105.7
2023,2023_SS_135,486.71,SS,SS,107.3
2023,2023_SS_145,490.98,SS,SS,108.8
2023,2023_SS_159,436.99,SS,SS,110.7
2023,2023_SS_161,450.91,SS,SS,111.0
2023,2023_OF_179,514.66,OF,OF,111.8
2023,2023_SS_152,451.7,SS,SS;3B,112.6
2023,2023_3B_104,481.18,3B,3B,113.3
2023,2023_RP_346,401.21,RP,RP,114.8
2023,2023_SP_250,528.65,SP,SP,116.0
2023,2023_OF_224,496.96,OF,OF,117.1
2023,2023_3B_106,486.97,3B,3B,118.3
2023,2023_SP_290,503.99,SP,SP;RP,118.3
2023,2023_RP_364,398.99,RP,RP,118.9
2023,2023_SS_148,450.39,SS,SS,119.1
2023,2023_SP_265,472.99,SP,SP,119.4
2023,2023_1B_057,487.58,1B,1B,119.5
2023,2023_1B_055,472.32,1B,1B,120.0
2023,2023_1B_049,501.84,1B,1B,120.4
2023,2023_SP_280,482.14,SP,SP,122.3
2023,2023_SP_321,431.7,SP,SP,124.4
2023,2023_2B_077,476.03,2B,2B,124.7
2023,2023_SP_254,477.26,SP,SP,127.1
2023,2023_1B_034,496.59,1B,1B;3B,128.1
2023,2023_OF_181,429.42,OF,OF;1B,128.2
2023,2023_2B_079,489.49,2B,2B,129.8
2023,2023_1B_038,485.62,1B,1B,130.4
2023,2023_1B_030,527.07,1B,1B,130.7
2023,2023_3B_102,490.59,3B,3B,132.1
2023,2023_SP_260,481.1,SP,SP,132.4
2023,2023_RP_353,444.95,RP,RP;SP,134.2
2023,2023_SS_162,426.02,SS,SS,134.5
2023,2023_2B_088,443.3,2B,2B,134.7
2023,2023_3B_098,480.95,3B,3B,134.7
2023,2023_1B_044,488.37,1B,1B;OF,137.2
2023,2023_3B_125,521.06,3B,3B,139.1
2023,2023_OF_173,502.8,OF,OF;1B,139.3
2023,2023_C_002,423.0,C,C,139.8
2023,2023_SS_166,424.26,SS,SS,140.9
2023,2023_OF_175,496.14,OF,OF,143.4
2023,2023_1B_047,470.99,1B,1B,145.0
2023,2023_3B_111,480.53,3B,3B,145.0
2023,2023_OF_184,488.72,OF,OF;1B,147.6
2023,2023_1B_060,510.36,1B,1B,150.1
2023,2023_SP_281,465.14,SP,SP;RP,150.4
2023,2023_RP_340,459.29,RP,RP,152.3
2023,2023_2B_075,450.14,2B,2B,152.4
2023,2023_3B_112,472.78,3B,3B,152.9
2023,2023_1B_043,483.46,1B,1B;3B,153.1
2023,2023_OF_177,478.51,OF,OF,154.4
2023,2023_C_026,455.81,C,C,156.1
2023,2023_SP_308,469.33,SP,SP;RP,157.4
2023,2023_3B_101,493.42,3B,3B,158.4
2023,2023_SP_279,451.63,SP,SP;RP,160.0
2023,2023_OF_215,467.0,OF,OF,160.5
2023,2023_2B_085,458.21,2B,2B,160.8
2023,2023_OF_210,459.23,OF,OF,163.2
2023,2023_3B_105,472.44,3B,3B,163.3
2023,2023_C_010,407.09,C,C,164.0
2023,2023_RP_367,432.15,RP,RP,164.1
2023,2023_SP_277,452.53,SP,SP,164.3
2023,2023_RP_369,426.26,RP,RP,164.3
2023,2023_SP_276,435.12,SP,SP;RP,164.8
2023,2023_SP_268,511.53,SP,SP,167.5
2023,2023_SP_302,460.8,SP,SP;RP,167.9
2023,2023_RP_335,462.45,RP,RP,168.3
2023,2023_2B_087,471.01,2B,2B,168.8
2023,2023_OF_167,472.13,OF,OF,171.3
2023,2023_OF_202,512.01,OF,OF,171.6
2023,2023_OF_180,488.61,OF,OF,172.6
2023,2023_RP_330,451.74,RP,RP;SP,172.8
2023,2023_SP_274,445.07,SP,SP,174.3
2023,2023_SP_283,417.14,SP,SP,177.5
2023,2023_1B_045,464.71,1B,1B,177.9
2023,2023_SP_285,444.67,SP,SP,180.0
2023,2023_SP_294,412.82,SP,SP,180.9
2023,2023_OF_191,426.66,OF,OF,181.6
2023,2023_OF_198,505.65,OF,OF,183.4
2023,2023_3B_103,488.13,3B,3B,183.9
2023,2023_1B_051,456.36,1B,1B,185.1
2023,2023_SP_271,477.89,SP,SP,185.3
2023,2023_RP_332,432.14,RP,RP;SP,185.5
2023,2023_OF_185,458.85,OF,OF,185.7
2023,2023_OF_188,492.73,OF,OF,185.9
2023,2023_2B_069,431.34,2B,2B,186.0
2023,2023_SP_275,496.42,SP,SP,187.3
2023,2023_OF_176,507.68,OF,OF,189.0
2023,2023_2B_078,445.48,2B,2B,191.3
2023,2023_3B_108,488.85,3B,3B;SS,191.5
2023,2023_SP_287,453.04,SP,SP,192.5
2023,2023_1B_048,464.79,1B,1B;3B,192.8
2023,2023_3B_129,420.92,3B,3B,195.0
2023,2023_SP_311,404.04,SP,SP,196.3
2023,2023_C_027,349.1,C,C,197.0
2023,2023_C_012,383.8,C,C,198.1
2023,2023_3B_120,448.96,3B,3B,198.5
2023,2023_SP_323,447.14,SP,SP;RP,199.4
2023,2023_1B_041,479.97,1B,1B;3B,199.5
2023,2023_OF_169,485.82,OF,OF,199.8
2023,2023_C_007,394.36,C,C,202.1
2023,2023_3B_116,466.16,3B,3B;1B,202.3
2023,2023_SS_137,473.89,SS,SS;2B,205.6
2023,2023_SS_154,423.71,SS,SS,206.0
2023,2023_SS_158,421.35,SS,SS,207.0
2023,2023_OF_168,454.41,OF,OF;1B,207.8
2023,2023_2B_074,402.13,2B,2B,208.2
2023,2023_2B_095,400.24,2B,2B,209.1
2023,2023_2B_086,426.35,2B,2B,209.9
2023,2023_2B_094,393.36,2B,2B,212.7
2023,2023_SS_149,451.37,SS,SS,212.7
2023,2023_OF_226,462.31,OF,OF,214.3
2023,2023_C_004,414.06,C,C,214.4
2023,2023_3B_114,428.8,3B,3B,215.6
2023,2023_2B_084,434.77,2B,2B,216.2
2023,2023_RP_342,379.49,RP,RP;SP,219.3
2023,2023_SP_273,463.22,SP,SP,220.1
2023,2023_3B_124,445.18,3B,3B;1B,220.9
2023,2023_C_025,405.21,C,C,221.1
2023,2023_2B_081,424.27,2B,2B,222.1
2023,2023_OF_189,419.3,OF,OF,222.3
2023,2023_SP_320,417.09,SP,SP,222.8
2023,2023_3B_119,411.24,3B,3B,224.7
2023,2023_SS_156,453.27,SS,SS;2B,224.7
2023,2023_C_020,407.47,C,C,228.1
2023,2023_3B_113,466.88,3B,3B;SS,230.3
2023,2023_OF_187,420.4,OF,OF;1B,230.4
2023,2023_C_015,419.58,C,C,231.6
2023,2023_OF_190,396.48,OF,OF,233.9
2023,2023_SP_317,432.49,SP,SP,235.6
2023,2023_2B_090,397.0,2B,2B,235.9
2023,2023_C_003,392.85,C,C,238.3
2023,2023_2B_067,463.88,2B,2B,238.3
2023,2023_OF_183,446.23,OF,OF,239.7
2023,2023_SP_305,410.32,SP,SP,239.7
2023,2023_SP_314,392.35,SP,SP,240.1
2023,2023_2B_071,456.27,2B,2B,240.2
2023,2023_RP_343,411.87,RP,RP,240.8
2023,2023_C_001,402.17,C,C,241.5
2023,2023_SP_295,414.5,SP,SP,241.5
2023,2023_OF_197,458.25,OF,OF,242.0
2023,2023_C_019,397.9,C,C,243.1
2023,2023_C_018,381.25,C,C,244.9
2023,2023_OF_182,451.72,OF,OF,245.4
2023,2023_C_006,415.39,C,C,245.8
2023,2023_OF_207,389.42,OF,OF,246.1
2023,2023_OF_227,426.56,OF,OF,246.1
2023,2023_3B_130,425.84,3B,3B;1B,249.2
2023,2023_2B_082,406.86,2B,2B,250.4
2023,2023_SP_306,395.1,SP,SP,251.3
2023,2023_2B_076,429.4,2B,2B,253.1
2023,2023_SP_284,405.78,SP,SP,254.4
2023,2023_C_023,349.11,C,C,254.8
2023,2023_2B_093,411.61,2B,2B,254.9
2023,2023_1B_059,450.19,1B,1B;3B,256.1
2023,2023_2B_092,409.18,2B,2B,256.7
2023,2023_SS_157,411.13,SS,SS,258.0
2023,2023_3B_128,404.57,3B,3B;1B,260.2
2023,2023_OF_214,419.35,OF,OF,260.5
2023,2023_OF_211,396.51,OF,OF,262.0
2023,2023_3B_127,409.05,3B,3B,262.2
2023,2023_1B_062,435.56,1B,1B,264.4
2023,2023_1B_052,480.1,1B,1B,264.8
2023,2023_RP_351,408.71,RP,RP,269.3
2023,2023_RP_336,405.35,RP,RP,271.4
2023,2023_OF_228,454.54,OF,OF,271.5
2023,2023_OF_204,411.83,OF,OF,271.9
2023,2023_C_014,385.18,C,C,272.0
2023,2023_SS_160,421.15,SS,SS;2B,273.0
2023,2023_2B_083,418.22,2B,2B;SS,273.6
2023,2023_3B_126,391.6,3B,3B,274.3
2023,2023_2B_072,445.11,2B,2B,274.5
2023,2023_SP_328,395.54,SP,SP;RP,275.2
2023,2023_RP_363,406.67,RP,RP,275.6
2023,2023_SP_292,427.77,SP,SP,276.8
2023,2023_SP_313,369.39,SP,SP,278.2
2023,2023_C_016,382.17,C,C,278.5
2023,2023_OF_194,437.87,OF,OF,278.9
2023,2023_2B_096,412.36,2B,2B,279.0
2023,2023_RP_365,351.02,RP,RP,280.5
2023,2023_RP_345,408.74,RP,RP,280.7
2023,2023_3B_118,420.82,3B,3B,281.6
2023,2023_SP_288,385.68,SP,SP;RP,284.9
2023,2023_OF_205,412.77,OF,OF,285.0
2023,2023_OF_236,428.32,OF,OF,285.4
2023,2023_SP_315,377.04,SP,SP,286.6
2023,2023_1B_054,435.69,1B,1B;3B,286.7
2023,2023_C_008,380.99,C,C,287.2
2023,2023_RP_344,370.86,RP,RP,288.7
2023,2023_OF_203,427.39,OF,OF,289.5
2023,2023_OF_193,414.23,OF,OF,289.9
2023,2023_OF_201,366.06,OF,OF,289.9
2023,2023_SP_303,381.49,SP,SP,289.9
2023,2023_OF_206,368.16,OF,OF,293.1
2023,2023_RP_358,383.82,RP,RP,298.1
2023,2023_OF_233,399.3,OF,OF,299.0
2023,2023_SP_307,393.87,SP,SP,300.1
2023,2023_3B_123,398.87,3B,3B,301.4
2023,2023_OF_195,404.67,OF,OF,301.7
2023,2023_OF_196,380.1,OF,OF,302.2
2023,2023_SP_286,374.8,SP,SP;RP,303.0
2023,2023_RP_355,362.08,RP,RP;SP,304.7
2023,2023_SP_318,356.85,SP,SP,305.4
2023,2023_RP_347,375.63,RP,RP,305.9
2023,2023_C_021,354.57,C,C,307.1
2023,2023_3B_117,404.44,3B,3B,307.5
2023,2023_SP_300,402.32,SP,SP,308.7
2023,2023_SP_301,397.28,SP,SP;RP,309.3
2023,2023_RP_373,354.05,RP,RP,309.5
2023,2023_SP_304,335.65,SP,SP;RP,310.9
2023,2023_OF_213,383.18,OF,OF,311.7
2023,2023_1B_058,407.34,1B,1B,312.2
2023,2023_RP_366,381.81,RP,RP,312.3
2023,2023_OF_208,412.44,OF,OF;1B,312.9
2023,2023_OF_221,358.63,OF,OF;1B,315.7
2023,2023_RP_349,378.81,RP,RP,316.7
2023,2023_RP_357,356.92,RP,RP,317.0
2023,2023_OF_216,378.46,OF,OF;1B,317.1
2023,2023_OF_200,378.1,OF,OF,317.9
2023,2023_OF_212,372.76,OF,OF,318.9
2023,2023_OF_229,362.54,OF,OF,319.0
2023,2023_OF_219,327.67,OF,OF,320.2
2023,2023_SP_327,361.88,SP,SP,322.8
2023,2023_OF_218,390.45,OF,OF;1B,325.3
2023,2023_SP_293,395.23,SP,SP,327.5
2023,2023_RP_354,342.12,RP,RP,327.8
2023,2023_RP_360,350.1,RP,RP;SP,328.6
2023,2023_SP_312,313.8,SP,SP;RP,329.4
2023,2023_RP_348,373.39,RP,RP;SP,330.0
2023,2023_SP_310,339.17,SP,SP,333.0
2023,2023_1B_061,383.02,1B,1B;OF,333.5
2023,2023_RP_359,334.59,RP,RP,334.2
2023,2023_OF_220,331.4,OF,OF,335.1
2023,2023_RP_371,308.65,RP,RP,335.4
2023,2023_OF_225,308.31,OF,OF,335.6
2023,2023_SP_299,353.27,SP,SP;RP,335.6
2023,2023_SP_309,343.51,SP,SP,336.3
2023,2023_SP_324,336.75,SP,SP;RP,336.6
2023,2023_SP_296,374.35,SP,SP,337.5
2023,2023_OF_222,333.23,OF,OF;1B,337.7
2023,2023_C_024,326.12,C,C,338.9
2023,2023_SP_298,349.82,SP,SP;RP,339.5
2023,2023_OF_232,352.56,OF,OF,345.1
2023,2023_SP_316,326.92,SP,SP;RP,349.4
2023,2023_C_028,343.42,C,C,349.6
2023,2023_OF_209,346.05,OF,OF,350.0
2023,2023_OF_241,319.12,OF,OF,350.7
2023,2023_RP_361,329.34,RP,RP,351.5
2023,2023_RP_362,335.02,RP,RP,351.5
2023,2023_OF_223,304.56,OF,OF,351.6
2023,2023_SP_319,319.04,SP,SP,352.4
2023,2023_SP_325,300.39,SP,SP,352.8
2023,2023_RP_372,379.56,RP,RP,354.4
2023,2023_OF_238,292.16,OF,OF,354.6
2023,2023_OF_244,272.54,OF,OF;1B,354.6
2023,2023_OF_217,312.87,OF,OF,355.9
2023,2023_OF_240,339.5,OF,OF,357.0
2023,2023_RP_368,307.92,RP,RP,358.8
2023,2023_OF_242,271.65,OF,OF,360.5
2023,2023_OF_243,270.4,OF,OF,361.6
2023,2023_OF_237,295.36,OF,OF;1B,362.3
2023,2023_OF_234,279.79,OF,OF,362.9
2023,2023_RP_370,293.81,RP,RP,363.5
2023,2023_SP_322,302.58,SP,SP,364.1
2023,2023_SP_326,335.5,SP,SP;RP,364.3
2023,2023_OF_231,273.46,OF,OF,366.1
2023,2023_OF_239,282.02,OF,OF;1B,366.2
2023,2023_OF_230,281.7,OF,OF,367.5
2023,2023_OF_245,284.84,OF,OF,368.1
2023,2023_OF_246,245.85,OF,OF;1B,369.3
2023,2023_OF_235,266.76,OF,OF,371.3
2024,2024_SP_253,754.39,SP,SP;RP,1.0
2024,2024_SP_310,595.54,SP,SP,1.0
2024,2024_3B_111,662.19,3B,3B,2.6
2024,2024_OF_183,622.61,OF,OF,2.6
2024,2024_SS_131,608.6,SS,SS,3.7
2024,2024_SS_137,649.16,SS,SS,4.4
2024,2024_SP_249,712.87,SP,SP,4.6
2024,2024_2B_072,583.21,2B,2B;OF,7.7
2024,2024_OF_185,584.96,OF,OF,8.7
2024,2024_1B_037,567.38,1B,1B,9.4
2024,2024_SS_164,638.17,SS,SS;2B,11.9
2024,2024_SP_280,520.17,SP,SP,12.7
2024,2024_SS_151,560.63,SS,SS;3B,13.6
2024,2024_1B_029,576.5,1B,1B,15.0
2024,2024_SP_247,547.77,SP,SP,15.5
2024,2024_OF_171,547.92,OF,OF;1B,17.2
2024,2024_SS_134,521.05,SS,SS,18.3
2024,2024_OF_176,541.78,OF,OF,18.6
2024,2024_SP_254,501.65,SP,SP;RP,18.8
2024,2024_2B_069,526.71,2B,2B,19.1
2024,2024_SP_248,562.07,SP,SP,19.3
2024,2024_OF_188,550.8,OF,OF,19.4
2024,2024_SP_269,536.42,SP,SP,20.0
2024,2024_2B_066,528.12,2B,2B;OF,20.7
2024,2024_3B_110,510.87,3B,3B;1B,21.0
2024,2024_1B_032,533.8,1B,1B;3B,21.6
2024,2024_SS_143,527.89,SS,SS,22.6
2024,2024_SS_153,541.71,SS,SS;3B,23.9
2024,2024_2B_068,508.17,2B,2B,24.2
2024,2024_SP_312,600.01,SP,SP,26.6
2024,2024_SP_314,542.5,SP,SP;RP,28.8
2024,2024_SS_136,487.73,SS,SS,28.9
2024,2024_1B_038,575.23,1B,1B,29.0
2024,2024_SP_251,568.61,SP,SP;RP,30.6
2024,2024_OF_172,549.57,OF,OF,31.1
2024,2024_SS_155,503.87,SS,SS,33.4
2024,2024_1B_048,574.48,1B,1B;OF,35.6
2024,2024_3B_122,520.29,3B,3B,36.0
2024,2024_SS_133,470.45,SS,SS,37.3
2024,2024_2B_070,540.91,2B,2B,39.5
2024,2024_SP_283,485.96,SP,SP,41.1
2024,2024_3B_120,486.36,3B,3B,41.2
2024,2024_2B_080,471.85,2B,2B,41.6
2024,2024_SP_295,522.61,SP,SP,42.1
2024,2024_2B_084,502.49,2B,2B,42.4
2024,2024_2B_064,535.17,2B,2B,45.2
2024,2024_SP_293,545.69,SP,SP,46.1
2024,2024_RP_332,484.82,RP,RP,46.5
2024,2024_OF_203,552.81,OF,OF,47.2
2024,2024_2B_067,529.47,2B,2B,48.3
2024,2024_SP_267,535.13,SP,SP,48.5
2024,2024_SP_327,484.87,SP,SP;RP,49.2
2024,2024_1B_030,499.0,1B,1B,52.9
2024,2024_1B_044,537.76,1B,1B,52.9
2024,2024_1B_031,488.01,1B,1B,54.1
2024,2024_2B_096,460.38,2B,2B,56.3
2024,2024_OF_175,542.33,OF,OF,56.4
2024,2024_2B_090,469.46,2B,2B,57.9
2024,2024_3B_097,476.98,3B,3B,58.1
2024,2024_3B_115,455.65,3B,3B;SS,58.4
2024,2024_OF_178,515.64,OF,OF,59.9
2024,2024_SP_259,488.09,SP,SP,60.0
2024,2024_3B_117,501.86,3B,3B,61.2
2024,2024_SP_272,453.63,SP,SP,62.4
2024,2024_SP_255,498.28,SP,SP,63.9
2024,2024_3B_116,496.9,3B,3B;1B,65.9
2024,2024_SS_135,489.94,SS,SS;2B,66.6
2024,2024_RP_346,488.29,RP,RP,66.7
2024,2024_SP_260,426.36,SP,SP,68.3
2024,2024_3B_099,439.23,3B,3B,69.7
2024,2024_3B_109,437.49,3B,3B;1B,70.4
2024,2024_SP_271,476.39,SP,SP,70.7
2024,2024_RP_344,510.05,RP,RP,71.1
2024,2024_1B_062,502.03,1B,1B,71.5
2024,2024_OF_210,472.38,OF,OF,71.5
2024,2024_2B_074,478.01,2B,2B,72.8
2024,2024_SS_139,463.74,SS,SS,73.9
2024,2024_2B_085,452.62,2B,2B,76.7
2024,2024_3B_103,469.12,3B,3B,78.1
2024,2024_1B_035,490.61,1B,1B,81.4
2024,2024_3B_101,460.51,3B,3B,82.4
2024,2024_SS_146,463.92,SS,SS,84.7
2024,2024_RP_350,427.56,RP,RP,84.9
2024,2024_3B_098,453.65,3B,3B;SS,85.5
2024,2024_SS_160,432.87,SS,SS,85.5
2024,2024_SS_144,422.71,SS,SS,85.7
2024,2024_2B_094,418.22,2B,2B,85.8
2024,2024_3B_105,459.6,3B,3B,85.8
2024,2024_2B_077,434.87,2B,2B;SS,87.3
2024,2024_SP_263,438.03,SP,SP,88.1
2024,2024_OF_244,512.05,OF,OF,88.5
2024,2024_3B_107,472.49,3B,3B,89.7
2024,2024_1B_034,460.79,1B,1B,94.4
2024,2024_RP_342,485.31,RP,RP,94.7
2024,2024_2B_081,467.91,2B,2B;OF,95.6
2024,2024_SS_165,445.26,SS,SS,96.1
2024,2024_1B_033,469.47,1B,1B,96.8
2024,2024_SS_132,492.05,SS,SS,98.6
2024,2024_OF_216,467.0,OF,OF,98.9
2024,2024_3B_123,429.77,3B,3B,100.6
2024,2024_1B_050,427.28,1B,1B,101.3
2024,2024_OF_200,474.83,OF,OF;1B,101.4
2024,2024_2B_063,455.79,2B,2B;OF,102.3
2024,2024_SS_148,419.25,SS,SS,103.0
2024,2024_SP_250,480.57,SP,SP,103.7
2024,2024_2B_095,410.23,2B,2B,104.1
2024,2024_SP_265,440.89,SP,SP,105.5
2024,2024_OF_207,445.05,OF,OF,105.8
2024,2024_SP_270,449.64,SP,SP,105.9
2024,2024_C_014,416.95,C,C,107.2
2024,2024_OF_174,460.5,OF,OF,109.7
2024,2024_C_011,386.74,C,C,110.1
2024,2024_3B_106,418.44,3B,3B,112.5
2024,2024_SS_142,452.39,SS,SS,112.6
2024,2024_SS_158,419.0,SS,SS,113.5
2024,2024_SP_264,438.76,SP,SP,115.0
2024,2024_OF_180,453.68,OF,OF,117.5
2024,2024_SP_256,503.49,SP,SP,120.3
2024,2024_OF_169,463.91,OF,OF,120.4
2024,2024_RP_363,392.87,RP,RP,124.3
2024,2024_SP_268,491.78,SP,SP,126.3
2024,2024_1B_055,454.76,1B,1B,126.9
2024,2024_2B_083,452.03,2B,2B,127.5
2024,2024_SP_292,443.98,SP,SP,128.9
2024,2024_SP_262,427.62,SP,SP,129.2
2024,2024_SP_275,462.28,SP,SP,129.4
2024,2024_SS_138,442.49,SS,SS,130.3
2024,2024_SS_141,441.13,SS,SS,131.6
2024,2024_2B_089,418.13,2B,2B,131.7
2024,2024_RP_341,403.86,RP,RP,132.5
2024,2024_OF_226,419.99,OF,OF,132.6
2024,2024_SP_306,438.47,SP,SP,134.1
2024,2024_OF_170,434.05,OF,OF,134.9
2024,2024_SP_261,429.22,SP,SP,136.7
2024,2024_SP_279,440.24,SP,SP,137.0
2024,2024_2B_078,413.49,2B,2B,137.1
2024,2024_SP_285,464.5,SP,SP,137.2
2024,2024_RP_373,443.56,RP,RP,140.2
2024,2024_1B_043,462.5,1B,1B,140.8
2024,2024_2B_075,400.89,2B,2B,141.1
2024,2024_3B_104,451.71,3B,3B,141.3
2024,2024_OF_168,450.76,OF,OF,141.7
2024,2024_3B_102,465.86,3B,3B,141.9
2024,2024_1B_046,415.69,1B,1B,142.8
2024,2024_OF_217,447.43,OF,OF,145.1
2024,2024_1B_049,470.52,1B,1B,146.0
2024,2024_RP_330,401.33,RP,RP,146.0
2024,2024_C_006,419.49,C,C,147.1
2024,2024_SS_166,436.9,SS,SS;2B,148.4
2024,2024_3B_100,428.71,3B,3B,148.5
2024,2024_SP_274,434.88,SP,SP;RP,149.8
2024,2024_C_003,382.2,C,C,150.8
2024,2024_C_020,399.29,C,C,150.8
2024,2024_RP_329,395.25,RP,RP,154.2
2024,2024_3B_113,412.23,3B,3B,154.5
2024,2024_SS_140,437.79,SS,SS,159.6
2024,2024_2B_071,414.38,2B,2B;OF,161.4
2024,2024_3B_125,424.08,3B,3B,161.6
2024,2024_C_001,400.66,C,C,162.6
2024,2024_RP_337,384.94,RP,RP,162.9
2024,2024_OF_182,459.27,OF,OF,165.4
2024,2024_1B_058,392.33,1B,1B,165.8
2024,2024_SP_296,431.07,SP,SP,166.9
2024,2024_SP_252,443.54,SP,SP,167.1
2024,2024_1B_040,471.46,1B,1B;OF,167.6
2024,2024_1B_054,478.37,1B,1B,167.7
2024,2024_1B_036,463.86,1B,1B,169.3
2024,2024_OF_195,450.19,OF,OF,170.1
2024,2024_SP_266,454.94,SP,SP,171.5
2024,2024_SP_277,394.81,SP,SP,172.4
2024,2024_OF_199,431.36,OF,OF,173.6
2024,2024_C_002,386.89,C,C,173.7
2024,2024_1B_042,466.0,1B,1B,173.9
2024,2024_C_004,364.28,C,C,174.9
2024,2024_OF_197,418.39,OF,OF;1B,175.5
2024,2024_RP_333,410.72,RP,RP;SP,175.8
2024,2024_1B_056,392.51,1B,1B,176.1
2024,2024_2B_086,421.61,2B,2B,176.1
2024,2024_SS_154,407.65,SS,SS,177.1
2024,2024_1B_053,395.75,1B,1B,178.4
2024,2024_RP_345,418.98,RP,RP,178.5
2024,2024_RP_369,399.65,RP,RP,179.4
2024,2024_SS_150,389.09,SS,SS,180.2
2024,2024_2B_079,455.87,2B,2B,181.0
2024,2024_SP_257,439.99,SP,SP,182.3
2024,2024_SS_159,401.45,SS,SS;2B,182.8
2024,2024_OF_179,388.07,OF,OF,182.9
2024,2024_SS_152,391.93,SS,SS,183.9
2024,2024_SP_258,462.89,SP,SP,185.6
2024,2024_SP_319,355.67,SP,SP,185.7
2024,2024_1B_045,438.33,1B,1B,186.0
2024,2024_SS_157,383.56,SS,SS,186.9
2024,2024_3B_128,434.34,3B,3B,188.2
2024,2024_OF_184,430.99,OF,OF,190.8
2024,2024_SP_324,451.15,SP,SP,190.8
2024,2024_OF_206,462.24,OF,OF,191.8
2024,2024_SP_287,394.84,SP,SP,192.8
2024,2024_2B_065,424.93,2B,2B,193.8
2024,2024_C_008,369.88,C,C,197.8
2024,2024_RP_335,405.39,RP,RP,198.7
2024,2024_C_023,395.15,C,C,199.1
2024,2024_SS_149,403.94,SS,SS,199.7
2024,2024_SP_289,406.07,SP,SP,201.7
2024,2024_2B_091,394.29,2B,2B,202.3
2024,2024_RP_334,419.27,RP,RP,204.6
2024,2024_OF_173,430.04,OF,OF,205.5
2024,2024_3B_112,386.55,3B,3B,206.1
2024,2024_1B_061,387.76,1B,1B,208.9
2024,2024_3B_108,446.43,3B,3B,211.1
2024,2024_SS_145,436.07,SS,SS,211.5
2024,2024_SS_147,402.4,SS,SS,213.4
2024,2024_RP_338,407.66,RP,RP,213.8
2024,2024_RP_349,388.68,RP,RP,215.2
2024,2024_SP_282,383.22,SP,SP,215.5
2024,2024_3B_114,396.53,3B,3B,216.5
2024,2024_RP_331,417.74,RP,RP,217.6
2024,2024_3B_126,383.76,3B,3B,218.4
2024,2024_2B_073,414.34,2B,2B,219.9
2024,2024_2B_092,387.57,2B,2B,220.1
2024,2024_SP_281,394.12,SP,SP,220.3
2024,2024_2B_076,390.89,2B,2B,221.0
2024,2024_C_012,353.26,C,C,221.1
2024,2024_OF_192,395.59,OF,OF,221.8
2024,2024_OF_202,401.06,OF,OF,222.9
2024,2024_SS_163,378.8,SS,SS;2B,223.3
2024,2024_1B_051,445.5,1B,1B,223.6
2024,2024_C_010,366.63,C,C,224.1
2024,2024_C_013,348.44,C,C,224.7
2024,2024_3B_127,419.58,3B,3B;1B,225.4
2024,2024_2B_088,391.94,2B,2B,226.1
2024,2024_SP_325,410.09,SP,SP,227.3
2024,2024_SP_276,387.05,SP,SP,231.9
2024,2024_2B_087,381.29,2B,2B;SS,232.0
2024,2024_C_026,346.19,C,C,232.7
2024,2024_SS_161,381.68,SS,SS,232.8
2024,2024_1B_052,432.56,1B,1B,234.2
2024,2024_3B_124,427.86,3B,3B,236.6
2024,2024_1B_057,392.58,1B,1B;3B,237.3
2024,2024_1B_041,409.82,1B,1B,241.3
2024,2024_C_021,348.6,C,C,243.5
2024,2024_3B_130,416.02,3B,3B,245.1
2024,2024_C_005,391.44,C,C,245.2
2024,2024_SS_162,380.05,SS,SS,246.8
2024,2024_OF_167,453.48,OF,OF,246.9
2024,2024_OF_191,376.55,OF,OF,247.7
2024,2024_OF_208,381.77,OF,OF,248.5
2024,2024_SP_284,352.08,SP,SP,248.9
2024,2024_C_017,334.23,C,C,250.5
2024,2024_RP_340,384.04,RP,RP;SP,250.9
2024,2024_1B_047,419.87,1B,1B,252.2
2024,2024_C_007,364.04,C,C,253.0
2024,2024_SP_298,415.31,SP,SP,253.6
2024,2024_C_016,340.91,C,C,254.8
2024,2024_SP_311,396.85,SP,SP,255.0
2024,2024_SP_309,351.02,SP,SP;RP,255.4
2024,2024_OF_201,419.5,OF,OF,256.5
2024,2024_SP_313,331.5,SP,SP,256.9
2024,2024_SP_291,387.03,SP,SP,257.0
2024,2024_SP_299,390.42,SP,SP,257.7
2024,2024_3B_118,390.32,3B,3B,258.5
2024,2024_SS_156,380.82,SS,SS,258.5
2024,2024_RP_336,388.76,RP,RP,259.0
2024,2024_1B_059,392.58,1B,1B;3B,259.8
2024,2024_RP_339,381.74,RP,RP,260.6
2024,2024_OF_211,378.24,OF,OF,261.5
2024,2024_1B_060,398.72,1B,1B,264.2
2024,2024_C_009,353.74,C,C,264.4
2024,2024_SP_273,427.47,SP,SP,266.0
2024,2024_OF_187,402.22,OF,OF,266.2
2024,2024_2B_093,322.37,2B,2B,266.5
2024,2024_SP_307,356.73,SP,SP,267.6
2024,2024_C_019,358.98,C,C,268.6
2024,2024_SP_286,373.03,SP,SP;RP,268.9
2024,2024_RP_354,349.88,RP,RP,270.0
2024,2024_RP_356,317.22,RP,RP,271.2
2024,2024_OF_181,406.11,OF,OF;1B,276.6
2024,2024_OF_205,330.63,OF,OF,277.1
2024,2024_OF_186,366.35,OF,OF,277.2
2024,2024_SP_278,377.36,SP,SP,278.8
2024,2024_SP_302,361.91,SP,SP,279.0
2024,2024_RP_353,325.11,RP,RP,281.2
2024,2024_OF_177,398.93,OF,OF,281.6
2024,2024_SP_301,366.98,SP,SP,283.3
2024,2024_SP_300,377.58,SP,SP,284.9
2024,2024_3B_121,374.11,3B,3B,286.0
2024,2024_RP_348,366.35,RP,RP,286.0
2024,2024_1B_039,412.8,1B,1B,287.5
2024,2024_RP_351,333.56,RP,RP,288.2
2024,2024_2B_082,388.66,2B,2B,288.4
2024,2024_3B_119,354.87,3B,3B,289.4
2024,2024_OF_193,370.43,OF,OF,290.5
2024,2024_SP_304,342.48,SP,SP,291.2
2024,2024_RP_360,298.98,RP,RP;SP,291.6
2024,2024_RP_352,334.25,RP,RP,293.2
2024,2024_OF_209,299.34,OF,OF;1B,293.5
2024,2024_SP_328,334.12,SP,SP,293.7
2024,2024_SP_294,363.24,SP,SP,294.0
2024,2024_C_028,275.77,C,C,296.3
2024,2024_SP_290,342.1,SP,SP;RP,297.1
2024,2024_SP_303,332.5,SP,SP;RP,297.1
2024,2024_OF_227,346.71,OF,OF,298.7
2024,2024_C_015,351.23,C,C,298.8
2024,2024_OF_219,342.24,OF,OF,299.7
2024,2024_OF_215,321.92,OF,OF,300.4
2024,2024_C_024,338.71,C,C,301.3
2024,2024_RP_347,346.63,RP,RP,302.7
2024,2024_OF_228,279.24,OF,OF,303.4
2024,2024_OF_198,372.83,OF,OF,303.5
2024,2024_RP_343,346.2,RP,RP;SP,308.3
2024,2024_3B_129,366.91,3B,3B,309.0
2024,2024_SP_317,306.55,SP,SP,310.2
2024,2024_SP_308,373.19,SP,SP,311.8
2024,2024_RP_365,318.42,RP,RP,314.4
2024,2024_OF_190,369.48,OF,OF,315.3
2024,2024_OF_240,314.63,OF,OF,315.9
2024,2024_SP_315,320.92,SP,SP,318.6
2024,2024_SP_288,379.68,SP,SP,320.3
2024,2024_SP_320,288.26,SP,SP,320.8
2024,2024_OF_196,343.34,OF,OF,322.3
2024,2024_C_022,324.52,C,C,323.2
2024,2024_RP_361,300.42,RP,RP,323.5
2024,2024_OF_212,339.81,OF,OF,324.8
2024,2024_OF_235,311.88,OF,OF,325.3
2024,2024_OF_204,328.98,OF,OF,325.4
2024,2024_OF_194,353.44,OF,OF,326.3
2024,2024_RP_358,340.37,RP,RP,326.6
2024,2024_OF_224,315.32,OF,OF,326.7
2024,2024_RP_355,303.98,RP,RP,326.7
2024,2024_SP_305,314.81,SP,SP;RP,328.3
2024,2024_C_025,353.38,C,C,328.5
2024,2024_C_027,287.17,C,C,328.5
2024,2024_C_018,320.34,C,C,328.9
2024,2024_OF_220,315.63,OF,OF;1B,328.9
2024,2024_RP_370,342.96,RP,RP,331.4
2024,2024_OF_218,369.64,OF,OF,332.3
2024,2024_SP_297,354.55,SP,SP,333.4
2024,2024_RP_366,282.38,RP,RP,334.9
2024,2024_OF_221,292.52,OF,OF,335.7
2024,2024_SP_321,283.24,SP,SP;RP,336.3
2024,2024_SP_322,293.66,SP,SP,337.2
2024,2024_OF_223,329.89,OF,OF;1B,338.7
2024,2024_OF_229,353.14,OF,OF,339.5
2024,2024_OF_232,285.54,OF,OF,345.1
2024,2024_OF_234,298.34,OF,OF,345.2
2024,2024_OF_245,311.52,OF,OF;1B,346.5
2024,2024_RP_371,309.5,RP,RP,346.6
2024,2024_RP_367,269.02,RP,RP,347.9
2024,2024_OF_189,363.34,OF,OF,348.4
2024,2024_OF_213,300.61,OF,OF,348.6
2024,2024_RP_357,299.1,RP,RP,350.0
2024,2024_RP_368,293.65,RP,RP,351.5
2024,2024_RP_362,299.6,RP,RP,351.8
2024,2024_OF_246,294.57,OF,OF,352.0
2024,2024_OF_231,298.43,OF,OF,352.4
2024,2024_OF_214,291.37,OF,OF,355.0
2024,2024_RP_364,311.29,RP,RP;SP,355.0
2024,2024_OF_236,287.7,OF,OF,356.3
2024,2024_OF_225,297.32,OF,OF,357.5
2024,2024_SP_316,274.58,SP,SP,358.4
2024,2024_SP_318,284.65,SP,SP,360.8
2024,2024_SP_323,293.7,SP,SP,362.3
2024,2024_OF_239,242.62,OF,OF,363.0
2024,2024_OF_237,243.13,OF,OF,364.2
2024,2024_OF_230,263.56,OF,OF,365.8
2024,2024_SP_326,279.63,SP,SP,367.7
2024,2024_RP_359,273.69,RP,RP;SP,367.9
2024,2024_OF_238,245.6,OF,OF,370.1
2024,2024_OF_242,212.85,OF,OF,370.7
2024,2024_OF_233,253.76,OF,OF,371.8
2024,2024_OF_222,275.66,OF,OF,372.5
2024,2024_OF_241,192.96,OF,OF,375.1
2024,2024_OF_243,225.73,OF,OF,383.4
2024,2024_RP_372,282.03,RP,RP,386.1
